activity_key,date,sport,country,region,has_gps,interior,source_page
a0001,2019-08-17,Ride,Tanzania,Manyara,1,1,Strava GPS + point-in-polygon (Natural Earth) / nearest TZ city
a0002,2019-08-18,Run,,,0,0,Strava GPS + point-in-polygon (Natural Earth) / nearest TZ city
a0003,2019-08-18,Run,,,0,0,Strava GPS + point-in-polygon (Natural Earth) / nearest TZ city
a0004,2019-08-19,Run,,,0,0,Strava GPS + point-in-polygon (Natural Earth) / nearest TZ city
a0005,2019-08-20,Run,,,0,0,Strava GPS + point-in-polygon (Natural Earth) / nearest TZ city
a0006,2019-08-20,Run,,,0,0,Strava GPS + point-in-polygon (Natural Earth) / nearest TZ city
a0007,2019-08-22,Run,,,0,0,Strava GPS + point-in-polygon (Natural Earth) / nearest TZ city
a0008,2019-08-24,Run,,,0,0,Strava GPS + point-in-polygon (Natural Earth) / nearest TZ city
a0009,2019-08-24,Run,,,0,0,Strava GPS + point-in-polygon (Natural Earth) / nearest TZ city
a0010,2019-08-25,Run,,,0,0,Strava GPS + point-in-polygon (Natural Earth) / nearest TZ city
a0011,2019-08-26,Run,,,0,0,Strava GPS + point-in-polygon (Natural Earth) / nearest TZ city
a0012,2019-09-14,Run,,,0,0,Strava GPS + point-in-polygon (Natural Earth) / nearest TZ city
a0013,2019-09-14,Run,,,0,0,Strava GPS + point-in-polygon (Natural Earth) / nearest TZ city
a0014,2019-09-14,Run,,,0,0,Strava GPS + point-in-polygon (Natural Earth) / nearest TZ city
a0015,2019-09-15,Run,,,0,0,Strava GPS + point-in-polygon (Natural Earth) / nearest TZ city
a0016,2019-09-18,Run,,,0,0,Strava GPS + point-in-polygon (Natural Earth) / nearest TZ city
a0017,2019-09-20,Run,,,0,0,Strava GPS + point-in-polygon (Natural Earth) / nearest TZ city
a0018,2019-09-21,Run,,,0,0,Strava GPS + point-in-polygon (Natural Earth) / nearest TZ city
a0019,2019-09-22,Run,,,0,0,Strava GPS + point-in-polygon (Natural Earth) / nearest TZ city
a0020,2019-09-22,Run,,,0,0,Strava GPS + point-in-polygon (Natural Earth) / nearest TZ city
a0021,2019-10-12,Walk,Tanzania,Dar es Salaam,1,1,Strava GPS + point-in-polygon (Natural Earth) / nearest TZ city
a0022,2019-10-13,Walk,Tanzania,Dar es Salaam,1,1,Strava GPS + point-in-polygon (Natural Earth) / nearest TZ city
a0023,2019-11-03,GravelRide,Tanzania,Arusha,1,1,Strava GPS + point-in-polygon (Natural Earth) / nearest TZ city
a0024,2019-12-01,Run,,,0,0,Strava GPS + point-in-polygon (Natural Earth) / nearest TZ city
a0025,2019-12-06,Run,,,0,0,Strava GPS + point-in-polygon (Natural Earth) / nearest TZ city
a0026,2019-12-09,Run,,,0,0,Strava GPS + point-in-polygon (Natural Earth) / nearest TZ city
a0027,2019-12-11,Run,,,0,0,Strava GPS + point-in-polygon (Natural Earth) / nearest TZ city
a0028,2020-01-11,Run,,,0,0,Strava GPS + point-in-polygon (Natural Earth) / nearest TZ city
a0029,2020-01-14,Ride,Tanzania,Arusha,1,1,Strava GPS + point-in-polygon (Natural Earth) / nearest TZ city
a0030,2020-03-22,Run,,,0,0,Strava GPS + point-in-polygon (Natural Earth) / nearest TZ city
a0031,2020-03-25,Run,,,0,0,Strava GPS + point-in-polygon (Natural Earth) / nearest TZ city
a0032,2020-03-28,Run,,,0,0,Strava GPS + point-in-polygon (Natural Earth) / nearest TZ city
a0033,2020-05-14,Walk,Tanzania,Dar es Salaam,1,0,Strava GPS + point-in-polygon (Natural Earth) / nearest TZ city
a0034,2020-05-16,Walk,Tanzania,Dar es Salaam,1,0,Strava GPS + point-in-polygon (Natural Earth) / nearest TZ city
a0035,2020-05-18,Run,,,0,0,Strava GPS + point-in-polygon (Natural Earth) / nearest TZ city
a0036,2020-05-18,Run,,,0,0,Strava GPS + point-in-polygon (Natural Earth) / nearest TZ city
a0037,2020-05-19,Run,,,0,0,Strava GPS + point-in-polygon (Natural Earth) / nearest TZ city
a0038,2020-05-20,Run,,,0,0,Strava GPS + point-in-polygon (Natural Earth) / nearest TZ city
a0039,2020-05-26,Run,,,0,0,Strava GPS + point-in-polygon (Natural Earth) / nearest TZ city
a0040,2020-05-26,Run,,,0,0,Strava GPS + point-in-polygon (Natural Earth) / nearest TZ city
a0041,2020-05-27,Run,,,0,0,Strava GPS + point-in-polygon (Natural Earth) / nearest TZ city
a0042,2020-05-30,Run,,,0,0,Strava GPS + point-in-polygon (Natural Earth) / nearest TZ city
a0043,2020-06-01,Run,,,0,0,Strava GPS + point-in-polygon (Natural Earth) / nearest TZ city
a0044,2020-06-05,Run,,,0,0,Strava GPS + point-in-polygon (Natural Earth) / nearest TZ city
a0045,2020-06-05,Run,,,0,0,Strava GPS + point-in-polygon (Natural Earth) / nearest TZ city
a0046,2020-06-06,Run,,,0,0,Strava GPS + point-in-polygon (Natural Earth) / nearest TZ city
a0047,2020-06-11,Run,,,0,0,Strava GPS + point-in-polygon (Natural Earth) / nearest TZ city
a0048,2020-06-11,Run,,,0,0,Strava GPS + point-in-polygon (Natural Earth) / nearest TZ city
a0049,2020-06-12,Run,,,0,0,Strava GPS + point-in-polygon (Natural Earth) / nearest TZ city
a0050,2020-06-14,Ride,Tanzania,Dar es Salaam,1,0,Strava GPS + point-in-polygon (Natural Earth) / nearest TZ city
a0051,2020-06-18,Run,,,0,0,Strava GPS + point-in-polygon (Natural Earth) / nearest TZ city
a0052,2020-06-20,Run,,,0,0,Strava GPS + point-in-polygon (Natural Earth) / nearest TZ city
a0053,2020-06-21,Run,,,0,0,Strava GPS + point-in-polygon (Natural Earth) / nearest TZ city
a0054,2020-06-24,Run,,,0,0,Strava GPS + point-in-polygon (Natural Earth) / nearest TZ city
a0055,2020-06-24,Run,,,0,0,Strava GPS + point-in-polygon (Natural Earth) / nearest TZ city
a0056,2020-06-29,Run,,,0,0,Strava GPS + point-in-polygon (Natural Earth) / nearest TZ city
a0057,2020-06-30,Ride,Tanzania,Arusha,1,1,Strava GPS + point-in-polygon (Natural Earth) / nearest TZ city
a0058,2020-07-04,Run,,,0,0,Strava GPS + point-in-polygon (Natural Earth) / nearest TZ city
a0059,2020-07-05,Ride,Tanzania,Arusha,1,1,Strava GPS + point-in-polygon (Natural Earth) / nearest TZ city
a0060,2020-07-07,Ride,Tanzania,Arusha,1,1,Strava GPS + point-in-polygon (Natural Earth) / nearest TZ city
a0061,2020-07-07,Ride,Kenya,,1,1,Strava GPS + point-in-polygon (Natural Earth) / nearest TZ city
a0062,2020-07-08,Ride,Tanzania,Arusha,1,1,Strava GPS + point-in-polygon (Natural Earth) / nearest TZ city
a0063,2021-06-27,Run,,,0,0,Strava GPS + point-in-polygon (Natural Earth) / nearest TZ city
a0064,2021-06-29,Run,,,0,0,Strava GPS + point-in-polygon (Natural Earth) / nearest TZ city
a0065,2021-07-02,Run,,,0,0,Strava GPS + point-in-polygon (Natural Earth) / nearest TZ city
a0066,2021-07-03,Run,,,0,0,Strava GPS + point-in-polygon (Natural Earth) / nearest TZ city
a0067,2021-07-04,Run,,,0,0,Strava GPS + point-in-polygon (Natural Earth) / nearest TZ city
a0068,2021-07-05,Run,,,0,0,Strava GPS + point-in-polygon (Natural Earth) / nearest TZ city
a0069,2021-07-06,Run,,,0,0,Strava GPS + point-in-polygon (Natural Earth) / nearest TZ city
a0070,2021-07-06,Walk,Tanzania,Kilimanjaro,1,1,Strava GPS + point-in-polygon (Natural Earth) / nearest TZ city
a0071,2021-07-07,Run,,,0,0,Strava GPS + point-in-polygon (Natural Earth) / nearest TZ city
a0072,2021-07-07,Walk,Tanzania,Kilimanjaro,1,1,Strava GPS + point-in-polygon (Natural Earth) / nearest TZ city
a0073,2021-07-08,Run,,,0,0,Strava GPS + point-in-polygon (Natural Earth) / nearest TZ city
a0074,2021-07-08,Walk,Tanzania,Kilimanjaro,1,1,Strava GPS + point-in-polygon (Natural Earth) / nearest TZ city
a0075,2021-07-08,Ride,Tanzania,Kilimanjaro,1,1,Strava GPS + point-in-polygon (Natural Earth) / nearest TZ city
a0076,2021-07-09,Run,,,0,0,Strava GPS + point-in-polygon (Natural Earth) / nearest TZ city
a0077,2021-07-10,Run,,,0,0,Strava GPS + point-in-polygon (Natural Earth) / nearest TZ city
a0078,2021-07-11,Run,,,0,0,Strava GPS + point-in-polygon (Natural Earth) / nearest TZ city
a0079,2021-07-12,Run,,,0,0,Strava GPS + point-in-polygon (Natural Earth) / nearest TZ city
a0080,2021-07-13,Run,,,0,0,Strava GPS + point-in-polygon (Natural Earth) / nearest TZ city
a0081,2021-07-13,Walk,Tanzania,Arusha,1,1,Strava GPS + point-in-polygon (Natural Earth) / nearest TZ city
a0082,2021-07-13,Walk,Tanzania,Arusha,1,1,Strava GPS + point-in-polygon (Natural Earth) / nearest TZ city
a0083,2021-07-14,Run,,,0,0,Strava GPS + point-in-polygon (Natural Earth) / nearest TZ city
a0084,2021-07-14,Walk,Tanzania,Arusha,1,1,Strava GPS + point-in-polygon (Natural Earth) / nearest TZ city
a0085,2021-07-14,Walk,Tanzania,Arusha,1,1,Strava GPS + point-in-polygon (Natural Earth) / nearest TZ city
a0086,2021-07-15,Run,,,0,0,Strava GPS + point-in-polygon (Natural Earth) / nearest TZ city
a0087,2021-07-15,Walk,Tanzania,Arusha,1,1,Strava GPS + point-in-polygon (Natural Earth) / nearest TZ city
a0088,2021-07-15,Run,,,0,0,Strava GPS + point-in-polygon (Natural Earth) / nearest TZ city
a0089,2021-07-16,Walk,Tanzania,Kilimanjaro,1,1,Strava GPS + point-in-polygon (Natural Earth) / nearest TZ city
a0090,2021-07-16,Walk,Tanzania,Arusha,1,1,Strava GPS + point-in-polygon (Natural Earth) / nearest TZ city
a0091,2021-07-16,Walk,Tanzania,Kilimanjaro,1,1,Strava GPS + point-in-polygon (Natural Earth) / nearest TZ city
a0092,2021-07-17,Run,,,0,0,Strava GPS + point-in-polygon (Natural Earth) / nearest TZ city
a0093,2021-07-17,Walk,Tanzania,Kilimanjaro,1,1,Strava GPS + point-in-polygon (Natural Earth) / nearest TZ city
a0094,2021-07-17,Walk,Tanzania,Kilimanjaro,1,1,Strava GPS + point-in-polygon (Natural Earth) / nearest TZ city
a0095,2021-07-17,Walk,Tanzania,Kilimanjaro,1,1,Strava GPS + point-in-polygon (Natural Earth) / nearest TZ city
a0096,2021-07-17,Walk,Tanzania,Kilimanjaro,1,1,Strava GPS + point-in-polygon (Natural Earth) / nearest TZ city
a0097,2021-07-18,Run,,,0,0,Strava GPS + point-in-polygon (Natural Earth) / nearest TZ city
a0098,2021-07-18,Walk,Tanzania,Dodoma,1,1,Strava GPS + point-in-polygon (Natural Earth) / nearest TZ city
a0099,2021-07-19,Run,,,0,0,Strava GPS + point-in-polygon (Natural Earth) / nearest TZ city
a0100,2021-07-19,Walk,Tanzania,Dodoma,1,1,Strava GPS + point-in-polygon (Natural Earth) / nearest TZ city
a0101,2021-07-20,Run,,,0,0,Strava GPS + point-in-polygon (Natural Earth) / nearest TZ city
a0102,2021-07-20,Walk,Tanzania,Dar es Salaam,1,1,Strava GPS + point-in-polygon (Natural Earth) / nearest TZ city
a0103,2021-07-21,Run,,,0,0,Strava GPS + point-in-polygon (Natural Earth) / nearest TZ city
a0104,2021-07-22,Run,,,0,0,Strava GPS + point-in-polygon (Natural Earth) / nearest TZ city
a0105,2021-07-23,Run,,,0,0,Strava GPS + point-in-polygon (Natural Earth) / nearest TZ city
a0106,2021-07-24,Run,,,0,0,Strava GPS + point-in-polygon (Natural Earth) / nearest TZ city
a0107,2021-07-24,Walk,Tanzania,Dar es Salaam,1,1,Strava GPS + point-in-polygon (Natural Earth) / nearest TZ city
a0108,2021-07-24,Walk,Tanzania,Dar es Salaam,1,1,Strava GPS + point-in-polygon (Natural Earth) / nearest TZ city
a0109,2021-07-25,Walk,Tanzania,Morogoro,1,1,Strava GPS + point-in-polygon (Natural Earth) / nearest TZ city
a0110,2021-07-25,Run,,,0,0,Strava GPS + point-in-polygon (Natural Earth) / nearest TZ city
a0111,2021-07-25,Walk,Tanzania,Morogoro,1,1,Strava GPS + point-in-polygon (Natural Earth) / nearest TZ city
a0112,2021-07-26,Run,,,0,0,Strava GPS + point-in-polygon (Natural Earth) / nearest TZ city
a0113,2021-07-26,Walk,Tanzania,Morogoro,1,1,Strava GPS + point-in-polygon (Natural Earth) / nearest TZ city
a0114,2021-07-26,Walk,Tanzania,Morogoro,1,1,Strava GPS + point-in-polygon (Natural Earth) / nearest TZ city
a0115,2021-07-27,Run,,,0,0,Strava GPS + point-in-polygon (Natural Earth) / nearest TZ city
a0116,2021-07-27,Walk,Tanzania,Morogoro,1,1,Strava GPS + point-in-polygon (Natural Earth) / nearest TZ city
a0117,2021-07-28,Run,,,0,0,Strava GPS + point-in-polygon (Natural Earth) / nearest TZ city
a0118,2021-07-28,Walk,Tanzania,Morogoro,1,1,Strava GPS + point-in-polygon (Natural Earth) / nearest TZ city
a0119,2021-07-29,Walk,Tanzania,Morogoro,1,1,Strava GPS + point-in-polygon (Natural Earth) / nearest TZ city
a0120,2021-07-29,Run,,,0,0,Strava GPS + point-in-polygon (Natural Earth) / nearest TZ city
a0121,2021-07-30,Run,,,0,0,Strava GPS + point-in-polygon (Natural Earth) / nearest TZ city
a0122,2021-07-31,Run,,,0,0,Strava GPS + point-in-polygon (Natural Earth) / nearest TZ city
a0123,2021-08-01,Walk,Tanzania,Dodoma,1,1,Strava GPS + point-in-polygon (Natural Earth) / nearest TZ city
a0124,2021-08-01,Run,,,0,0,Strava GPS + point-in-polygon (Natural Earth) / nearest TZ city
a0125,2021-08-02,Walk,Tanzania,Dodoma,1,1,Strava GPS + point-in-polygon (Natural Earth) / nearest TZ city
a0126,2021-08-02,Walk,Tanzania,Dodoma,1,1,Strava GPS + point-in-polygon (Natural Earth) / nearest TZ city
a0127,2021-08-02,Run,,,0,0,Strava GPS + point-in-polygon (Natural Earth) / nearest TZ city
a0128,2021-08-03,Walk,Tanzania,Dodoma,1,1,Strava GPS + point-in-polygon (Natural Earth) / nearest TZ city
a0129,2021-08-03,Run,,,0,0,Strava GPS + point-in-polygon (Natural Earth) / nearest TZ city
a0130,2021-08-04,Run,,,0,0,Strava GPS + point-in-polygon (Natural Earth) / nearest TZ city
a0131,2021-08-04,Walk,Tanzania,Dodoma,1,1,Strava GPS + point-in-polygon (Natural Earth) / nearest TZ city
a0132,2021-08-04,Walk,Tanzania,Dodoma,1,1,Strava GPS + point-in-polygon (Natural Earth) / nearest TZ city
a0133,2021-08-05,Walk,Tanzania,Dodoma,1,1,Strava GPS + point-in-polygon (Natural Earth) / nearest TZ city
a0134,2021-08-05,Run,,,0,0,Strava GPS + point-in-polygon (Natural Earth) / nearest TZ city
a0135,2021-08-05,Walk,Tanzania,Dodoma,1,1,Strava GPS + point-in-polygon (Natural Earth) / nearest TZ city
a0136,2021-08-06,Run,,,0,0,Strava GPS + point-in-polygon (Natural Earth) / nearest TZ city
a0137,2021-08-06,Walk,Tanzania,Dodoma,1,1,Strava GPS + point-in-polygon (Natural Earth) / nearest TZ city
a0138,2021-08-07,Walk,Tanzania,Dodoma,1,1,Strava GPS + point-in-polygon (Natural Earth) / nearest TZ city
a0139,2021-08-07,Run,,,0,0,Strava GPS + point-in-polygon (Natural Earth) / nearest TZ city
a0140,2021-08-08,Walk,Tanzania,Dodoma,1,1,Strava GPS + point-in-polygon (Natural Earth) / nearest TZ city
a0141,2021-08-09,Run,,,0,0,Strava GPS + point-in-polygon (Natural Earth) / nearest TZ city
a0142,2021-08-09,Walk,Tanzania,Dodoma,1,1,Strava GPS + point-in-polygon (Natural Earth) / nearest TZ city
a0143,2021-08-10,Walk,Tanzania,Dodoma,1,1,Strava GPS + point-in-polygon (Natural Earth) / nearest TZ city
a0144,2021-08-10,Walk,Tanzania,Dodoma,1,1,Strava GPS + point-in-polygon (Natural Earth) / nearest TZ city
a0145,2021-08-10,Walk,Tanzania,Dodoma,1,1,Strava GPS + point-in-polygon (Natural Earth) / nearest TZ city
a0146,2021-08-10,Run,,,0,0,Strava GPS + point-in-polygon (Natural Earth) / nearest TZ city
a0147,2021-08-11,Walk,Tanzania,Dodoma,1,1,Strava GPS + point-in-polygon (Natural Earth) / nearest TZ city
a0148,2021-08-11,Run,,,0,0,Strava GPS + point-in-polygon (Natural Earth) / nearest TZ city
a0149,2021-08-12,Run,,,0,0,Strava GPS + point-in-polygon (Natural Earth) / nearest TZ city
a0150,2021-08-13,Run,,,0,0,Strava GPS + point-in-polygon (Natural Earth) / nearest TZ city
a0151,2021-08-13,Walk,Tanzania,Dodoma,1,1,Strava GPS + point-in-polygon (Natural Earth) / nearest TZ city
a0152,2021-08-14,Run,,,0,0,Strava GPS + point-in-polygon (Natural Earth) / nearest TZ city
a0153,2021-08-15,Walk,Tanzania,Dodoma,1,1,Strava GPS + point-in-polygon (Natural Earth) / nearest TZ city
a0154,2021-08-15,Run,,,0,0,Strava GPS + point-in-polygon (Natural Earth) / nearest TZ city
a0155,2021-08-16,Walk,Tanzania,Dodoma,1,1,Strava GPS + point-in-polygon (Natural Earth) / nearest TZ city
a0156,2021-08-16,Run,,,0,0,Strava GPS + point-in-polygon (Natural Earth) / nearest TZ city
a0157,2021-08-18,Run,,,0,0,Strava GPS + point-in-polygon (Natural Earth) / nearest TZ city
a0158,2021-08-18,Walk,Tanzania,Morogoro,1,1,Strava GPS + point-in-polygon (Natural Earth) / nearest TZ city
a0159,2021-08-19,Run,,,0,0,Strava GPS + point-in-polygon (Natural Earth) / nearest TZ city
a0160,2021-08-19,Run,,,0,0,Strava GPS + point-in-polygon (Natural Earth) / nearest TZ city
a0161,2021-08-20,Walk,Tanzania,Morogoro,1,1,Strava GPS + point-in-polygon (Natural Earth) / nearest TZ city
a0162,2021-08-20,Run,,,0,0,Strava GPS + point-in-polygon (Natural Earth) / nearest TZ city
a0163,2021-08-21,Walk,Tanzania,Morogoro,1,1,Strava GPS + point-in-polygon (Natural Earth) / nearest TZ city
a0164,2021-08-21,Run,,,0,0,Strava GPS + point-in-polygon (Natural Earth) / nearest TZ city
a0165,2021-08-22,Run,,,0,0,Strava GPS + point-in-polygon (Natural Earth) / nearest TZ city
a0166,2021-08-22,Walk,Tanzania,Dodoma,1,1,Strava GPS + point-in-polygon (Natural Earth) / nearest TZ city
a0167,2021-08-22,Walk,Tanzania,Dodoma,1,1,Strava GPS + point-in-polygon (Natural Earth) / nearest TZ city
a0168,2021-08-23,Run,,,0,0,Strava GPS + point-in-polygon (Natural Earth) / nearest TZ city
a0169,2021-08-25,Run,,,0,0,Strava GPS + point-in-polygon (Natural Earth) / nearest TZ city
a0170,2021-08-25,Run,,,0,0,Strava GPS + point-in-polygon (Natural Earth) / nearest TZ city
a0171,2021-08-26,Run,,,0,0,Strava GPS + point-in-polygon (Natural Earth) / nearest TZ city
a0172,2021-08-26,Run,,,0,0,Strava GPS + point-in-polygon (Natural Earth) / nearest TZ city
a0173,2021-08-27,Run,,,0,0,Strava GPS + point-in-polygon (Natural Earth) / nearest TZ city
a0174,2021-08-27,Walk,Tanzania,Dodoma,1,1,Strava GPS + point-in-polygon (Natural Earth) / nearest TZ city
a0175,2021-08-27,Walk,Tanzania,Dodoma,1,1,Strava GPS + point-in-polygon (Natural Earth) / nearest TZ city
a0176,2021-08-28,Run,,,0,0,Strava GPS + point-in-polygon (Natural Earth) / nearest TZ city
a0177,2021-08-29,Run,,,0,0,Strava GPS + point-in-polygon (Natural Earth) / nearest TZ city
a0178,2021-08-29,Walk,Tanzania,Dodoma,1,1,Strava GPS + point-in-polygon (Natural Earth) / nearest TZ city
a0179,2021-08-29,Walk,Tanzania,Dodoma,1,1,Strava GPS + point-in-polygon (Natural Earth) / nearest TZ city
a0180,2021-08-30,Run,,,0,0,Strava GPS + point-in-polygon (Natural Earth) / nearest TZ city
a0181,2021-08-31,Run,,,0,0,Strava GPS + point-in-polygon (Natural Earth) / nearest TZ city
a0182,2021-09-01,Run,,,0,0,Strava GPS + point-in-polygon (Natural Earth) / nearest TZ city
a0183,2021-09-01,Walk,Tanzania,Morogoro,1,1,Strava GPS + point-in-polygon (Natural Earth) / nearest TZ city
a0184,2021-09-02,Run,,,0,0,Strava GPS + point-in-polygon (Natural Earth) / nearest TZ city
a0185,2021-09-02,Walk,Tanzania,Morogoro,1,1,Strava GPS + point-in-polygon (Natural Earth) / nearest TZ city
a0186,2021-09-03,Run,,,0,0,Strava GPS + point-in-polygon (Natural Earth) / nearest TZ city
a0187,2021-09-03,Walk,Tanzania,Morogoro,1,1,Strava GPS + point-in-polygon (Natural Earth) / nearest TZ city
a0188,2021-09-04,Run,,,0,0,Strava GPS + point-in-polygon (Natural Earth) / nearest TZ city
a0189,2021-09-05,Walk,Tanzania,Dodoma,1,1,Strava GPS + point-in-polygon (Natural Earth) / nearest TZ city
a0190,2021-09-05,Walk,Tanzania,Dodoma,1,1,Strava GPS + point-in-polygon (Natural Earth) / nearest TZ city
a0191,2021-09-06,Run,Tanzania,Dodoma,1,1,Strava GPS + point-in-polygon (Natural Earth) / nearest TZ city
a0192,2021-09-07,Run,,,0,0,Strava GPS + point-in-polygon (Natural Earth) / nearest TZ city
a0193,2021-09-08,Walk,Tanzania,Dodoma,1,1,Strava GPS + point-in-polygon (Natural Earth) / nearest TZ city
a0194,2021-09-08,Run,Tanzania,Dodoma,1,1,Strava GPS + point-in-polygon (Natural Earth) / nearest TZ city
a0195,2021-09-08,Walk,Tanzania,Dodoma,1,1,Strava GPS + point-in-polygon (Natural Earth) / nearest TZ city
a0196,2021-09-09,Run,,,0,0,Strava GPS + point-in-polygon (Natural Earth) / nearest TZ city
a0197,2021-09-09,Walk,Tanzania,Dodoma,1,1,Strava GPS + point-in-polygon (Natural Earth) / nearest TZ city
a0198,2021-09-10,Run,,,0,0,Strava GPS + point-in-polygon (Natural Earth) / nearest TZ city
a0199,2021-09-11,Run,,,0,0,Strava GPS + point-in-polygon (Natural Earth) / nearest TZ city
a0200,2021-09-12,Run,,,0,0,Strava GPS + point-in-polygon (Natural Earth) / nearest TZ city
a0201,2021-09-12,Run,,,0,0,Strava GPS + point-in-polygon (Natural Earth) / nearest TZ city
a0202,2021-09-13,Run,,,0,0,Strava GPS + point-in-polygon (Natural Earth) / nearest TZ city
a0203,2021-09-14,Walk,Tanzania,Dodoma,1,1,Strava GPS + point-in-polygon (Natural Earth) / nearest TZ city
a0204,2021-09-14,Run,,,0,0,Strava GPS + point-in-polygon (Natural Earth) / nearest TZ city
a0205,2021-09-15,Run,,,0,0,Strava GPS + point-in-polygon (Natural Earth) / nearest TZ city
a0206,2021-09-16,Run,,,0,0,Strava GPS + point-in-polygon (Natural Earth) / nearest TZ city
a0207,2021-09-16,Walk,Tanzania,Dodoma,1,1,Strava GPS + point-in-polygon (Natural Earth) / nearest TZ city
a0208,2021-09-17,Walk,Tanzania,Dodoma,1,1,Strava GPS + point-in-polygon (Natural Earth) / nearest TZ city
a0209,2021-09-18,Walk,Tanzania,Dodoma,1,1,Strava GPS + point-in-polygon (Natural Earth) / nearest TZ city
a0210,2021-09-18,Walk,Tanzania,Dodoma,1,1,Strava GPS + point-in-polygon (Natural Earth) / nearest TZ city
a0211,2021-09-19,Run,,,0,0,Strava GPS + point-in-polygon (Natural Earth) / nearest TZ city
a0212,2021-09-20,Run,,,0,0,Strava GPS + point-in-polygon (Natural Earth) / nearest TZ city
a0213,2021-09-20,Walk,Tanzania,Morogoro,1,1,Strava GPS + point-in-polygon (Natural Earth) / nearest TZ city
a0214,2021-09-21,Run,,,0,0,Strava GPS + point-in-polygon (Natural Earth) / nearest TZ city
a0215,2021-09-21,Walk,Tanzania,Morogoro,1,1,Strava GPS + point-in-polygon (Natural Earth) / nearest TZ city
a0216,2021-09-22,Run,,,0,0,Strava GPS + point-in-polygon (Natural Earth) / nearest TZ city
a0217,2021-09-23,Run,,,0,0,Strava GPS + point-in-polygon (Natural Earth) / nearest TZ city
a0218,2021-09-24,Run,,,0,0,Strava GPS + point-in-polygon (Natural Earth) / nearest TZ city
a0219,2021-09-24,Walk,Tanzania,Morogoro,1,1,Strava GPS + point-in-polygon (Natural Earth) / nearest TZ city
a0220,2021-09-25,Run,,,0,0,Strava GPS + point-in-polygon (Natural Earth) / nearest TZ city
a0221,2021-09-26,Run,,,0,0,Strava GPS + point-in-polygon (Natural Earth) / nearest TZ city
a0222,2021-09-26,Walk,Tanzania,Morogoro,1,1,Strava GPS + point-in-polygon (Natural Earth) / nearest TZ city
a0223,2021-09-27,Run,,,0,0,Strava GPS + point-in-polygon (Natural Earth) / nearest TZ city
a0224,2021-09-28,Run,,,0,0,Strava GPS + point-in-polygon (Natural Earth) / nearest TZ city
a0225,2021-09-29,Walk,Tanzania,Dodoma,1,1,Strava GPS + point-in-polygon (Natural Earth) / nearest TZ city
a0226,2021-09-29,Walk,Tanzania,Dodoma,1,1,Strava GPS + point-in-polygon (Natural Earth) / nearest TZ city
a0227,2021-09-30,Walk,Tanzania,Dodoma,1,1,Strava GPS + point-in-polygon (Natural Earth) / nearest TZ city
a0228,2021-09-30,Run,,,0,0,Strava GPS + point-in-polygon (Natural Earth) / nearest TZ city
a0229,2021-10-01,Run,,,0,0,Strava GPS + point-in-polygon (Natural Earth) / nearest TZ city
a0230,2021-10-01,Walk,Tanzania,Dodoma,1,1,Strava GPS + point-in-polygon (Natural Earth) / nearest TZ city
a0231,2021-10-02,Run,Tanzania,Dodoma,1,1,Strava GPS + point-in-polygon (Natural Earth) / nearest TZ city
a0232,2021-10-02,Walk,Tanzania,Dodoma,1,1,Strava GPS + point-in-polygon (Natural Earth) / nearest TZ city
a0233,2021-10-02,Walk,Tanzania,Dodoma,1,1,Strava GPS + point-in-polygon (Natural Earth) / nearest TZ city
a0234,2021-10-02,Walk,Tanzania,Dodoma,1,1,Strava GPS + point-in-polygon (Natural Earth) / nearest TZ city
a0235,2021-10-02,Walk,Tanzania,Dodoma,1,1,Strava GPS + point-in-polygon (Natural Earth) / nearest TZ city
a0236,2021-10-03,Run,,,0,0,Strava GPS + point-in-polygon (Natural Earth) / nearest TZ city
a0237,2021-10-04,Walk,Tanzania,Dodoma,1,1,Strava GPS + point-in-polygon (Natural Earth) / nearest TZ city
a0238,2021-10-04,Run,,,0,0,Strava GPS + point-in-polygon (Natural Earth) / nearest TZ city
a0239,2021-10-05,Run,Tanzania,Dodoma,1,1,Strava GPS + point-in-polygon (Natural Earth) / nearest TZ city
a0240,2021-10-05,Walk,Tanzania,Dodoma,1,1,Strava GPS + point-in-polygon (Natural Earth) / nearest TZ city
a0241,2021-10-05,Run,,,0,0,Strava GPS + point-in-polygon (Natural Earth) / nearest TZ city
a0242,2021-10-06,Run,,,0,0,Strava GPS + point-in-polygon (Natural Earth) / nearest TZ city
a0243,2021-10-07,Run,,,0,0,Strava GPS + point-in-polygon (Natural Earth) / nearest TZ city
a0244,2021-10-07,Walk,Tanzania,Dodoma,1,1,Strava GPS + point-in-polygon (Natural Earth) / nearest TZ city
a0245,2021-10-08,Walk,Tanzania,Dodoma,1,1,Strava GPS + point-in-polygon (Natural Earth) / nearest TZ city
a0246,2021-10-08,Run,,,0,0,Strava GPS + point-in-polygon (Natural Earth) / nearest TZ city
a0247,2021-10-09,Run,,,0,0,Strava GPS + point-in-polygon (Natural Earth) / nearest TZ city
a0248,2021-10-10,Run,Tanzania,Dodoma,1,1,Strava GPS + point-in-polygon (Natural Earth) / nearest TZ city
a0249,2021-10-10,Walk,Tanzania,Dodoma,1,1,Strava GPS + point-in-polygon (Natural Earth) / nearest TZ city
a0250,2021-10-10,Walk,Tanzania,Dodoma,1,1,Strava GPS + point-in-polygon (Natural Earth) / nearest TZ city
a0251,2021-10-11,Run,,,0,0,Strava GPS + point-in-polygon (Natural Earth) / nearest TZ city
a0252,2021-10-12,Run,,,0,0,Strava GPS + point-in-polygon (Natural Earth) / nearest TZ city
a0253,2021-10-13,Run,,,0,0,Strava GPS + point-in-polygon (Natural Earth) / nearest TZ city
a0254,2021-10-14,Walk,Tanzania,Dar es Salaam,1,1,Strava GPS + point-in-polygon (Natural Earth) / nearest TZ city
a0255,2021-10-14,Run,,,0,0,Strava GPS + point-in-polygon (Natural Earth) / nearest TZ city
a0256,2021-10-15,Run,,,0,0,Strava GPS + point-in-polygon (Natural Earth) / nearest TZ city
a0257,2021-10-16,Walk,Tanzania,Dar es Salaam,1,1,Strava GPS + point-in-polygon (Natural Earth) / nearest TZ city
a0258,2021-10-16,Walk,Tanzania,Dar es Salaam,1,1,Strava GPS + point-in-polygon (Natural Earth) / nearest TZ city
a0259,2021-10-16,Walk,Tanzania,Dar es Salaam,1,1,Strava GPS + point-in-polygon (Natural Earth) / nearest TZ city
a0260,2021-10-17,Walk,Tanzania,Dodoma,1,1,Strava GPS + point-in-polygon (Natural Earth) / nearest TZ city
a0261,2021-10-17,Walk,Tanzania,Dodoma,1,1,Strava GPS + point-in-polygon (Natural Earth) / nearest TZ city
a0262,2021-10-18,Run,,,0,0,Strava GPS + point-in-polygon (Natural Earth) / nearest TZ city
a0263,2021-10-19,Walk,Tanzania,Dodoma,1,1,Strava GPS + point-in-polygon (Natural Earth) / nearest TZ city
a0264,2021-10-20,Run,,,0,0,Strava GPS + point-in-polygon (Natural Earth) / nearest TZ city
a0265,2021-10-21,Run,,,0,0,Strava GPS + point-in-polygon (Natural Earth) / nearest TZ city
a0266,2021-10-22,Walk,Tanzania,Dodoma,1,1,Strava GPS + point-in-polygon (Natural Earth) / nearest TZ city
a0267,2021-10-22,Run,Tanzania,Dodoma,1,1,Strava GPS + point-in-polygon (Natural Earth) / nearest TZ city
a0268,2021-10-22,Walk,Tanzania,Dodoma,1,1,Strava GPS + point-in-polygon (Natural Earth) / nearest TZ city
a0269,2021-10-22,Run,Tanzania,Dodoma,1,1,Strava GPS + point-in-polygon (Natural Earth) / nearest TZ city
a0270,2021-10-22,Walk,Tanzania,Dodoma,1,1,Strava GPS + point-in-polygon (Natural Earth) / nearest TZ city
a0271,2021-10-23,Walk,Tanzania,Mwanza,1,1,Strava GPS + point-in-polygon (Natural Earth) / nearest TZ city
a0272,2021-10-23,Walk,Tanzania,Mwanza,1,1,Strava GPS + point-in-polygon (Natural Earth) / nearest TZ city
a0273,2021-10-23,Walk,Tanzania,Mwanza,1,1,Strava GPS + point-in-polygon (Natural Earth) / nearest TZ city
a0274,2021-10-24,Walk,Tanzania,Mwanza,1,1,Strava GPS + point-in-polygon (Natural Earth) / nearest TZ city
a0275,2021-10-24,Run,Tanzania,Mwanza,1,1,Strava GPS + point-in-polygon (Natural Earth) / nearest TZ city
a0276,2021-10-25,Run,,,0,0,Strava GPS + point-in-polygon (Natural Earth) / nearest TZ city
a0277,2021-10-26,Run,,,0,0,Strava GPS + point-in-polygon (Natural Earth) / nearest TZ city
a0278,2021-10-27,Walk,Tanzania,Dodoma,1,1,Strava GPS + point-in-polygon (Natural Earth) / nearest TZ city
a0279,2021-10-27,Run,,,0,0,Strava GPS + point-in-polygon (Natural Earth) / nearest TZ city
a0280,2021-10-28,Run,,,0,0,Strava GPS + point-in-polygon (Natural Earth) / nearest TZ city
a0281,2021-10-28,Walk,Tanzania,Dodoma,1,1,Strava GPS + point-in-polygon (Natural Earth) / nearest TZ city
a0282,2021-10-29,Walk,Tanzania,Dodoma,1,1,Strava GPS + point-in-polygon (Natural Earth) / nearest TZ city
a0283,2021-10-29,Run,,,0,0,Strava GPS + point-in-polygon (Natural Earth) / nearest TZ city
a0284,2021-10-30,Walk,Tanzania,Dodoma,1,1,Strava GPS + point-in-polygon (Natural Earth) / nearest TZ city
a0285,2021-10-31,Walk,Tanzania,Dodoma,1,1,Strava GPS + point-in-polygon (Natural Earth) / nearest TZ city
a0286,2021-10-31,Walk,Tanzania,Dodoma,1,1,Strava GPS + point-in-polygon (Natural Earth) / nearest TZ city
a0287,2021-10-31,Run,,,0,0,Strava GPS + point-in-polygon (Natural Earth) / nearest TZ city
a0288,2021-11-01,Run,,,0,0,Strava GPS + point-in-polygon (Natural Earth) / nearest TZ city
a0289,2021-11-01,Walk,Tanzania,Dodoma,1,1,Strava GPS + point-in-polygon (Natural Earth) / nearest TZ city
a0290,2021-11-02,Run,,,0,0,Strava GPS + point-in-polygon (Natural Earth) / nearest TZ city
a0291,2021-11-02,Walk,Tanzania,Dodoma,1,1,Strava GPS + point-in-polygon (Natural Earth) / nearest TZ city
a0292,2021-11-03,Run,,,0,0,Strava GPS + point-in-polygon (Natural Earth) / nearest TZ city
a0293,2021-11-03,Run,,,0,0,Strava GPS + point-in-polygon (Natural Earth) / nearest TZ city
a0294,2021-11-04,Run,,,0,0,Strava GPS + point-in-polygon (Natural Earth) / nearest TZ city
a0295,2021-11-05,Walk,Tanzania,Dodoma,1,1,Strava GPS + point-in-polygon (Natural Earth) / nearest TZ city
a0296,2021-11-05,Run,,,0,0,Strava GPS + point-in-polygon (Natural Earth) / nearest TZ city
a0297,2021-11-05,Run,,,0,0,Strava GPS + point-in-polygon (Natural Earth) / nearest TZ city
a0298,2021-11-06,Run,,,0,0,Strava GPS + point-in-polygon (Natural Earth) / nearest TZ city
a0299,2021-11-06,Walk,Tanzania,Dodoma,1,1,Strava GPS + point-in-polygon (Natural Earth) / nearest TZ city
a0300,2021-11-06,Walk,Tanzania,Dodoma,1,1,Strava GPS + point-in-polygon (Natural Earth) / nearest TZ city
a0301,2021-11-06,Walk,Tanzania,Dodoma,1,1,Strava GPS + point-in-polygon (Natural Earth) / nearest TZ city
a0302,2021-11-06,Walk,Tanzania,Dodoma,1,1,Strava GPS + point-in-polygon (Natural Earth) / nearest TZ city
a0303,2021-11-07,Run,Tanzania,Dodoma,1,1,Strava GPS + point-in-polygon (Natural Earth) / nearest TZ city
a0304,2021-11-08,Run,,,0,0,Strava GPS + point-in-polygon (Natural Earth) / nearest TZ city
a0305,2021-11-08,Walk,Tanzania,Dodoma,1,1,Strava GPS + point-in-polygon (Natural Earth) / nearest TZ city
a0306,2021-11-09,Run,,,0,0,Strava GPS + point-in-polygon (Natural Earth) / nearest TZ city
a0307,2021-11-10,Run,,,0,0,Strava GPS + point-in-polygon (Natural Earth) / nearest TZ city
a0308,2021-11-11,Run,,,0,0,Strava GPS + point-in-polygon (Natural Earth) / nearest TZ city
a0309,2021-11-12,Walk,Tanzania,Dodoma,1,1,Strava GPS + point-in-polygon (Natural Earth) / nearest TZ city
a0310,2021-11-12,Run,,,0,0,Strava GPS + point-in-polygon (Natural Earth) / nearest TZ city
a0311,2021-11-13,Run,,,0,0,Strava GPS + point-in-polygon (Natural Earth) / nearest TZ city
a0312,2021-11-13,Walk,Tanzania,Dodoma,1,1,Strava GPS + point-in-polygon (Natural Earth) / nearest TZ city
a0313,2021-11-14,Walk,Tanzania,Dodoma,1,1,Strava GPS + point-in-polygon (Natural Earth) / nearest TZ city
a0314,2021-11-14,Run,,,0,0,Strava GPS + point-in-polygon (Natural Earth) / nearest TZ city
a0315,2021-11-15,Run,,,0,0,Strava GPS + point-in-polygon (Natural Earth) / nearest TZ city
a0316,2021-11-16,Run,,,0,0,Strava GPS + point-in-polygon (Natural Earth) / nearest TZ city
a0317,2021-11-16,Ride,,,0,0,Strava GPS + point-in-polygon (Natural Earth) / nearest TZ city
a0318,2021-11-16,Ride,,,0,0,Strava GPS + point-in-polygon (Natural Earth) / nearest TZ city
a0319,2021-11-16,Run,,,0,0,Strava GPS + point-in-polygon (Natural Earth) / nearest TZ city
a0320,2021-11-16,Ride,,,0,0,Strava GPS + point-in-polygon (Natural Earth) / nearest TZ city
a0321,2021-11-17,Run,Tanzania,Dodoma,1,1,Strava GPS + point-in-polygon (Natural Earth) / nearest TZ city
a0322,2021-11-18,Run,,,0,0,Strava GPS + point-in-polygon (Natural Earth) / nearest TZ city
a0323,2021-11-19,Run,Tanzania,Dodoma,1,1,Strava GPS + point-in-polygon (Natural Earth) / nearest TZ city
a0324,2021-11-19,Walk,Tanzania,Dodoma,1,1,Strava GPS + point-in-polygon (Natural Earth) / nearest TZ city
a0325,2021-11-20,Run,,,0,0,Strava GPS + point-in-polygon (Natural Earth) / nearest TZ city
a0326,2021-11-20,Walk,Tanzania,Dodoma,1,1,Strava GPS + point-in-polygon (Natural Earth) / nearest TZ city
a0327,2021-11-21,Walk,Tanzania,Dodoma,1,1,Strava GPS + point-in-polygon (Natural Earth) / nearest TZ city
a0328,2021-11-22,Run,,,0,0,Strava GPS + point-in-polygon (Natural Earth) / nearest TZ city
a0329,2021-11-22,Ride,,,0,0,Strava GPS + point-in-polygon (Natural Earth) / nearest TZ city
a0330,2021-11-23,Run,,,0,0,Strava GPS + point-in-polygon (Natural Earth) / nearest TZ city
a0331,2021-11-23,Walk,Tanzania,Dodoma,1,1,Strava GPS + point-in-polygon (Natural Earth) / nearest TZ city
a0332,2021-11-24,Run,,,0,0,Strava GPS + point-in-polygon (Natural Earth) / nearest TZ city
a0333,2021-11-25,Ride,,,0,0,Strava GPS + point-in-polygon (Natural Earth) / nearest TZ city
a0334,2021-11-25,Walk,,,0,0,Strava GPS + point-in-polygon (Natural Earth) / nearest TZ city
a0335,2021-11-25,Walk,Tanzania,Dodoma,1,1,Strava GPS + point-in-polygon (Natural Earth) / nearest TZ city
a0336,2021-11-26,Run,,,0,0,Strava GPS + point-in-polygon (Natural Earth) / nearest TZ city
a0337,2021-11-27,Run,,,0,0,Strava GPS + point-in-polygon (Natural Earth) / nearest TZ city
a0338,2021-11-27,Walk,Tanzania,Dodoma,1,1,Strava GPS + point-in-polygon (Natural Earth) / nearest TZ city
a0339,2021-11-28,Run,,,0,0,Strava GPS + point-in-polygon (Natural Earth) / nearest TZ city
a0340,2021-11-28,Walk,Tanzania,Dodoma,1,1,Strava GPS + point-in-polygon (Natural Earth) / nearest TZ city
a0341,2021-11-28,Walk,Tanzania,Dodoma,1,1,Strava GPS + point-in-polygon (Natural Earth) / nearest TZ city
a0342,2021-11-29,Run,,,0,0,Strava GPS + point-in-polygon (Natural Earth) / nearest TZ city
a0343,2021-11-29,Walk,Tanzania,Dodoma,1,1,Strava GPS + point-in-polygon (Natural Earth) / nearest TZ city
a0344,2021-11-30,Run,,,0,0,Strava GPS + point-in-polygon (Natural Earth) / nearest TZ city
a0345,2021-11-30,Walk,,,0,0,Strava GPS + point-in-polygon (Natural Earth) / nearest TZ city
a0346,2021-12-01,Run,,,0,0,Strava GPS + point-in-polygon (Natural Earth) / nearest TZ city
a0347,2021-12-01,Walk,Tanzania,Dodoma,1,1,Strava GPS + point-in-polygon (Natural Earth) / nearest TZ city
a0348,2021-12-01,Walk,Tanzania,Dodoma,1,1,Strava GPS + point-in-polygon (Natural Earth) / nearest TZ city
a0349,2021-12-02,Run,,,0,0,Strava GPS + point-in-polygon (Natural Earth) / nearest TZ city
a0350,2021-12-03,Run,,,0,0,Strava GPS + point-in-polygon (Natural Earth) / nearest TZ city
a0351,2021-12-04,Run,Tanzania,Dar es Salaam,1,1,Strava GPS + point-in-polygon (Natural Earth) / nearest TZ city
a0352,2021-12-05,Run,,,0,0,Strava GPS + point-in-polygon (Natural Earth) / nearest TZ city
a0353,2021-12-06,Run,,,0,0,Strava GPS + point-in-polygon (Natural Earth) / nearest TZ city
a0354,2021-12-07,Run,,,0,0,Strava GPS + point-in-polygon (Natural Earth) / nearest TZ city
a0355,2021-12-07,Walk,Tanzania,Dodoma,1,1,Strava GPS + point-in-polygon (Natural Earth) / nearest TZ city
a0356,2021-12-08,Run,,,0,0,Strava GPS + point-in-polygon (Natural Earth) / nearest TZ city
a0357,2021-12-08,Walk,Tanzania,Dodoma,1,1,Strava GPS + point-in-polygon (Natural Earth) / nearest TZ city
a0358,2021-12-09,Run,Tanzania,Dodoma,1,1,Strava GPS + point-in-polygon (Natural Earth) / nearest TZ city
a0359,2021-12-09,Walk,Tanzania,Dodoma,1,1,Strava GPS + point-in-polygon (Natural Earth) / nearest TZ city
a0360,2021-12-10,Walk,Tanzania,Pwani,1,0,Strava GPS + point-in-polygon (Natural Earth) / nearest TZ city
a0361,2021-12-11,Walk,Tanzania,Pwani,1,0,Strava GPS + point-in-polygon (Natural Earth) / nearest TZ city
a0362,2021-12-13,Run,,,0,0,Strava GPS + point-in-polygon (Natural Earth) / nearest TZ city
a0363,2021-12-14,Run,,,0,0,Strava GPS + point-in-polygon (Natural Earth) / nearest TZ city
a0364,2021-12-15,Run,,,0,0,Strava GPS + point-in-polygon (Natural Earth) / nearest TZ city
a0365,2021-12-15,Walk,Tanzania,Dodoma,1,1,Strava GPS + point-in-polygon (Natural Earth) / nearest TZ city
a0366,2021-12-16,Run,,,0,0,Strava GPS + point-in-polygon (Natural Earth) / nearest TZ city
a0367,2021-12-17,Walk,Tanzania,Arusha,1,1,Strava GPS + point-in-polygon (Natural Earth) / nearest TZ city
a0368,2021-12-17,Run,,,0,0,Strava GPS + point-in-polygon (Natural Earth) / nearest TZ city
a0369,2021-12-19,Walk,Tanzania,Arusha,1,1,Strava GPS + point-in-polygon (Natural Earth) / nearest TZ city
a0370,2021-12-19,TrailRun,Tanzania,Arusha,1,1,Strava GPS + point-in-polygon (Natural Earth) / nearest TZ city
a0371,2021-12-20,Run,,,0,0,Strava GPS + point-in-polygon (Natural Earth) / nearest TZ city
a0372,2021-12-21,Run,,,0,0,Strava GPS + point-in-polygon (Natural Earth) / nearest TZ city
a0373,2021-12-21,Walk,Tanzania,Dodoma,1,1,Strava GPS + point-in-polygon (Natural Earth) / nearest TZ city
a0374,2021-12-21,Walk,Tanzania,Dodoma,1,1,Strava GPS + point-in-polygon (Natural Earth) / nearest TZ city
a0375,2021-12-22,Walk,Tanzania,Dodoma,1,1,Strava GPS + point-in-polygon (Natural Earth) / nearest TZ city
a0376,2021-12-22,Run,,,0,0,Strava GPS + point-in-polygon (Natural Earth) / nearest TZ city
a0377,2021-12-22,Walk,Tanzania,Dodoma,1,1,Strava GPS + point-in-polygon (Natural Earth) / nearest TZ city
a0378,2021-12-22,Run,,,0,0,Strava GPS + point-in-polygon (Natural Earth) / nearest TZ city
a0379,2021-12-23,Run,,,0,0,Strava GPS + point-in-polygon (Natural Earth) / nearest TZ city
a0380,2021-12-23,Walk,Tanzania,Kilimanjaro,1,1,Strava GPS + point-in-polygon (Natural Earth) / nearest TZ city
a0381,2021-12-24,Run,,,0,0,Strava GPS + point-in-polygon (Natural Earth) / nearest TZ city
a0382,2021-12-24,Walk,Tanzania,Kilimanjaro,1,1,Strava GPS + point-in-polygon (Natural Earth) / nearest TZ city
a0383,2021-12-26,Run,Tanzania,Kilimanjaro,1,1,Strava GPS + point-in-polygon (Natural Earth) / nearest TZ city
a0384,2021-12-27,Run,Tanzania,Kilimanjaro,1,1,Strava GPS + point-in-polygon (Natural Earth) / nearest TZ city
a0385,2021-12-28,Walk,Tanzania,Kilimanjaro,1,1,Strava GPS + point-in-polygon (Natural Earth) / nearest TZ city
a0386,2021-12-29,Workout,,,0,0,Strava GPS + point-in-polygon (Natural Earth) / nearest TZ city
a0387,2021-12-29,Workout,,,0,0,Strava GPS + point-in-polygon (Natural Earth) / nearest TZ city
a0388,2021-12-29,Workout,,,0,0,Strava GPS + point-in-polygon (Natural Earth) / nearest TZ city
a0389,2021-12-30,Run,,,0,0,Strava GPS + point-in-polygon (Natural Earth) / nearest TZ city
a0390,2021-12-31,Run,,,0,0,Strava GPS + point-in-polygon (Natural Earth) / nearest TZ city
a0391,2022-01-01,Walk,Tanzania,Kilimanjaro,1,1,Strava GPS + point-in-polygon (Natural Earth) / nearest TZ city
a0392,2022-01-02,Run,,,0,0,Strava GPS + point-in-polygon (Natural Earth) / nearest TZ city
a0393,2022-01-02,Walk,Tanzania,Kilimanjaro,1,1,Strava GPS + point-in-polygon (Natural Earth) / nearest TZ city
a0394,2022-01-03,Walk,Tanzania,Kilimanjaro,1,1,Strava GPS + point-in-polygon (Natural Earth) / nearest TZ city
a0395,2022-01-05,Walk,Tanzania,Dodoma,1,1,Strava GPS + point-in-polygon (Natural Earth) / nearest TZ city
a0396,2022-01-06,Walk,Tanzania,Dodoma,1,1,Strava GPS + point-in-polygon (Natural Earth) / nearest TZ city
a0397,2022-01-06,Run,,,0,0,Strava GPS + point-in-polygon (Natural Earth) / nearest TZ city
a0398,2022-01-07,Run,,,0,0,Strava GPS + point-in-polygon (Natural Earth) / nearest TZ city
a0399,2022-01-07,Walk,Tanzania,Dodoma,1,1,Strava GPS + point-in-polygon (Natural Earth) / nearest TZ city
a0400,2022-01-07,Run,,,0,0,Strava GPS + point-in-polygon (Natural Earth) / nearest TZ city
a0401,2022-01-08,Walk,Tanzania,Dodoma,1,1,Strava GPS + point-in-polygon (Natural Earth) / nearest TZ city
a0402,2022-01-08,Walk,,,0,0,Strava GPS + point-in-polygon (Natural Earth) / nearest TZ city
a0403,2022-01-09,Walk,Tanzania,Dodoma,1,1,Strava GPS + point-in-polygon (Natural Earth) / nearest TZ city
a0404,2022-01-09,Run,,,0,0,Strava GPS + point-in-polygon (Natural Earth) / nearest TZ city
a0405,2022-01-10,Run,,,0,0,Strava GPS + point-in-polygon (Natural Earth) / nearest TZ city
a0406,2022-01-12,Walk,Tanzania,Dodoma,1,1,Strava GPS + point-in-polygon (Natural Earth) / nearest TZ city
a0407,2022-01-13,Run,,,0,0,Strava GPS + point-in-polygon (Natural Earth) / nearest TZ city
a0408,2022-01-14,Workout,,,0,0,Strava GPS + point-in-polygon (Natural Earth) / nearest TZ city
a0409,2022-01-15,Run,,,0,0,Strava GPS + point-in-polygon (Natural Earth) / nearest TZ city
a0410,2022-01-16,Walk,Tanzania,Dodoma,1,1,Strava GPS + point-in-polygon (Natural Earth) / nearest TZ city
a0411,2022-01-17,Run,,,0,0,Strava GPS + point-in-polygon (Natural Earth) / nearest TZ city
a0412,2022-01-18,Walk,Tanzania,Dodoma,1,1,Strava GPS + point-in-polygon (Natural Earth) / nearest TZ city
a0413,2022-01-19,Run,,,0,0,Strava GPS + point-in-polygon (Natural Earth) / nearest TZ city
a0414,2022-01-20,Walk,Tanzania,Dodoma,1,1,Strava GPS + point-in-polygon (Natural Earth) / nearest TZ city
a0415,2022-01-20,Run,,,0,0,Strava GPS + point-in-polygon (Natural Earth) / nearest TZ city
a0416,2022-01-21,Run,,,0,0,Strava GPS + point-in-polygon (Natural Earth) / nearest TZ city
a0417,2022-01-22,Walk,Tanzania,Dodoma,1,1,Strava GPS + point-in-polygon (Natural Earth) / nearest TZ city
a0418,2022-01-22,Run,,,0,0,Strava GPS + point-in-polygon (Natural Earth) / nearest TZ city
a0419,2022-01-23,Walk,Tanzania,Morogoro,1,1,Strava GPS + point-in-polygon (Natural Earth) / nearest TZ city
a0420,2022-01-23,Run,,,0,0,Strava GPS + point-in-polygon (Natural Earth) / nearest TZ city
a0421,2022-01-24,Walk,Tanzania,Morogoro,1,1,Strava GPS + point-in-polygon (Natural Earth) / nearest TZ city
a0422,2022-01-24,Walk,Tanzania,Morogoro,1,1,Strava GPS + point-in-polygon (Natural Earth) / nearest TZ city
a0423,2022-01-25,Walk,Tanzania,Morogoro,1,1,Strava GPS + point-in-polygon (Natural Earth) / nearest TZ city
a0424,2022-01-25,Walk,Tanzania,Morogoro,1,1,Strava GPS + point-in-polygon (Natural Earth) / nearest TZ city
a0425,2022-01-25,Walk,Tanzania,Morogoro,1,1,Strava GPS + point-in-polygon (Natural Earth) / nearest TZ city
a0426,2022-01-26,Run,,,0,0,Strava GPS + point-in-polygon (Natural Earth) / nearest TZ city
a0427,2022-01-26,Walk,Tanzania,Morogoro,1,1,Strava GPS + point-in-polygon (Natural Earth) / nearest TZ city
a0428,2022-01-27,Run,,,0,0,Strava GPS + point-in-polygon (Natural Earth) / nearest TZ city
a0429,2022-01-27,Run,,,0,0,Strava GPS + point-in-polygon (Natural Earth) / nearest TZ city
a0430,2022-01-28,Run,,,0,0,Strava GPS + point-in-polygon (Natural Earth) / nearest TZ city
a0431,2022-01-29,Walk,Tanzania,Morogoro,1,1,Strava GPS + point-in-polygon (Natural Earth) / nearest TZ city
a0432,2022-01-29,Walk,Tanzania,Morogoro,1,1,Strava GPS + point-in-polygon (Natural Earth) / nearest TZ city
a0433,2022-01-30,Run,,,0,0,Strava GPS + point-in-polygon (Natural Earth) / nearest TZ city
a0434,2022-01-30,Run,,,0,0,Strava GPS + point-in-polygon (Natural Earth) / nearest TZ city
a0435,2022-01-31,Walk,Tanzania,Morogoro,1,1,Strava GPS + point-in-polygon (Natural Earth) / nearest TZ city
a0436,2022-01-31,Run,,,0,0,Strava GPS + point-in-polygon (Natural Earth) / nearest TZ city
a0437,2022-02-01,Run,,,0,0,Strava GPS + point-in-polygon (Natural Earth) / nearest TZ city
a0438,2022-02-01,Walk,Tanzania,Dodoma,1,1,Strava GPS + point-in-polygon (Natural Earth) / nearest TZ city
a0439,2022-02-02,Walk,Tanzania,Dodoma,1,1,Strava GPS + point-in-polygon (Natural Earth) / nearest TZ city
a0440,2022-02-03,Walk,Tanzania,Dodoma,1,1,Strava GPS + point-in-polygon (Natural Earth) / nearest TZ city
a0441,2022-02-03,Walk,Tanzania,Dodoma,1,1,Strava GPS + point-in-polygon (Natural Earth) / nearest TZ city
a0442,2022-02-03,Walk,Tanzania,Dodoma,1,1,Strava GPS + point-in-polygon (Natural Earth) / nearest TZ city
a0443,2022-02-04,Walk,Tanzania,Dodoma,1,1,Strava GPS + point-in-polygon (Natural Earth) / nearest TZ city
a0444,2022-02-05,Walk,Tanzania,Dodoma,1,1,Strava GPS + point-in-polygon (Natural Earth) / nearest TZ city
a0445,2022-02-07,Walk,Tanzania,Morogoro,1,1,Strava GPS + point-in-polygon (Natural Earth) / nearest TZ city
a0446,2022-02-14,Walk,Tanzania,Dar es Salaam,1,1,Strava GPS + point-in-polygon (Natural Earth) / nearest TZ city
a0447,2022-02-16,Walk,Tanzania,Dar es Salaam,1,1,Strava GPS + point-in-polygon (Natural Earth) / nearest TZ city
a0448,2022-02-16,Walk,Tanzania,Dar es Salaam,1,1,Strava GPS + point-in-polygon (Natural Earth) / nearest TZ city
a0449,2022-02-18,Walk,Tanzania,Dar es Salaam,1,1,Strava GPS + point-in-polygon (Natural Earth) / nearest TZ city
a0450,2022-02-21,Walk,Tanzania,Dar es Salaam,1,1,Strava GPS + point-in-polygon (Natural Earth) / nearest TZ city
a0451,2022-02-22,Walk,Tanzania,Dar es Salaam,1,1,Strava GPS + point-in-polygon (Natural Earth) / nearest TZ city
a0452,2022-02-23,Workout,,,0,0,Strava GPS + point-in-polygon (Natural Earth) / nearest TZ city
a0453,2022-02-23,Walk,Tanzania,Dar es Salaam,1,1,Strava GPS + point-in-polygon (Natural Earth) / nearest TZ city
a0454,2022-02-24,Walk,Tanzania,Dar es Salaam,1,1,Strava GPS + point-in-polygon (Natural Earth) / nearest TZ city
a0455,2022-02-25,Walk,Tanzania,Dar es Salaam,1,1,Strava GPS + point-in-polygon (Natural Earth) / nearest TZ city
a0456,2022-02-27,Walk,Tanzania,Dar es Salaam,1,1,Strava GPS + point-in-polygon (Natural Earth) / nearest TZ city
a0457,2022-02-27,Run,,,0,0,Strava GPS + point-in-polygon (Natural Earth) / nearest TZ city
a0458,2022-03-04,Walk,Tanzania,Dar es Salaam,1,1,Strava GPS + point-in-polygon (Natural Earth) / nearest TZ city
a0459,2022-03-04,Walk,Tanzania,Dar es Salaam,1,1,Strava GPS + point-in-polygon (Natural Earth) / nearest TZ city
a0460,2022-03-05,Run,,,0,0,Strava GPS + point-in-polygon (Natural Earth) / nearest TZ city
a0461,2022-03-05,Walk,Tanzania,Dar es Salaam,1,1,Strava GPS + point-in-polygon (Natural Earth) / nearest TZ city
a0462,2022-03-06,Walk,Tanzania,Dar es Salaam,1,1,Strava GPS + point-in-polygon (Natural Earth) / nearest TZ city
a0463,2022-03-06,Walk,Tanzania,Zanzibar Urban/West,1,0,Strava GPS + point-in-polygon (Natural Earth) / nearest TZ city
a0464,2022-03-06,Walk,Tanzania,Zanzibar Urban/West,1,0,Strava GPS + point-in-polygon (Natural Earth) / nearest TZ city
a0465,2022-03-07,Walk,,,0,0,Strava GPS + point-in-polygon (Natural Earth) / nearest TZ city
a0466,2022-03-07,Workout,,,0,0,Strava GPS + point-in-polygon (Natural Earth) / nearest TZ city
a0467,2022-03-07,Walk,Tanzania,Zanzibar Urban/West,1,0,Strava GPS + point-in-polygon (Natural Earth) / nearest TZ city
a0468,2022-03-08,Run,,,0,0,Strava GPS + point-in-polygon (Natural Earth) / nearest TZ city
a0469,2022-03-08,Walk,Tanzania,Zanzibar Urban/West,1,0,Strava GPS + point-in-polygon (Natural Earth) / nearest TZ city
a0470,2022-03-09,Walk,Tanzania,Zanzibar Urban/West,1,0,Strava GPS + point-in-polygon (Natural Earth) / nearest TZ city
a0471,2022-03-10,Workout,,,0,0,Strava GPS + point-in-polygon (Natural Earth) / nearest TZ city
a0472,2022-03-11,Walk,Tanzania,Zanzibar Urban/West,1,0,Strava GPS + point-in-polygon (Natural Earth) / nearest TZ city
a0473,2022-03-11,Workout,,,0,0,Strava GPS + point-in-polygon (Natural Earth) / nearest TZ city
a0474,2022-03-12,Walk,Tanzania,Dar es Salaam,1,1,Strava GPS + point-in-polygon (Natural Earth) / nearest TZ city
a0475,2022-03-12,Walk,Tanzania,Dar es Salaam,1,1,Strava GPS + point-in-polygon (Natural Earth) / nearest TZ city
a0476,2022-03-12,Walk,Tanzania,Dar es Salaam,1,1,Strava GPS + point-in-polygon (Natural Earth) / nearest TZ city
a0477,2022-03-12,Crossfit,,,0,0,Strava GPS + point-in-polygon (Natural Earth) / nearest TZ city
a0478,2022-03-13,Workout,,,0,0,Strava GPS + point-in-polygon (Natural Earth) / nearest TZ city
a0479,2022-03-15,Run,,,0,0,Strava GPS + point-in-polygon (Natural Earth) / nearest TZ city
a0480,2022-03-15,Workout,,,0,0,Strava GPS + point-in-polygon (Natural Earth) / nearest TZ city
a0481,2022-03-16,Run,,,0,0,Strava GPS + point-in-polygon (Natural Earth) / nearest TZ city
a0482,2022-03-17,Run,,,0,0,Strava GPS + point-in-polygon (Natural Earth) / nearest TZ city
a0483,2022-03-17,Workout,,,0,0,Strava GPS + point-in-polygon (Natural Earth) / nearest TZ city
a0484,2022-03-18,Run,,,0,0,Strava GPS + point-in-polygon (Natural Earth) / nearest TZ city
a0485,2022-03-18,Workout,,,0,0,Strava GPS + point-in-polygon (Natural Earth) / nearest TZ city
a0486,2022-03-18,Walk,Tanzania,Dar es Salaam,1,1,Strava GPS + point-in-polygon (Natural Earth) / nearest TZ city
a0487,2022-03-19,Walk,Tanzania,Dar es Salaam,1,1,Strava GPS + point-in-polygon (Natural Earth) / nearest TZ city
a0488,2022-03-19,Workout,,,0,0,Strava GPS + point-in-polygon (Natural Earth) / nearest TZ city
a0489,2022-03-22,Run,,,0,0,Strava GPS + point-in-polygon (Natural Earth) / nearest TZ city
a0490,2022-03-22,Workout,,,0,0,Strava GPS + point-in-polygon (Natural Earth) / nearest TZ city
a0491,2022-03-23,Workout,,,0,0,Strava GPS + point-in-polygon (Natural Earth) / nearest TZ city
a0492,2022-03-24,Run,,,0,0,Strava GPS + point-in-polygon (Natural Earth) / nearest TZ city
a0493,2022-03-24,Workout,,,0,0,Strava GPS + point-in-polygon (Natural Earth) / nearest TZ city
a0494,2022-03-25,Run,,,0,0,Strava GPS + point-in-polygon (Natural Earth) / nearest TZ city
a0495,2022-03-25,Workout,,,0,0,Strava GPS + point-in-polygon (Natural Earth) / nearest TZ city
a0496,2022-03-26,Run,,,0,0,Strava GPS + point-in-polygon (Natural Earth) / nearest TZ city
a0497,2022-03-27,Walk,Tanzania,Dar es Salaam,1,1,Strava GPS + point-in-polygon (Natural Earth) / nearest TZ city
a0498,2022-03-27,Walk,Tanzania,Dodoma,1,1,Strava GPS + point-in-polygon (Natural Earth) / nearest TZ city
a0499,2022-03-28,Run,,,0,0,Strava GPS + point-in-polygon (Natural Earth) / nearest TZ city
a0500,2022-03-28,Workout,,,0,0,Strava GPS + point-in-polygon (Natural Earth) / nearest TZ city
a0501,2022-03-31,Walk,,,0,0,Strava GPS + point-in-polygon (Natural Earth) / nearest TZ city
a0502,2022-03-31,Workout,,,0,0,Strava GPS + point-in-polygon (Natural Earth) / nearest TZ city
a0503,2022-03-31,Walk,Tanzania,Dodoma,1,1,Strava GPS + point-in-polygon (Natural Earth) / nearest TZ city
a0504,2022-04-01,Run,,,0,0,Strava GPS + point-in-polygon (Natural Earth) / nearest TZ city
a0505,2022-04-01,Workout,,,0,0,Strava GPS + point-in-polygon (Natural Earth) / nearest TZ city
a0506,2022-04-02,Run,Tanzania,Dodoma,1,1,Strava GPS + point-in-polygon (Natural Earth) / nearest TZ city
a0507,2022-04-02,Workout,,,0,0,Strava GPS + point-in-polygon (Natural Earth) / nearest TZ city
a0508,2022-04-03,Run,,,0,0,Strava GPS + point-in-polygon (Natural Earth) / nearest TZ city
a0509,2022-04-03,Walk,Tanzania,Dodoma,1,1,Strava GPS + point-in-polygon (Natural Earth) / nearest TZ city
a0510,2022-04-04,Run,,,0,0,Strava GPS + point-in-polygon (Natural Earth) / nearest TZ city
a0511,2022-04-04,Walk,Tanzania,Dodoma,1,1,Strava GPS + point-in-polygon (Natural Earth) / nearest TZ city
a0512,2022-04-04,Workout,,,0,0,Strava GPS + point-in-polygon (Natural Earth) / nearest TZ city
a0513,2022-04-05,Run,,,0,0,Strava GPS + point-in-polygon (Natural Earth) / nearest TZ city
a0514,2022-04-05,Workout,,,0,0,Strava GPS + point-in-polygon (Natural Earth) / nearest TZ city
a0515,2022-04-05,Run,,,0,0,Strava GPS + point-in-polygon (Natural Earth) / nearest TZ city
a0516,2022-04-06,Run,,,0,0,Strava GPS + point-in-polygon (Natural Earth) / nearest TZ city
a0517,2022-04-06,Workout,,,0,0,Strava GPS + point-in-polygon (Natural Earth) / nearest TZ city
a0518,2022-04-06,Walk,Tanzania,Dodoma,1,1,Strava GPS + point-in-polygon (Natural Earth) / nearest TZ city
a0519,2022-04-07,Run,,,0,0,Strava GPS + point-in-polygon (Natural Earth) / nearest TZ city
a0520,2022-04-07,Workout,,,0,0,Strava GPS + point-in-polygon (Natural Earth) / nearest TZ city
a0521,2022-04-07,Walk,Tanzania,Kilimanjaro,1,1,Strava GPS + point-in-polygon (Natural Earth) / nearest TZ city
a0522,2022-04-08,Walk,Tanzania,Kilimanjaro,1,1,Strava GPS + point-in-polygon (Natural Earth) / nearest TZ city
a0523,2022-04-09,Workout,,,0,0,Strava GPS + point-in-polygon (Natural Earth) / nearest TZ city
a0524,2022-04-09,Walk,Tanzania,Kilimanjaro,1,1,Strava GPS + point-in-polygon (Natural Earth) / nearest TZ city
a0525,2022-04-10,Run,,,0,0,Strava GPS + point-in-polygon (Natural Earth) / nearest TZ city
a0526,2022-04-10,Walk,Tanzania,Dodoma,1,1,Strava GPS + point-in-polygon (Natural Earth) / nearest TZ city
a0527,2022-04-11,Run,,,0,0,Strava GPS + point-in-polygon (Natural Earth) / nearest TZ city
a0528,2022-04-11,Workout,,,0,0,Strava GPS + point-in-polygon (Natural Earth) / nearest TZ city
a0529,2022-04-12,Run,,,0,0,Strava GPS + point-in-polygon (Natural Earth) / nearest TZ city
a0530,2022-04-12,Workout,,,0,0,Strava GPS + point-in-polygon (Natural Earth) / nearest TZ city
a0531,2022-04-13,Run,,,0,0,Strava GPS + point-in-polygon (Natural Earth) / nearest TZ city
a0532,2022-04-13,Workout,,,0,0,Strava GPS + point-in-polygon (Natural Earth) / nearest TZ city
a0533,2022-04-14,Run,,,0,0,Strava GPS + point-in-polygon (Natural Earth) / nearest TZ city
a0534,2022-04-14,Workout,,,0,0,Strava GPS + point-in-polygon (Natural Earth) / nearest TZ city
a0535,2022-04-16,Walk,Tanzania,Mara,1,1,Strava GPS + point-in-polygon (Natural Earth) / nearest TZ city
a0536,2022-04-17,Walk,Tanzania,Mara,1,1,Strava GPS + point-in-polygon (Natural Earth) / nearest TZ city
a0537,2022-04-17,Walk,Tanzania,Mara,1,1,Strava GPS + point-in-polygon (Natural Earth) / nearest TZ city
a0538,2022-04-18,Walk,Tanzania,Mara,1,1,Strava GPS + point-in-polygon (Natural Earth) / nearest TZ city
a0539,2022-04-19,Walk,Tanzania,Morogoro,1,1,Strava GPS + point-in-polygon (Natural Earth) / nearest TZ city
a0540,2022-04-20,Run,,,0,0,Strava GPS + point-in-polygon (Natural Earth) / nearest TZ city
a0541,2022-04-20,Workout,,,0,0,Strava GPS + point-in-polygon (Natural Earth) / nearest TZ city
a0542,2022-04-20,Run,,,0,0,Strava GPS + point-in-polygon (Natural Earth) / nearest TZ city
a0543,2022-04-21,Run,,,0,0,Strava GPS + point-in-polygon (Natural Earth) / nearest TZ city
a0544,2022-04-21,Workout,,,0,0,Strava GPS + point-in-polygon (Natural Earth) / nearest TZ city
a0545,2022-04-21,Run,,,0,0,Strava GPS + point-in-polygon (Natural Earth) / nearest TZ city
a0546,2022-04-22,Run,,,0,0,Strava GPS + point-in-polygon (Natural Earth) / nearest TZ city
a0547,2022-04-22,Workout,,,0,0,Strava GPS + point-in-polygon (Natural Earth) / nearest TZ city
a0548,2022-04-22,Walk,Tanzania,Morogoro,1,1,Strava GPS + point-in-polygon (Natural Earth) / nearest TZ city
a0549,2022-04-23,Run,,,0,0,Strava GPS + point-in-polygon (Natural Earth) / nearest TZ city
a0550,2022-04-23,Workout,,,0,0,Strava GPS + point-in-polygon (Natural Earth) / nearest TZ city
a0551,2022-04-24,Run,,,0,0,Strava GPS + point-in-polygon (Natural Earth) / nearest TZ city
a0552,2022-04-24,Workout,,,0,0,Strava GPS + point-in-polygon (Natural Earth) / nearest TZ city
a0553,2022-04-24,Run,,,0,0,Strava GPS + point-in-polygon (Natural Earth) / nearest TZ city
a0554,2022-04-25,Run,,,0,0,Strava GPS + point-in-polygon (Natural Earth) / nearest TZ city
a0555,2022-04-25,Workout,,,0,0,Strava GPS + point-in-polygon (Natural Earth) / nearest TZ city
a0556,2022-04-26,Walk,Tanzania,Dodoma,1,1,Strava GPS + point-in-polygon (Natural Earth) / nearest TZ city
a0557,2022-04-26,Run,,,0,0,Strava GPS + point-in-polygon (Natural Earth) / nearest TZ city
a0558,2022-04-26,Workout,,,0,0,Strava GPS + point-in-polygon (Natural Earth) / nearest TZ city
a0559,2022-04-27,Run,,,0,0,Strava GPS + point-in-polygon (Natural Earth) / nearest TZ city
a0560,2022-04-27,Workout,,,0,0,Strava GPS + point-in-polygon (Natural Earth) / nearest TZ city
a0561,2022-04-27,Walk,Tanzania,Dodoma,1,1,Strava GPS + point-in-polygon (Natural Earth) / nearest TZ city
a0562,2022-04-27,Walk,Tanzania,Dodoma,1,1,Strava GPS + point-in-polygon (Natural Earth) / nearest TZ city
a0563,2022-04-27,Run,,,0,0,Strava GPS + point-in-polygon (Natural Earth) / nearest TZ city
a0564,2022-04-28,Run,,,0,0,Strava GPS + point-in-polygon (Natural Earth) / nearest TZ city
a0565,2022-04-28,Workout,,,0,0,Strava GPS + point-in-polygon (Natural Earth) / nearest TZ city
a0566,2022-04-29,Run,,,0,0,Strava GPS + point-in-polygon (Natural Earth) / nearest TZ city
a0567,2022-04-29,Workout,,,0,0,Strava GPS + point-in-polygon (Natural Earth) / nearest TZ city
a0568,2022-05-01,Run,,,0,0,Strava GPS + point-in-polygon (Natural Earth) / nearest TZ city
a0569,2022-05-02,Walk,Tanzania,Dodoma,1,1,Strava GPS + point-in-polygon (Natural Earth) / nearest TZ city
a0570,2022-05-03,Run,,,0,0,Strava GPS + point-in-polygon (Natural Earth) / nearest TZ city
a0571,2022-05-03,Walk,Tanzania,Dar es Salaam,1,0,Strava GPS + point-in-polygon (Natural Earth) / nearest TZ city
a0572,2022-05-03,Walk,Tanzania,Dar es Salaam,1,0,Strava GPS + point-in-polygon (Natural Earth) / nearest TZ city
a0573,2022-05-05,Run,,,0,0,Strava GPS + point-in-polygon (Natural Earth) / nearest TZ city
a0574,2022-05-07,Walk,Tanzania,Dodoma,1,1,Strava GPS + point-in-polygon (Natural Earth) / nearest TZ city
a0575,2022-05-08,Run,,,0,0,Strava GPS + point-in-polygon (Natural Earth) / nearest TZ city
a0576,2022-05-08,Walk,Tanzania,Morogoro,1,1,Strava GPS + point-in-polygon (Natural Earth) / nearest TZ city
a0577,2022-05-09,Run,,,0,0,Strava GPS + point-in-polygon (Natural Earth) / nearest TZ city
a0578,2022-05-10,Run,,,0,0,Strava GPS + point-in-polygon (Natural Earth) / nearest TZ city
a0579,2022-05-10,Walk,Tanzania,Morogoro,1,1,Strava GPS + point-in-polygon (Natural Earth) / nearest TZ city
a0580,2022-05-11,Run,,,0,0,Strava GPS + point-in-polygon (Natural Earth) / nearest TZ city
a0581,2022-05-12,Run,,,0,0,Strava GPS + point-in-polygon (Natural Earth) / nearest TZ city
a0582,2022-05-13,Run,,,0,0,Strava GPS + point-in-polygon (Natural Earth) / nearest TZ city
a0583,2022-05-14,Walk,Tanzania,Morogoro,1,1,Strava GPS + point-in-polygon (Natural Earth) / nearest TZ city
a0584,2022-05-14,Walk,Tanzania,Morogoro,1,1,Strava GPS + point-in-polygon (Natural Earth) / nearest TZ city
a0585,2022-05-16,Run,,,0,0,Strava GPS + point-in-polygon (Natural Earth) / nearest TZ city
a0586,2022-05-16,Run,,,0,0,Strava GPS + point-in-polygon (Natural Earth) / nearest TZ city
a0587,2022-05-17,Run,,,0,0,Strava GPS + point-in-polygon (Natural Earth) / nearest TZ city
a0588,2022-05-18,Walk,Tanzania,Dodoma,1,1,Strava GPS + point-in-polygon (Natural Earth) / nearest TZ city
a0589,2022-05-18,Run,,,0,0,Strava GPS + point-in-polygon (Natural Earth) / nearest TZ city
a0590,2022-05-19,Run,,,0,0,Strava GPS + point-in-polygon (Natural Earth) / nearest TZ city
a0591,2022-05-19,Run,,,0,0,Strava GPS + point-in-polygon (Natural Earth) / nearest TZ city
a0592,2022-05-20,Walk,Tanzania,Dodoma,1,1,Strava GPS + point-in-polygon (Natural Earth) / nearest TZ city
a0593,2022-05-20,Walk,Tanzania,Dodoma,1,1,Strava GPS + point-in-polygon (Natural Earth) / nearest TZ city
a0594,2022-05-21,Run,,,0,0,Strava GPS + point-in-polygon (Natural Earth) / nearest TZ city
a0595,2022-05-21,Workout,,,0,0,Strava GPS + point-in-polygon (Natural Earth) / nearest TZ city
a0596,2022-05-21,Run,,,0,0,Strava GPS + point-in-polygon (Natural Earth) / nearest TZ city
a0597,2022-05-21,Walk,,,0,0,Strava GPS + point-in-polygon (Natural Earth) / nearest TZ city
a0598,2022-05-22,Walk,Tanzania,Dodoma,1,1,Strava GPS + point-in-polygon (Natural Earth) / nearest TZ city
a0599,2022-05-22,Walk,Tanzania,Dodoma,1,1,Strava GPS + point-in-polygon (Natural Earth) / nearest TZ city
a0600,2022-05-22,Walk,Tanzania,Dodoma,1,1,Strava GPS + point-in-polygon (Natural Earth) / nearest TZ city
a0601,2022-05-23,Run,,,0,0,Strava GPS + point-in-polygon (Natural Earth) / nearest TZ city
a0602,2022-05-24,Run,,,0,0,Strava GPS + point-in-polygon (Natural Earth) / nearest TZ city
a0603,2022-05-24,Walk,Tanzania,Dodoma,1,1,Strava GPS + point-in-polygon (Natural Earth) / nearest TZ city
a0604,2022-05-25,Run,,,0,0,Strava GPS + point-in-polygon (Natural Earth) / nearest TZ city
a0605,2022-05-26,Run,,,0,0,Strava GPS + point-in-polygon (Natural Earth) / nearest TZ city
a0606,2022-05-27,Run,,,0,0,Strava GPS + point-in-polygon (Natural Earth) / nearest TZ city
a0607,2022-05-28,Run,,,0,0,Strava GPS + point-in-polygon (Natural Earth) / nearest TZ city
a0608,2022-05-31,Run,,,0,0,Strava GPS + point-in-polygon (Natural Earth) / nearest TZ city
a0609,2022-06-01,Run,,,0,0,Strava GPS + point-in-polygon (Natural Earth) / nearest TZ city
a0610,2022-06-02,Run,,,0,0,Strava GPS + point-in-polygon (Natural Earth) / nearest TZ city
a0611,2022-06-03,Walk,Tanzania,Dar es Salaam,1,1,Strava GPS + point-in-polygon (Natural Earth) / nearest TZ city
a0612,2022-06-03,Walk,Tanzania,Dar es Salaam,1,1,Strava GPS + point-in-polygon (Natural Earth) / nearest TZ city
a0613,2022-06-03,Walk,Tanzania,Dar es Salaam,1,1,Strava GPS + point-in-polygon (Natural Earth) / nearest TZ city
a0614,2022-06-03,Walk,Tanzania,Dar es Salaam,1,1,Strava GPS + point-in-polygon (Natural Earth) / nearest TZ city
a0615,2022-06-03,Walk,Tanzania,Dar es Salaam,1,1,Strava GPS + point-in-polygon (Natural Earth) / nearest TZ city
a0616,2022-06-04,Walk,Tanzania,Dar es Salaam,1,1,Strava GPS + point-in-polygon (Natural Earth) / nearest TZ city
a0617,2022-06-08,Run,,,0,0,Strava GPS + point-in-polygon (Natural Earth) / nearest TZ city
a0618,2022-06-09,Run,,,0,0,Strava GPS + point-in-polygon (Natural Earth) / nearest TZ city
a0619,2022-06-10,Run,,,0,0,Strava GPS + point-in-polygon (Natural Earth) / nearest TZ city
a0620,2022-06-11,Run,,,0,0,Strava GPS + point-in-polygon (Natural Earth) / nearest TZ city
a0621,2022-06-12,Walk,Tanzania,Dodoma,1,1,Strava GPS + point-in-polygon (Natural Earth) / nearest TZ city
a0622,2022-06-12,Run,,,0,0,Strava GPS + point-in-polygon (Natural Earth) / nearest TZ city
a0623,2022-06-13,Run,,,0,0,Strava GPS + point-in-polygon (Natural Earth) / nearest TZ city
a0624,2022-06-14,Run,,,0,0,Strava GPS + point-in-polygon (Natural Earth) / nearest TZ city
a0625,2022-06-16,Walk,Tanzania,Kilimanjaro,1,1,Strava GPS + point-in-polygon (Natural Earth) / nearest TZ city
a0626,2022-06-17,Walk,Tanzania,Kilimanjaro,1,1,Strava GPS + point-in-polygon (Natural Earth) / nearest TZ city
a0627,2022-06-18,Run,,,0,0,Strava GPS + point-in-polygon (Natural Earth) / nearest TZ city
a0628,2022-06-20,Run,,,0,0,Strava GPS + point-in-polygon (Natural Earth) / nearest TZ city
a0629,2022-06-20,Run,,,0,0,Strava GPS + point-in-polygon (Natural Earth) / nearest TZ city
a0630,2022-06-21,Walk,Tanzania,Morogoro,1,1,Strava GPS + point-in-polygon (Natural Earth) / nearest TZ city
a0631,2022-06-21,Run,,,0,0,Strava GPS + point-in-polygon (Natural Earth) / nearest TZ city
a0632,2022-06-22,Walk,Tanzania,Morogoro,1,1,Strava GPS + point-in-polygon (Natural Earth) / nearest TZ city
a0633,2022-06-22,Run,,,0,0,Strava GPS + point-in-polygon (Natural Earth) / nearest TZ city
a0634,2022-06-23,Hike,Tanzania,Morogoro,1,1,Strava GPS + point-in-polygon (Natural Earth) / nearest TZ city
a0635,2022-06-23,TrailRun,Tanzania,Morogoro,1,1,Strava GPS + point-in-polygon (Natural Earth) / nearest TZ city
a0636,2022-06-23,Hike,Tanzania,Morogoro,1,1,Strava GPS + point-in-polygon (Natural Earth) / nearest TZ city
a0637,2022-06-24,Run,,,0,0,Strava GPS + point-in-polygon (Natural Earth) / nearest TZ city
a0638,2022-06-24,Walk,Tanzania,Morogoro,1,1,Strava GPS + point-in-polygon (Natural Earth) / nearest TZ city
a0639,2022-06-26,Walk,Tanzania,Morogoro,1,1,Strava GPS + point-in-polygon (Natural Earth) / nearest TZ city
a0640,2022-06-26,Run,,,0,0,Strava GPS + point-in-polygon (Natural Earth) / nearest TZ city
a0641,2022-06-26,Run,,,0,0,Strava GPS + point-in-polygon (Natural Earth) / nearest TZ city
a0642,2022-06-28,Walk,Tanzania,Morogoro,1,1,Strava GPS + point-in-polygon (Natural Earth) / nearest TZ city
a0643,2022-06-28,Run,,,0,0,Strava GPS + point-in-polygon (Natural Earth) / nearest TZ city
a0644,2022-06-29,Run,,,0,0,Strava GPS + point-in-polygon (Natural Earth) / nearest TZ city
a0645,2022-06-29,Run,,,0,0,Strava GPS + point-in-polygon (Natural Earth) / nearest TZ city
a0646,2022-06-30,Run,,,0,0,Strava GPS + point-in-polygon (Natural Earth) / nearest TZ city
a0647,2022-06-30,Run,,,0,0,Strava GPS + point-in-polygon (Natural Earth) / nearest TZ city
a0648,2022-07-02,Run,,,0,0,Strava GPS + point-in-polygon (Natural Earth) / nearest TZ city
a0649,2022-07-03,Walk,Tanzania,Dodoma,1,1,Strava GPS + point-in-polygon (Natural Earth) / nearest TZ city
a0650,2022-07-04,Run,,,0,0,Strava GPS + point-in-polygon (Natural Earth) / nearest TZ city
a0651,2022-07-05,Run,,,0,0,Strava GPS + point-in-polygon (Natural Earth) / nearest TZ city
a0652,2022-07-06,Run,,,0,0,Strava GPS + point-in-polygon (Natural Earth) / nearest TZ city
a0653,2022-07-07,Run,,,0,0,Strava GPS + point-in-polygon (Natural Earth) / nearest TZ city
a0654,2022-07-07,Walk,Tanzania,Dodoma,1,1,Strava GPS + point-in-polygon (Natural Earth) / nearest TZ city
a0655,2022-07-07,Run,,,0,0,Strava GPS + point-in-polygon (Natural Earth) / nearest TZ city
a0656,2022-07-09,Run,,,0,0,Strava GPS + point-in-polygon (Natural Earth) / nearest TZ city
a0657,2022-07-09,Walk,Tanzania,Kilimanjaro,1,1,Strava GPS + point-in-polygon (Natural Earth) / nearest TZ city
a0658,2022-07-10,Run,,,0,0,Strava GPS + point-in-polygon (Natural Earth) / nearest TZ city
a0659,2022-07-10,Walk,Tanzania,Kilimanjaro,1,1,Strava GPS + point-in-polygon (Natural Earth) / nearest TZ city
a0660,2022-07-11,Walk,Tanzania,Kilimanjaro,1,1,Strava GPS + point-in-polygon (Natural Earth) / nearest TZ city
a0661,2022-07-11,Walk,Tanzania,Kilimanjaro,1,1,Strava GPS + point-in-polygon (Natural Earth) / nearest TZ city
a0662,2022-07-12,Run,,,0,0,Strava GPS + point-in-polygon (Natural Earth) / nearest TZ city
a0663,2022-07-13,Run,,,0,0,Strava GPS + point-in-polygon (Natural Earth) / nearest TZ city
a0664,2022-07-13,Walk,Tanzania,Kilimanjaro,1,1,Strava GPS + point-in-polygon (Natural Earth) / nearest TZ city
a0665,2022-07-14,Run,,,0,0,Strava GPS + point-in-polygon (Natural Earth) / nearest TZ city
a0666,2022-07-14,Walk,Tanzania,Kilimanjaro,1,1,Strava GPS + point-in-polygon (Natural Earth) / nearest TZ city
a0667,2022-07-15,Run,,,0,0,Strava GPS + point-in-polygon (Natural Earth) / nearest TZ city
a0668,2022-07-15,Run,,,0,0,Strava GPS + point-in-polygon (Natural Earth) / nearest TZ city
a0669,2022-07-16,Run,,,0,0,Strava GPS + point-in-polygon (Natural Earth) / nearest TZ city
a0670,2022-07-16,Walk,Tanzania,Kilimanjaro,1,1,Strava GPS + point-in-polygon (Natural Earth) / nearest TZ city
a0671,2022-07-17,Walk,Tanzania,Kilimanjaro,1,1,Strava GPS + point-in-polygon (Natural Earth) / nearest TZ city
a0672,2022-07-17,Run,,,0,0,Strava GPS + point-in-polygon (Natural Earth) / nearest TZ city
a0673,2022-07-19,Run,,,0,0,Strava GPS + point-in-polygon (Natural Earth) / nearest TZ city
a0674,2022-07-19,Walk,Tanzania,Kilimanjaro,1,1,Strava GPS + point-in-polygon (Natural Earth) / nearest TZ city
a0675,2022-07-20,Walk,Tanzania,Dar es Salaam,1,1,Strava GPS + point-in-polygon (Natural Earth) / nearest TZ city
a0676,2022-07-23,Walk,Tanzania,Kilimanjaro,1,1,Strava GPS + point-in-polygon (Natural Earth) / nearest TZ city
a0677,2022-07-23,Walk,Tanzania,Kilimanjaro,1,1,Strava GPS + point-in-polygon (Natural Earth) / nearest TZ city
a0678,2022-07-23,Walk,Tanzania,Kilimanjaro,1,1,Strava GPS + point-in-polygon (Natural Earth) / nearest TZ city
a0679,2022-07-25,Run,,,0,0,Strava GPS + point-in-polygon (Natural Earth) / nearest TZ city
a0680,2022-07-25,Run,,,0,0,Strava GPS + point-in-polygon (Natural Earth) / nearest TZ city
a0681,2022-07-26,Run,,,0,0,Strava GPS + point-in-polygon (Natural Earth) / nearest TZ city
a0682,2022-07-26,Run,,,0,0,Strava GPS + point-in-polygon (Natural Earth) / nearest TZ city
a0683,2022-07-27,Run,,,0,0,Strava GPS + point-in-polygon (Natural Earth) / nearest TZ city
a0684,2022-07-27,Run,,,0,0,Strava GPS + point-in-polygon (Natural Earth) / nearest TZ city
a0685,2022-07-28,Run,,,0,0,Strava GPS + point-in-polygon (Natural Earth) / nearest TZ city
a0686,2022-07-28,Run,,,0,0,Strava GPS + point-in-polygon (Natural Earth) / nearest TZ city
a0687,2022-07-29,Run,,,0,0,Strava GPS + point-in-polygon (Natural Earth) / nearest TZ city
a0688,2022-07-29,Run,,,0,0,Strava GPS + point-in-polygon (Natural Earth) / nearest TZ city
a0689,2022-07-30,Run,,,0,0,Strava GPS + point-in-polygon (Natural Earth) / nearest TZ city
a0690,2022-07-30,Walk,Tanzania,Dodoma,1,1,Strava GPS + point-in-polygon (Natural Earth) / nearest TZ city
a0691,2022-07-30,Run,,,0,0,Strava GPS + point-in-polygon (Natural Earth) / nearest TZ city
a0692,2022-07-31,Walk,Tanzania,Dodoma,1,1,Strava GPS + point-in-polygon (Natural Earth) / nearest TZ city
a0693,2022-08-01,Run,,,0,0,Strava GPS + point-in-polygon (Natural Earth) / nearest TZ city
a0694,2022-08-03,Run,,,0,0,Strava GPS + point-in-polygon (Natural Earth) / nearest TZ city
a0695,2022-08-03,Run,,,0,0,Strava GPS + point-in-polygon (Natural Earth) / nearest TZ city
a0696,2022-08-05,Run,,,0,0,Strava GPS + point-in-polygon (Natural Earth) / nearest TZ city
a0697,2022-08-05,Run,,,0,0,Strava GPS + point-in-polygon (Natural Earth) / nearest TZ city
a0698,2022-08-10,Run,,,0,0,Strava GPS + point-in-polygon (Natural Earth) / nearest TZ city
a0699,2022-08-10,Run,,,0,0,Strava GPS + point-in-polygon (Natural Earth) / nearest TZ city
a0700,2022-08-12,Run,,,0,0,Strava GPS + point-in-polygon (Natural Earth) / nearest TZ city
a0701,2022-08-13,Run,,,0,0,Strava GPS + point-in-polygon (Natural Earth) / nearest TZ city
a0702,2022-08-14,Walk,Tanzania,Dar es Salaam,1,1,Strava GPS + point-in-polygon (Natural Earth) / nearest TZ city
a0703,2022-08-15,Run,,,0,0,Strava GPS + point-in-polygon (Natural Earth) / nearest TZ city
a0704,2022-08-16,Run,,,0,0,Strava GPS + point-in-polygon (Natural Earth) / nearest TZ city
a0705,2022-08-18,Run,,,0,0,Strava GPS + point-in-polygon (Natural Earth) / nearest TZ city
a0706,2022-08-19,Walk,Tanzania,Dodoma,1,1,Strava GPS + point-in-polygon (Natural Earth) / nearest TZ city
a0707,2022-08-20,TrailRun,Tanzania,Morogoro,1,1,Strava GPS + point-in-polygon (Natural Earth) / nearest TZ city
a0708,2022-08-21,Run,,,0,0,Strava GPS + point-in-polygon (Natural Earth) / nearest TZ city
a0709,2022-08-26,Run,,,0,0,Strava GPS + point-in-polygon (Natural Earth) / nearest TZ city
a0710,2022-08-27,Run,,,0,0,Strava GPS + point-in-polygon (Natural Earth) / nearest TZ city
a0711,2022-08-28,Run,,,0,0,Strava GPS + point-in-polygon (Natural Earth) / nearest TZ city
a0712,2022-08-31,Run,,,0,0,Strava GPS + point-in-polygon (Natural Earth) / nearest TZ city
a0713,2022-08-31,Workout,,,0,0,Strava GPS + point-in-polygon (Natural Earth) / nearest TZ city
a0714,2022-08-31,Walk,Tanzania,Dar es Salaam,1,1,Strava GPS + point-in-polygon (Natural Earth) / nearest TZ city
a0715,2022-09-01,Ride,,,0,0,Strava GPS + point-in-polygon (Natural Earth) / nearest TZ city
a0716,2022-09-02,Run,,,0,0,Strava GPS + point-in-polygon (Natural Earth) / nearest TZ city
a0717,2022-09-02,Workout,,,0,0,Strava GPS + point-in-polygon (Natural Earth) / nearest TZ city
a0718,2022-09-02,Walk,,,0,0,Strava GPS + point-in-polygon (Natural Earth) / nearest TZ city
a0719,2022-09-03,Run,,,0,0,Strava GPS + point-in-polygon (Natural Earth) / nearest TZ city
a0720,2022-09-03,Workout,,,0,0,Strava GPS + point-in-polygon (Natural Earth) / nearest TZ city
a0721,2022-09-03,Workout,,,0,0,Strava GPS + point-in-polygon (Natural Earth) / nearest TZ city
a0722,2022-09-04,Run,,,0,0,Strava GPS + point-in-polygon (Natural Earth) / nearest TZ city
a0723,2022-09-04,Walk,Tanzania,Dar es Salaam,1,1,Strava GPS + point-in-polygon (Natural Earth) / nearest TZ city
a0724,2022-09-04,Walk,Tanzania,Dar es Salaam,1,1,Strava GPS + point-in-polygon (Natural Earth) / nearest TZ city
a0725,2022-09-04,Walk,Tanzania,Dar es Salaam,1,0,Strava GPS + point-in-polygon (Natural Earth) / nearest TZ city
a0726,2022-09-05,Walk,Tanzania,Dar es Salaam,1,0,Strava GPS + point-in-polygon (Natural Earth) / nearest TZ city
a0727,2022-09-06,Walk,Tanzania,Dar es Salaam,1,1,Strava GPS + point-in-polygon (Natural Earth) / nearest TZ city
a0728,2022-09-06,Walk,Tanzania,Dar es Salaam,1,0,Strava GPS + point-in-polygon (Natural Earth) / nearest TZ city
a0729,2022-09-08,Run,,,0,0,Strava GPS + point-in-polygon (Natural Earth) / nearest TZ city
a0730,2022-09-10,Walk,Tanzania,Dodoma,1,1,Strava GPS + point-in-polygon (Natural Earth) / nearest TZ city
a0731,2022-09-12,Run,,,0,0,Strava GPS + point-in-polygon (Natural Earth) / nearest TZ city
a0732,2022-09-12,Workout,,,0,0,Strava GPS + point-in-polygon (Natural Earth) / nearest TZ city
a0733,2022-09-13,Run,,,0,0,Strava GPS + point-in-polygon (Natural Earth) / nearest TZ city
a0734,2022-09-14,Run,,,0,0,Strava GPS + point-in-polygon (Natural Earth) / nearest TZ city
a0735,2022-09-14,Workout,,,0,0,Strava GPS + point-in-polygon (Natural Earth) / nearest TZ city
a0736,2022-09-15,Hike,Tanzania,Dodoma,1,1,Strava GPS + point-in-polygon (Natural Earth) / nearest TZ city
a0737,2022-09-15,Run,,,0,0,Strava GPS + point-in-polygon (Natural Earth) / nearest TZ city
a0738,2022-09-16,Run,,,0,0,Strava GPS + point-in-polygon (Natural Earth) / nearest TZ city
a0739,2022-09-16,Workout,,,0,0,Strava GPS + point-in-polygon (Natural Earth) / nearest TZ city
a0740,2022-09-19,Run,,,0,0,Strava GPS + point-in-polygon (Natural Earth) / nearest TZ city
a0741,2022-09-19,Workout,,,0,0,Strava GPS + point-in-polygon (Natural Earth) / nearest TZ city
a0742,2022-09-19,Workout,,,0,0,Strava GPS + point-in-polygon (Natural Earth) / nearest TZ city
a0743,2022-09-20,Run,,,0,0,Strava GPS + point-in-polygon (Natural Earth) / nearest TZ city
a0744,2022-09-21,Run,,,0,0,Strava GPS + point-in-polygon (Natural Earth) / nearest TZ city
a0745,2022-09-22,Run,,,0,0,Strava GPS + point-in-polygon (Natural Earth) / nearest TZ city
a0746,2022-09-26,Walk,Tanzania,Iringa,1,1,Strava GPS + point-in-polygon (Natural Earth) / nearest TZ city
a0747,2022-09-26,Walk,Tanzania,Iringa,1,1,Strava GPS + point-in-polygon (Natural Earth) / nearest TZ city
a0748,2022-09-27,Walk,Tanzania,Iringa,1,1,Strava GPS + point-in-polygon (Natural Earth) / nearest TZ city
a0749,2022-09-27,Workout,,,0,0,Strava GPS + point-in-polygon (Natural Earth) / nearest TZ city
a0750,2022-09-27,Workout,,,0,0,Strava GPS + point-in-polygon (Natural Earth) / nearest TZ city
a0751,2022-09-27,Walk,Tanzania,Iringa,1,1,Strava GPS + point-in-polygon (Natural Earth) / nearest TZ city
a0752,2022-09-28,Walk,Tanzania,Iringa,1,1,Strava GPS + point-in-polygon (Natural Earth) / nearest TZ city
a0753,2022-10-01,GravelRide,Tanzania,Iringa,1,1,Strava GPS + point-in-polygon (Natural Earth) / nearest TZ city
a0754,2022-10-02,Walk,Tanzania,Iringa,1,1,Strava GPS + point-in-polygon (Natural Earth) / nearest TZ city
a0755,2022-10-08,TrailRun,Tanzania,Morogoro,1,1,Strava GPS + point-in-polygon (Natural Earth) / nearest TZ city
a0756,2022-10-08,TrailRun,Tanzania,Morogoro,1,1,Strava GPS + point-in-polygon (Natural Earth) / nearest TZ city
a0757,2022-10-10,Walk,Tanzania,Dar es Salaam,1,0,Strava GPS + point-in-polygon (Natural Earth) / nearest TZ city
a0758,2022-10-10,Walk,Tanzania,Dar es Salaam,1,0,Strava GPS + point-in-polygon (Natural Earth) / nearest TZ city
a0759,2022-10-11,Walk,Tanzania,Dar es Salaam,1,0,Strava GPS + point-in-polygon (Natural Earth) / nearest TZ city
a0760,2022-10-12,Walk,Tanzania,Dar es Salaam,1,0,Strava GPS + point-in-polygon (Natural Earth) / nearest TZ city
a0761,2022-10-12,Walk,Tanzania,Dar es Salaam,1,0,Strava GPS + point-in-polygon (Natural Earth) / nearest TZ city
a0762,2022-10-15,TrailRun,Tanzania,Mbeya,1,1,Strava GPS + point-in-polygon (Natural Earth) / nearest TZ city
a0763,2022-10-16,Walk,Tanzania,Dodoma,1,1,Strava GPS + point-in-polygon (Natural Earth) / nearest TZ city
a0764,2022-10-17,Walk,Tanzania,Dodoma,1,1,Strava GPS + point-in-polygon (Natural Earth) / nearest TZ city
a0765,2022-10-17,Workout,,,0,0,Strava GPS + point-in-polygon (Natural Earth) / nearest TZ city
a0766,2022-10-17,Workout,,,0,0,Strava GPS + point-in-polygon (Natural Earth) / nearest TZ city
a0767,2022-10-18,Walk,Tanzania,Dodoma,1,1,Strava GPS + point-in-polygon (Natural Earth) / nearest TZ city
a0768,2022-10-19,Walk,Tanzania,Dodoma,1,1,Strava GPS + point-in-polygon (Natural Earth) / nearest TZ city
a0769,2022-10-19,Workout,,,0,0,Strava GPS + point-in-polygon (Natural Earth) / nearest TZ city
a0770,2022-10-22,Walk,Tanzania,Dodoma,1,1,Strava GPS + point-in-polygon (Natural Earth) / nearest TZ city
a0771,2022-10-23,Walk,Tanzania,Kilimanjaro,1,1,Strava GPS + point-in-polygon (Natural Earth) / nearest TZ city
a0772,2022-10-24,Walk,Tanzania,Kilimanjaro,1,1,Strava GPS + point-in-polygon (Natural Earth) / nearest TZ city
a0773,2022-10-25,Walk,Tanzania,Kilimanjaro,1,1,Strava GPS + point-in-polygon (Natural Earth) / nearest TZ city
a0774,2022-10-26,Walk,Tanzania,Kilimanjaro,1,1,Strava GPS + point-in-polygon (Natural Earth) / nearest TZ city
a0775,2022-10-27,Walk,Tanzania,Kilimanjaro,1,1,Strava GPS + point-in-polygon (Natural Earth) / nearest TZ city
a0776,2022-10-27,Walk,Tanzania,Kilimanjaro,1,1,Strava GPS + point-in-polygon (Natural Earth) / nearest TZ city
a0777,2022-10-31,TrailRun,Tanzania,Dodoma,1,1,Strava GPS + point-in-polygon (Natural Earth) / nearest TZ city
a0778,2022-10-31,Workout,,,0,0,Strava GPS + point-in-polygon (Natural Earth) / nearest TZ city
a0779,2022-11-02,Walk,Tanzania,Dodoma,1,1,Strava GPS + point-in-polygon (Natural Earth) / nearest TZ city
a0780,2022-11-02,Run,Tanzania,Dodoma,1,1,Strava GPS + point-in-polygon (Natural Earth) / nearest TZ city
a0781,2022-11-03,Walk,Tanzania,Dodoma,1,1,Strava GPS + point-in-polygon (Natural Earth) / nearest TZ city
a0782,2022-11-03,Run,Tanzania,Dodoma,1,1,Strava GPS + point-in-polygon (Natural Earth) / nearest TZ city
a0783,2022-11-04,Walk,Tanzania,Dodoma,1,1,Strava GPS + point-in-polygon (Natural Earth) / nearest TZ city
a0784,2022-11-05,Run,Tanzania,Dodoma,1,1,Strava GPS + point-in-polygon (Natural Earth) / nearest TZ city
a0785,2022-11-05,Workout,,,0,0,Strava GPS + point-in-polygon (Natural Earth) / nearest TZ city
a0786,2022-11-05,Walk,Tanzania,Dodoma,1,1,Strava GPS + point-in-polygon (Natural Earth) / nearest TZ city
a0787,2022-11-06,Run,Tanzania,Dodoma,1,1,Strava GPS + point-in-polygon (Natural Earth) / nearest TZ city
a0788,2022-11-07,Walk,Tanzania,Dodoma,1,1,Strava GPS + point-in-polygon (Natural Earth) / nearest TZ city
a0789,2022-11-07,Walk,Tanzania,Dodoma,1,1,Strava GPS + point-in-polygon (Natural Earth) / nearest TZ city
a0790,2022-11-08,Walk,Tanzania,Dodoma,1,1,Strava GPS + point-in-polygon (Natural Earth) / nearest TZ city
a0791,2022-11-09,Walk,Tanzania,Dar es Salaam,1,1,Strava GPS + point-in-polygon (Natural Earth) / nearest TZ city
a0792,2022-11-10,Walk,Tanzania,Dar es Salaam,1,1,Strava GPS + point-in-polygon (Natural Earth) / nearest TZ city
a0793,2022-11-10,Walk,Tanzania,Zanzibar Urban/West,1,0,Strava GPS + point-in-polygon (Natural Earth) / nearest TZ city
a0794,2022-11-11,Run,Tanzania,Zanzibar Urban/West,1,0,Strava GPS + point-in-polygon (Natural Earth) / nearest TZ city
a0795,2022-11-12,Run,Tanzania,Zanzibar Urban/West,1,0,Strava GPS + point-in-polygon (Natural Earth) / nearest TZ city
a0796,2022-11-13,Run,Tanzania,Zanzibar Urban/West,1,0,Strava GPS + point-in-polygon (Natural Earth) / nearest TZ city
a0797,2022-11-13,Walk,Tanzania,Dar es Salaam,1,1,Strava GPS + point-in-polygon (Natural Earth) / nearest TZ city
a0798,2022-11-15,Walk,Tanzania,Dodoma,1,1,Strava GPS + point-in-polygon (Natural Earth) / nearest TZ city
a0799,2022-11-18,Walk,Tanzania,Dodoma,1,1,Strava GPS + point-in-polygon (Natural Earth) / nearest TZ city
a0800,2022-11-19,Walk,Tanzania,Dodoma,1,1,Strava GPS + point-in-polygon (Natural Earth) / nearest TZ city
a0801,2022-11-19,Walk,Tanzania,Dodoma,1,1,Strava GPS + point-in-polygon (Natural Earth) / nearest TZ city
a0802,2022-11-19,Run,Tanzania,Dodoma,1,1,Strava GPS + point-in-polygon (Natural Earth) / nearest TZ city
a0803,2022-11-21,Walk,Tanzania,Dodoma,1,1,Strava GPS + point-in-polygon (Natural Earth) / nearest TZ city
a0804,2022-11-22,Walk,Tanzania,Dodoma,1,1,Strava GPS + point-in-polygon (Natural Earth) / nearest TZ city
a0805,2022-11-23,Walk,Tanzania,Dodoma,1,1,Strava GPS + point-in-polygon (Natural Earth) / nearest TZ city
a0806,2022-11-24,Run,Tanzania,Dodoma,1,1,Strava GPS + point-in-polygon (Natural Earth) / nearest TZ city
a0807,2022-11-25,Run,Tanzania,Dodoma,1,1,Strava GPS + point-in-polygon (Natural Earth) / nearest TZ city
a0808,2022-11-26,Run,Tanzania,Dodoma,1,1,Strava GPS + point-in-polygon (Natural Earth) / nearest TZ city
a0809,2022-11-27,Run,Tanzania,Dodoma,1,1,Strava GPS + point-in-polygon (Natural Earth) / nearest TZ city
a0810,2022-11-28,Run,Tanzania,Dodoma,1,1,Strava GPS + point-in-polygon (Natural Earth) / nearest TZ city
a0811,2022-11-30,Run,Tanzania,Dodoma,1,1,Strava GPS + point-in-polygon (Natural Earth) / nearest TZ city
a0812,2022-12-01,Walk,Tanzania,Dodoma,1,1,Strava GPS + point-in-polygon (Natural Earth) / nearest TZ city
a0813,2022-12-01,Walk,Tanzania,Dodoma,1,1,Strava GPS + point-in-polygon (Natural Earth) / nearest TZ city
a0814,2022-12-02,Walk,Tanzania,Iringa,1,1,Strava GPS + point-in-polygon (Natural Earth) / nearest TZ city
a0815,2022-12-04,Walk,Tanzania,Dodoma,1,1,Strava GPS + point-in-polygon (Natural Earth) / nearest TZ city
a0816,2022-12-05,Walk,Tanzania,Dodoma,1,1,Strava GPS + point-in-polygon (Natural Earth) / nearest TZ city
a0817,2022-12-06,Walk,Tanzania,Dodoma,1,1,Strava GPS + point-in-polygon (Natural Earth) / nearest TZ city
a0818,2022-12-10,Walk,Kenya,,1,1,Strava GPS + point-in-polygon (Natural Earth) / nearest TZ city
a0819,2022-12-10,GravelRide,Kenya,,1,1,Strava GPS + point-in-polygon (Natural Earth) / nearest TZ city
a0820,2022-12-11,GravelRide,Kenya,,1,1,Strava GPS + point-in-polygon (Natural Earth) / nearest TZ city
a0821,2022-12-12,Walk,Kenya,,1,1,Strava GPS + point-in-polygon (Natural Earth) / nearest TZ city
a0822,2022-12-14,Walk,Tanzania,Dodoma,1,1,Strava GPS + point-in-polygon (Natural Earth) / nearest TZ city
a0823,2022-12-15,Walk,Tanzania,Dodoma,1,1,Strava GPS + point-in-polygon (Natural Earth) / nearest TZ city
a0824,2022-12-16,Walk,Tanzania,Dodoma,1,1,Strava GPS + point-in-polygon (Natural Earth) / nearest TZ city
a0825,2022-12-17,Walk,Tanzania,Arusha,1,1,Strava GPS + point-in-polygon (Natural Earth) / nearest TZ city
a0826,2022-12-18,TrailRun,Tanzania,Arusha,1,1,Strava GPS + point-in-polygon (Natural Earth) / nearest TZ city
a0827,2022-12-24,Walk,Tanzania,Kilimanjaro,1,1,Strava GPS + point-in-polygon (Natural Earth) / nearest TZ city
a0828,2022-12-24,Walk,Tanzania,Kilimanjaro,1,1,Strava GPS + point-in-polygon (Natural Earth) / nearest TZ city
a0829,2022-12-26,Walk,Tanzania,Kilimanjaro,1,1,Strava GPS + point-in-polygon (Natural Earth) / nearest TZ city
a0830,2022-12-27,Run,,,0,0,Strava GPS + point-in-polygon (Natural Earth) / nearest TZ city
a0831,2022-12-27,Walk,Tanzania,Kilimanjaro,1,1,Strava GPS + point-in-polygon (Natural Earth) / nearest TZ city
a0832,2022-12-28,Workout,,,0,0,Strava GPS + point-in-polygon (Natural Earth) / nearest TZ city
a0833,2022-12-30,Walk,Tanzania,Kilimanjaro,1,1,Strava GPS + point-in-polygon (Natural Earth) / nearest TZ city
a0834,2023-01-01,Walk,Tanzania,Kilimanjaro,1,1,Strava GPS + point-in-polygon (Natural Earth) / nearest TZ city
a0835,2023-01-01,Walk,Tanzania,Kilimanjaro,1,1,Strava GPS + point-in-polygon (Natural Earth) / nearest TZ city
a0836,2023-01-02,Walk,Tanzania,Kilimanjaro,1,1,Strava GPS + point-in-polygon (Natural Earth) / nearest TZ city
a0837,2023-01-02,Walk,Tanzania,Kilimanjaro,1,1,Strava GPS + point-in-polygon (Natural Earth) / nearest TZ city
a0838,2023-01-04,Workout,,,0,0,Strava GPS + point-in-polygon (Natural Earth) / nearest TZ city
a0839,2023-01-04,Walk,Tanzania,Kilimanjaro,1,1,Strava GPS + point-in-polygon (Natural Earth) / nearest TZ city
a0840,2023-01-05,Walk,Tanzania,Kilimanjaro,1,1,Strava GPS + point-in-polygon (Natural Earth) / nearest TZ city
a0841,2023-01-06,Run,Tanzania,Kilimanjaro,1,1,Strava GPS + point-in-polygon (Natural Earth) / nearest TZ city
a0842,2023-01-08,Walk,Tanzania,Dodoma,1,1,Strava GPS + point-in-polygon (Natural Earth) / nearest TZ city
a0843,2023-01-09,Run,,,0,0,Strava GPS + point-in-polygon (Natural Earth) / nearest TZ city
a0844,2023-01-09,Workout,,,0,0,Strava GPS + point-in-polygon (Natural Earth) / nearest TZ city
a0845,2023-01-09,Walk,Tanzania,Dodoma,1,1,Strava GPS + point-in-polygon (Natural Earth) / nearest TZ city
a0846,2023-01-11,Run,,,0,0,Strava GPS + point-in-polygon (Natural Earth) / nearest TZ city
a0847,2023-01-12,Run,,,0,0,Strava GPS + point-in-polygon (Natural Earth) / nearest TZ city
a0848,2023-01-13,Run,,,0,0,Strava GPS + point-in-polygon (Natural Earth) / nearest TZ city
a0849,2023-01-14,Walk,Tanzania,Dodoma,1,1,Strava GPS + point-in-polygon (Natural Earth) / nearest TZ city
a0850,2023-01-14,Run,,,0,0,Strava GPS + point-in-polygon (Natural Earth) / nearest TZ city
a0851,2023-01-15,Walk,Tanzania,Dodoma,1,1,Strava GPS + point-in-polygon (Natural Earth) / nearest TZ city
a0852,2023-01-15,Walk,,,0,0,Strava GPS + point-in-polygon (Natural Earth) / nearest TZ city
a0853,2023-01-15,Run,,,0,0,Strava GPS + point-in-polygon (Natural Earth) / nearest TZ city
a0854,2023-01-17,Run,,,0,0,Strava GPS + point-in-polygon (Natural Earth) / nearest TZ city
a0855,2023-01-18,Walk,Tanzania,Dodoma,1,1,Strava GPS + point-in-polygon (Natural Earth) / nearest TZ city
a0856,2023-01-19,Walk,Tanzania,Dodoma,1,1,Strava GPS + point-in-polygon (Natural Earth) / nearest TZ city
a0857,2023-01-21,TrailRun,Tanzania,Morogoro,1,1,Strava GPS + point-in-polygon (Natural Earth) / nearest TZ city
a0858,2023-01-22,TrailRun,Tanzania,Morogoro,1,1,Strava GPS + point-in-polygon (Natural Earth) / nearest TZ city
a0859,2023-01-23,Run,,,0,0,Strava GPS + point-in-polygon (Natural Earth) / nearest TZ city
a0860,2023-01-24,Run,,,0,0,Strava GPS + point-in-polygon (Natural Earth) / nearest TZ city
a0861,2023-01-26,Run,,,0,0,Strava GPS + point-in-polygon (Natural Earth) / nearest TZ city
a0862,2023-01-28,Walk,Tanzania,Dodoma,1,1,Strava GPS + point-in-polygon (Natural Earth) / nearest TZ city
a0863,2023-01-28,Walk,Tanzania,Dodoma,1,1,Strava GPS + point-in-polygon (Natural Earth) / nearest TZ city
a0864,2023-01-28,Run,,,0,0,Strava GPS + point-in-polygon (Natural Earth) / nearest TZ city
a0865,2023-02-01,Walk,Tanzania,Dodoma,1,1,Strava GPS + point-in-polygon (Natural Earth) / nearest TZ city
a0866,2023-02-02,Run,,,0,0,Strava GPS + point-in-polygon (Natural Earth) / nearest TZ city
a0867,2023-02-03,Run,,,0,0,Strava GPS + point-in-polygon (Natural Earth) / nearest TZ city
a0868,2023-02-04,TrailRun,,,0,0,Strava GPS + point-in-polygon (Natural Earth) / nearest TZ city
a0869,2023-02-04,Walk,Tanzania,Dar es Salaam,1,1,Strava GPS + point-in-polygon (Natural Earth) / nearest TZ city
a0870,2023-02-06,Run,,,0,0,Strava GPS + point-in-polygon (Natural Earth) / nearest TZ city
a0871,2023-02-07,Run,,,0,0,Strava GPS + point-in-polygon (Natural Earth) / nearest TZ city
a0872,2023-02-08,Run,,,0,0,Strava GPS + point-in-polygon (Natural Earth) / nearest TZ city
a0873,2023-02-09,Run,,,0,0,Strava GPS + point-in-polygon (Natural Earth) / nearest TZ city
a0874,2023-02-11,Run,,,0,0,Strava GPS + point-in-polygon (Natural Earth) / nearest TZ city
a0875,2023-02-11,Walk,Tanzania,Iringa,1,1,Strava GPS + point-in-polygon (Natural Earth) / nearest TZ city
a0876,2023-02-11,Workout,,,0,0,Strava GPS + point-in-polygon (Natural Earth) / nearest TZ city
a0877,2023-02-12,Walk,Tanzania,Iringa,1,1,Strava GPS + point-in-polygon (Natural Earth) / nearest TZ city
a0878,2023-02-13,Run,,,0,0,Strava GPS + point-in-polygon (Natural Earth) / nearest TZ city
a0879,2023-02-14,Run,,,0,0,Strava GPS + point-in-polygon (Natural Earth) / nearest TZ city
a0880,2023-02-17,Walk,Tanzania,Morogoro,1,1,Strava GPS + point-in-polygon (Natural Earth) / nearest TZ city
a0881,2023-02-18,TrailRun,Tanzania,Morogoro,1,1,Strava GPS + point-in-polygon (Natural Earth) / nearest TZ city
a0882,2023-02-18,Workout,,,0,0,Strava GPS + point-in-polygon (Natural Earth) / nearest TZ city
a0883,2023-02-19,TrailRun,Tanzania,Morogoro,1,1,Strava GPS + point-in-polygon (Natural Earth) / nearest TZ city
a0884,2023-02-20,Run,,,0,0,Strava GPS + point-in-polygon (Natural Earth) / nearest TZ city
a0885,2023-02-21,Walk,Tanzania,Dodoma,1,1,Strava GPS + point-in-polygon (Natural Earth) / nearest TZ city
a0886,2023-02-22,Run,,,0,0,Strava GPS + point-in-polygon (Natural Earth) / nearest TZ city
a0887,2023-02-22,Walk,Tanzania,Dar es Salaam,1,0,Strava GPS + point-in-polygon (Natural Earth) / nearest TZ city
a0888,2023-02-23,Run,,,0,0,Strava GPS + point-in-polygon (Natural Earth) / nearest TZ city
a0889,2023-02-23,Run,Tanzania,Dar es Salaam,1,0,Strava GPS + point-in-polygon (Natural Earth) / nearest TZ city
a0890,2023-02-24,Run,Tanzania,Dar es Salaam,1,0,Strava GPS + point-in-polygon (Natural Earth) / nearest TZ city
a0891,2023-02-25,Run,Tanzania,Dar es Salaam,1,0,Strava GPS + point-in-polygon (Natural Earth) / nearest TZ city
a0892,2023-02-26,Run,Tanzania,Kilimanjaro,1,1,Strava GPS + point-in-polygon (Natural Earth) / nearest TZ city
a0893,2023-02-27,Run,,,0,0,Strava GPS + point-in-polygon (Natural Earth) / nearest TZ city
a0894,2023-02-27,Walk,Tanzania,Kilimanjaro,1,1,Strava GPS + point-in-polygon (Natural Earth) / nearest TZ city
a0895,2023-02-28,Run,,,0,0,Strava GPS + point-in-polygon (Natural Earth) / nearest TZ city
a0896,2023-02-28,Walk,Tanzania,Kilimanjaro,1,1,Strava GPS + point-in-polygon (Natural Earth) / nearest TZ city
a0897,2023-03-01,Walk,Tanzania,Kilimanjaro,1,1,Strava GPS + point-in-polygon (Natural Earth) / nearest TZ city
a0898,2023-03-02,TrailRun,Tanzania,Kilimanjaro,1,1,Strava GPS + point-in-polygon (Natural Earth) / nearest TZ city
a0899,2023-03-03,TrailRun,Tanzania,Kilimanjaro,1,1,Strava GPS + point-in-polygon (Natural Earth) / nearest TZ city
a0900,2023-03-04,TrailRun,Tanzania,Kilimanjaro,1,1,Strava GPS + point-in-polygon (Natural Earth) / nearest TZ city
a0901,2023-03-05,Run,Tanzania,Kilimanjaro,1,1,Strava GPS + point-in-polygon (Natural Earth) / nearest TZ city
a0902,2023-03-06,TrailRun,Tanzania,Kilimanjaro,1,1,Strava GPS + point-in-polygon (Natural Earth) / nearest TZ city
a0903,2023-03-06,Workout,,,0,0,Strava GPS + point-in-polygon (Natural Earth) / nearest TZ city
a0904,2023-03-07,TrailRun,Tanzania,Kilimanjaro,1,1,Strava GPS + point-in-polygon (Natural Earth) / nearest TZ city
a0905,2023-03-07,Workout,,,0,0,Strava GPS + point-in-polygon (Natural Earth) / nearest TZ city
a0906,2023-03-08,TrailRun,Tanzania,Kilimanjaro,1,1,Strava GPS + point-in-polygon (Natural Earth) / nearest TZ city
a0907,2023-03-08,Workout,,,0,0,Strava GPS + point-in-polygon (Natural Earth) / nearest TZ city
a0908,2023-03-08,TrailRun,Tanzania,Kilimanjaro,1,1,Strava GPS + point-in-polygon (Natural Earth) / nearest TZ city
a0909,2023-03-09,TrailRun,Tanzania,Kilimanjaro,1,1,Strava GPS + point-in-polygon (Natural Earth) / nearest TZ city
a0910,2023-03-10,MountainBikeRide,Tanzania,Kilimanjaro,1,1,Strava GPS + point-in-polygon (Natural Earth) / nearest TZ city
a0911,2023-03-11,Workout,,,0,0,Strava GPS + point-in-polygon (Natural Earth) / nearest TZ city
a0912,2023-03-13,Walk,Tanzania,Dodoma,1,1,Strava GPS + point-in-polygon (Natural Earth) / nearest TZ city
a0913,2023-03-14,Run,,,0,0,Strava GPS + point-in-polygon (Natural Earth) / nearest TZ city
a0914,2023-03-15,Run,,,0,0,Strava GPS + point-in-polygon (Natural Earth) / nearest TZ city
a0915,2023-03-16,Walk,Tanzania,Dodoma,1,1,Strava GPS + point-in-polygon (Natural Earth) / nearest TZ city
a0916,2023-03-17,Run,,,0,0,Strava GPS + point-in-polygon (Natural Earth) / nearest TZ city
a0917,2023-03-18,GravelRide,Tanzania,Manyara,1,1,Strava GPS + point-in-polygon (Natural Earth) / nearest TZ city
a0918,2023-03-18,GravelRide,Tanzania,Manyara,1,1,Strava GPS + point-in-polygon (Natural Earth) / nearest TZ city
a0919,2023-03-18,TrailRun,Tanzania,Arusha,1,1,Strava GPS + point-in-polygon (Natural Earth) / nearest TZ city
a0920,2023-03-19,Run,Tanzania,Arusha,1,1,Strava GPS + point-in-polygon (Natural Earth) / nearest TZ city
a0921,2023-03-19,GravelRide,Tanzania,Arusha,1,1,Strava GPS + point-in-polygon (Natural Earth) / nearest TZ city
a0922,2023-03-20,Walk,Tanzania,Dodoma,1,1,Strava GPS + point-in-polygon (Natural Earth) / nearest TZ city
a0923,2023-03-21,Workout,,,0,0,Strava GPS + point-in-polygon (Natural Earth) / nearest TZ city
a0924,2023-03-21,Walk,Tanzania,Dodoma,1,1,Strava GPS + point-in-polygon (Natural Earth) / nearest TZ city
a0925,2023-03-22,Run,,,0,0,Strava GPS + point-in-polygon (Natural Earth) / nearest TZ city
a0926,2023-03-23,Walk,Tanzania,Dodoma,1,1,Strava GPS + point-in-polygon (Natural Earth) / nearest TZ city
a0927,2023-03-24,Run,,,0,0,Strava GPS + point-in-polygon (Natural Earth) / nearest TZ city
a0928,2023-03-25,Run,,,0,0,Strava GPS + point-in-polygon (Natural Earth) / nearest TZ city
a0929,2023-03-26,Run,,,0,0,Strava GPS + point-in-polygon (Natural Earth) / nearest TZ city
a0930,2023-03-27,Run,,,0,0,Strava GPS + point-in-polygon (Natural Earth) / nearest TZ city
a0931,2023-03-29,Workout,,,0,0,Strava GPS + point-in-polygon (Natural Earth) / nearest TZ city
a0932,2023-03-29,Run,,,0,0,Strava GPS + point-in-polygon (Natural Earth) / nearest TZ city
a0933,2023-03-29,Workout,,,0,0,Strava GPS + point-in-polygon (Natural Earth) / nearest TZ city
a0934,2023-03-30,Workout,,,0,0,Strava GPS + point-in-polygon (Natural Earth) / nearest TZ city
a0935,2023-03-31,Walk,,,0,0,Strava GPS + point-in-polygon (Natural Earth) / nearest TZ city
a0936,2023-04-02,Run,,,0,0,Strava GPS + point-in-polygon (Natural Earth) / nearest TZ city
a0937,2023-04-06,Run,,,0,0,Strava GPS + point-in-polygon (Natural Earth) / nearest TZ city
a0938,2023-04-06,Workout,,,0,0,Strava GPS + point-in-polygon (Natural Earth) / nearest TZ city
a0939,2023-04-07,Walk,Tanzania,Kilimanjaro,1,1,Strava GPS + point-in-polygon (Natural Earth) / nearest TZ city
a0940,2023-04-08,TrailRun,Tanzania,Kilimanjaro,1,1,Strava GPS + point-in-polygon (Natural Earth) / nearest TZ city
a0941,2023-04-09,GravelRide,Tanzania,Kilimanjaro,1,1,Strava GPS + point-in-polygon (Natural Earth) / nearest TZ city
a0942,2023-04-09,Walk,Tanzania,Kilimanjaro,1,1,Strava GPS + point-in-polygon (Natural Earth) / nearest TZ city
a0943,2023-04-10,Run,Tanzania,Dodoma,1,1,Strava GPS + point-in-polygon (Natural Earth) / nearest TZ city
a0944,2023-04-11,Workout,,,0,0,Strava GPS + point-in-polygon (Natural Earth) / nearest TZ city
a0945,2023-04-12,Run,,,0,0,Strava GPS + point-in-polygon (Natural Earth) / nearest TZ city
a0946,2023-04-15,MountainBikeRide,Tanzania,Iringa,1,1,Strava GPS + point-in-polygon (Natural Earth) / nearest TZ city
a0947,2023-04-15,Walk,Tanzania,Iringa,1,1,Strava GPS + point-in-polygon (Natural Earth) / nearest TZ city
a0948,2023-04-16,Run,,,0,0,Strava GPS + point-in-polygon (Natural Earth) / nearest TZ city
a0949,2023-04-18,Run,,,0,0,Strava GPS + point-in-polygon (Natural Earth) / nearest TZ city
a0950,2023-04-19,Run,,,0,0,Strava GPS + point-in-polygon (Natural Earth) / nearest TZ city
a0951,2023-04-20,Run,,,0,0,Strava GPS + point-in-polygon (Natural Earth) / nearest TZ city
a0952,2023-04-21,Run,,,0,0,Strava GPS + point-in-polygon (Natural Earth) / nearest TZ city
a0953,2023-04-21,Workout,,,0,0,Strava GPS + point-in-polygon (Natural Earth) / nearest TZ city
a0954,2023-04-21,Workout,,,0,0,Strava GPS + point-in-polygon (Natural Earth) / nearest TZ city
a0955,2023-04-21,Run,,,0,0,Strava GPS + point-in-polygon (Natural Earth) / nearest TZ city
a0956,2023-04-21,Workout,,,0,0,Strava GPS + point-in-polygon (Natural Earth) / nearest TZ city
a0957,2023-04-22,Walk,Tanzania,Dodoma,1,1,Strava GPS + point-in-polygon (Natural Earth) / nearest TZ city
a0958,2023-04-22,Run,,,0,0,Strava GPS + point-in-polygon (Natural Earth) / nearest TZ city
a0959,2023-04-22,Workout,,,0,0,Strava GPS + point-in-polygon (Natural Earth) / nearest TZ city
a0960,2023-04-23,Run,,,0,0,Strava GPS + point-in-polygon (Natural Earth) / nearest TZ city
a0961,2023-04-23,Walk,Tanzania,Dodoma,1,1,Strava GPS + point-in-polygon (Natural Earth) / nearest TZ city
a0962,2023-04-23,Workout,,,0,0,Strava GPS + point-in-polygon (Natural Earth) / nearest TZ city
a0963,2023-04-23,Workout,,,0,0,Strava GPS + point-in-polygon (Natural Earth) / nearest TZ city
a0964,2023-04-23,Workout,,,0,0,Strava GPS + point-in-polygon (Natural Earth) / nearest TZ city
a0965,2023-04-24,Run,,,0,0,Strava GPS + point-in-polygon (Natural Earth) / nearest TZ city
a0966,2023-04-24,Workout,,,0,0,Strava GPS + point-in-polygon (Natural Earth) / nearest TZ city
a0967,2023-04-24,Run,,,0,0,Strava GPS + point-in-polygon (Natural Earth) / nearest TZ city
a0968,2023-04-25,Workout,,,0,0,Strava GPS + point-in-polygon (Natural Earth) / nearest TZ city
a0969,2023-04-25,Run,,,0,0,Strava GPS + point-in-polygon (Natural Earth) / nearest TZ city
a0970,2023-04-25,Run,,,0,0,Strava GPS + point-in-polygon (Natural Earth) / nearest TZ city
a0971,2023-04-27,Run,,,0,0,Strava GPS + point-in-polygon (Natural Earth) / nearest TZ city
a0972,2023-04-28,Run,,,0,0,Strava GPS + point-in-polygon (Natural Earth) / nearest TZ city
a0973,2023-04-28,Walk,Tanzania,Dodoma,1,1,Strava GPS + point-in-polygon (Natural Earth) / nearest TZ city
a0974,2023-04-29,Walk,Tanzania,Manyara,1,1,Strava GPS + point-in-polygon (Natural Earth) / nearest TZ city
a0975,2023-04-30,Hike,Tanzania,Manyara,1,1,Strava GPS + point-in-polygon (Natural Earth) / nearest TZ city
a0976,2023-05-02,Run,,,0,0,Strava GPS + point-in-polygon (Natural Earth) / nearest TZ city
a0977,2023-05-02,Workout,,,0,0,Strava GPS + point-in-polygon (Natural Earth) / nearest TZ city
a0978,2023-05-02,Walk,Tanzania,Dodoma,1,1,Strava GPS + point-in-polygon (Natural Earth) / nearest TZ city
a0979,2023-05-03,Walk,Tanzania,Dodoma,1,1,Strava GPS + point-in-polygon (Natural Earth) / nearest TZ city
a0980,2023-05-04,Walk,Tanzania,Dodoma,1,1,Strava GPS + point-in-polygon (Natural Earth) / nearest TZ city
a0981,2023-05-05,Run,,,0,0,Strava GPS + point-in-polygon (Natural Earth) / nearest TZ city
a0982,2023-05-06,Run,,,0,0,Strava GPS + point-in-polygon (Natural Earth) / nearest TZ city
a0983,2023-05-08,TrailRun,Tanzania,Dodoma,1,1,Strava GPS + point-in-polygon (Natural Earth) / nearest TZ city
a0984,2023-05-10,Run,,,0,0,Strava GPS + point-in-polygon (Natural Earth) / nearest TZ city
a0985,2023-05-10,Ride,Tanzania,Dodoma,1,1,Strava GPS + point-in-polygon (Natural Earth) / nearest TZ city
a0986,2023-05-10,GravelRide,Tanzania,Dodoma,1,1,Strava GPS + point-in-polygon (Natural Earth) / nearest TZ city
a0987,2023-05-11,TrailRun,Tanzania,Dodoma,1,1,Strava GPS + point-in-polygon (Natural Earth) / nearest TZ city
a0988,2023-05-12,Run,,,0,0,Strava GPS + point-in-polygon (Natural Earth) / nearest TZ city
a0989,2023-05-13,Run,,,0,0,Strava GPS + point-in-polygon (Natural Earth) / nearest TZ city
a0990,2023-05-15,Walk,Tanzania,Dodoma,1,1,Strava GPS + point-in-polygon (Natural Earth) / nearest TZ city
a0991,2023-05-16,Run,,,0,0,Strava GPS + point-in-polygon (Natural Earth) / nearest TZ city
a0992,2023-05-21,Walk,Tanzania,Dodoma,1,1,Strava GPS + point-in-polygon (Natural Earth) / nearest TZ city
a0993,2023-05-22,Walk,Tanzania,Dodoma,1,1,Strava GPS + point-in-polygon (Natural Earth) / nearest TZ city
a0994,2023-05-23,Run,,,0,0,Strava GPS + point-in-polygon (Natural Earth) / nearest TZ city
a0995,2023-05-24,Run,,,0,0,Strava GPS + point-in-polygon (Natural Earth) / nearest TZ city
a0996,2023-05-30,Workout,,,0,0,Strava GPS + point-in-polygon (Natural Earth) / nearest TZ city
a0997,2023-05-31,Run,,,0,0,Strava GPS + point-in-polygon (Natural Earth) / nearest TZ city
a0998,2023-05-31,Workout,,,0,0,Strava GPS + point-in-polygon (Natural Earth) / nearest TZ city
a0999,2023-06-01,Run,,,0,0,Strava GPS + point-in-polygon (Natural Earth) / nearest TZ city
a1000,2023-06-02,Walk,Tanzania,Dodoma,1,1,Strava GPS + point-in-polygon (Natural Earth) / nearest TZ city
a1001,2023-06-03,Walk,Tanzania,Dodoma,1,1,Strava GPS + point-in-polygon (Natural Earth) / nearest TZ city
a1002,2023-06-03,Run,,,0,0,Strava GPS + point-in-polygon (Natural Earth) / nearest TZ city
a1003,2023-06-04,Run,,,0,0,Strava GPS + point-in-polygon (Natural Earth) / nearest TZ city
a1004,2023-06-04,Workout,,,0,0,Strava GPS + point-in-polygon (Natural Earth) / nearest TZ city
a1005,2023-06-05,Walk,Tanzania,Dodoma,1,1,Strava GPS + point-in-polygon (Natural Earth) / nearest TZ city
a1006,2023-06-05,Run,,,0,0,Strava GPS + point-in-polygon (Natural Earth) / nearest TZ city
a1007,2023-06-06,Run,,,0,0,Strava GPS + point-in-polygon (Natural Earth) / nearest TZ city
a1008,2023-06-09,Run,,,0,0,Strava GPS + point-in-polygon (Natural Earth) / nearest TZ city
a1009,2023-06-10,Run,,,0,0,Strava GPS + point-in-polygon (Natural Earth) / nearest TZ city
a1010,2023-06-11,Walk,Tanzania,Dodoma,1,1,Strava GPS + point-in-polygon (Natural Earth) / nearest TZ city
a1011,2023-06-12,TrailRun,Tanzania,Dodoma,1,1,Strava GPS + point-in-polygon (Natural Earth) / nearest TZ city
a1012,2023-06-15,Run,,,0,0,Strava GPS + point-in-polygon (Natural Earth) / nearest TZ city
a1013,2023-06-16,Run,,,0,0,Strava GPS + point-in-polygon (Natural Earth) / nearest TZ city
a1014,2023-06-19,Walk,Tanzania,Dodoma,1,1,Strava GPS + point-in-polygon (Natural Earth) / nearest TZ city
a1015,2023-06-19,Walk,Tanzania,Dodoma,1,1,Strava GPS + point-in-polygon (Natural Earth) / nearest TZ city
a1016,2023-06-20,Walk,Tanzania,Dodoma,1,1,Strava GPS + point-in-polygon (Natural Earth) / nearest TZ city
a1017,2023-06-22,Walk,Tanzania,Dodoma,1,1,Strava GPS + point-in-polygon (Natural Earth) / nearest TZ city
a1018,2023-06-24,Walk,Tanzania,Dodoma,1,1,Strava GPS + point-in-polygon (Natural Earth) / nearest TZ city
a1019,2023-06-25,Run,Tanzania,Dodoma,1,1,Strava GPS + point-in-polygon (Natural Earth) / nearest TZ city
a1020,2023-06-26,Walk,Tanzania,Dodoma,1,1,Strava GPS + point-in-polygon (Natural Earth) / nearest TZ city
a1021,2023-06-26,Walk,Tanzania,Dodoma,1,1,Strava GPS + point-in-polygon (Natural Earth) / nearest TZ city
a1022,2023-06-29,Walk,Tanzania,Dodoma,1,1,Strava GPS + point-in-polygon (Natural Earth) / nearest TZ city
a1023,2023-07-01,Walk,Tanzania,Mara,1,1,Strava GPS + point-in-polygon (Natural Earth) / nearest TZ city
a1024,2023-07-02,Walk,Tanzania,Mara,1,1,Strava GPS + point-in-polygon (Natural Earth) / nearest TZ city
a1025,2023-07-06,Walk,Tanzania,Iringa,1,1,Strava GPS + point-in-polygon (Natural Earth) / nearest TZ city
a1026,2023-07-07,Walk,Tanzania,Iringa,1,1,Strava GPS + point-in-polygon (Natural Earth) / nearest TZ city
a1027,2023-07-08,Walk,Tanzania,Iringa,1,1,Strava GPS + point-in-polygon (Natural Earth) / nearest TZ city
a1028,2023-07-09,Walk,Tanzania,Iringa,1,1,Strava GPS + point-in-polygon (Natural Earth) / nearest TZ city
a1029,2023-07-11,Walk,Tanzania,Iringa,1,1,Strava GPS + point-in-polygon (Natural Earth) / nearest TZ city
a1030,2023-07-11,Ride,Tanzania,Iringa,1,1,Strava GPS + point-in-polygon (Natural Earth) / nearest TZ city
a1031,2023-07-12,Walk,Tanzania,Dodoma,1,1,Strava GPS + point-in-polygon (Natural Earth) / nearest TZ city
a1032,2023-07-14,Workout,,,0,0,Strava GPS + point-in-polygon (Natural Earth) / nearest TZ city
a1033,2023-07-20,Walk,Tanzania,Dodoma,1,1,Strava GPS + point-in-polygon (Natural Earth) / nearest TZ city
a1034,2023-07-21,Run,,,0,0,Strava GPS + point-in-polygon (Natural Earth) / nearest TZ city
a1035,2023-07-23,Walk,Tanzania,Dodoma,1,1,Strava GPS + point-in-polygon (Natural Earth) / nearest TZ city
a1036,2023-07-23,Run,Tanzania,Dodoma,1,1,Strava GPS + point-in-polygon (Natural Earth) / nearest TZ city
a1037,2023-07-28,Walk,Tanzania,Dodoma,1,1,Strava GPS + point-in-polygon (Natural Earth) / nearest TZ city
a1038,2023-07-31,Workout,,,0,0,Strava GPS + point-in-polygon (Natural Earth) / nearest TZ city
a1039,2023-07-31,Workout,,,0,0,Strava GPS + point-in-polygon (Natural Earth) / nearest TZ city
a1040,2023-07-31,Run,,,0,0,Strava GPS + point-in-polygon (Natural Earth) / nearest TZ city
a1041,2023-08-04,Walk,Tanzania,Tanga,1,1,Strava GPS + point-in-polygon (Natural Earth) / nearest TZ city
a1042,2023-08-05,Hike,Tanzania,Tanga,1,1,Strava GPS + point-in-polygon (Natural Earth) / nearest TZ city
a1043,2023-08-08,Walk,Tanzania,Dodoma,1,1,Strava GPS + point-in-polygon (Natural Earth) / nearest TZ city
a1044,2023-08-12,Walk,Tanzania,Dar es Salaam,1,1,Strava GPS + point-in-polygon (Natural Earth) / nearest TZ city
a1045,2023-08-13,Run,Tanzania,Dar es Salaam,1,1,Strava GPS + point-in-polygon (Natural Earth) / nearest TZ city
a1046,2023-08-13,Walk,Tanzania,Dar es Salaam,1,1,Strava GPS + point-in-polygon (Natural Earth) / nearest TZ city
a1047,2023-08-14,Run,,,0,0,Strava GPS + point-in-polygon (Natural Earth) / nearest TZ city
a1048,2023-08-19,Hike,Tanzania,Morogoro,1,1,Strava GPS + point-in-polygon (Natural Earth) / nearest TZ city
a1049,2023-08-19,TrailRun,Tanzania,Morogoro,1,1,Strava GPS + point-in-polygon (Natural Earth) / nearest TZ city
a1050,2023-08-19,Hike,Tanzania,Morogoro,1,1,Strava GPS + point-in-polygon (Natural Earth) / nearest TZ city
a1051,2023-08-19,Walk,Tanzania,Morogoro,1,1,Strava GPS + point-in-polygon (Natural Earth) / nearest TZ city
a1052,2023-08-20,TrailRun,Tanzania,Morogoro,1,1,Strava GPS + point-in-polygon (Natural Earth) / nearest TZ city
a1053,2023-08-22,Walk,Tanzania,Kilimanjaro,1,1,Strava GPS + point-in-polygon (Natural Earth) / nearest TZ city
a1054,2023-08-23,Walk,Tanzania,Kilimanjaro,1,1,Strava GPS + point-in-polygon (Natural Earth) / nearest TZ city
a1055,2023-08-24,Walk,Tanzania,Kilimanjaro,1,1,Strava GPS + point-in-polygon (Natural Earth) / nearest TZ city
a1056,2023-08-24,Walk,Tanzania,Kilimanjaro,1,1,Strava GPS + point-in-polygon (Natural Earth) / nearest TZ city
a1057,2023-08-24,Walk,Tanzania,Kilimanjaro,1,1,Strava GPS + point-in-polygon (Natural Earth) / nearest TZ city
a1058,2023-08-25,Walk,Tanzania,Kilimanjaro,1,1,Strava GPS + point-in-polygon (Natural Earth) / nearest TZ city
a1059,2023-08-26,Run,Tanzania,Dar es Salaam,1,1,Strava GPS + point-in-polygon (Natural Earth) / nearest TZ city
a1060,2023-08-26,Run,Tanzania,Dar es Salaam,1,1,Strava GPS + point-in-polygon (Natural Earth) / nearest TZ city
a1061,2023-09-02,Walk,Tanzania,Dodoma,1,1,Strava GPS + point-in-polygon (Natural Earth) / nearest TZ city
a1062,2023-09-03,Run,,,0,0,Strava GPS + point-in-polygon (Natural Earth) / nearest TZ city
a1063,2023-09-03,Walk,Tanzania,Dodoma,1,1,Strava GPS + point-in-polygon (Natural Earth) / nearest TZ city
a1064,2023-09-04,Walk,Tanzania,Dodoma,1,1,Strava GPS + point-in-polygon (Natural Earth) / nearest TZ city
a1065,2023-09-04,Workout,,,0,0,Strava GPS + point-in-polygon (Natural Earth) / nearest TZ city
a1066,2023-09-04,Run,,,0,0,Strava GPS + point-in-polygon (Natural Earth) / nearest TZ city
a1067,2023-09-05,Walk,Tanzania,Dodoma,1,1,Strava GPS + point-in-polygon (Natural Earth) / nearest TZ city
a1068,2023-09-06,Walk,Tanzania,Dodoma,1,1,Strava GPS + point-in-polygon (Natural Earth) / nearest TZ city
a1069,2023-09-08,Walk,Tanzania,Kilimanjaro,1,1,Strava GPS + point-in-polygon (Natural Earth) / nearest TZ city
a1070,2023-09-09,TrailRun,Tanzania,Kilimanjaro,1,1,Strava GPS + point-in-polygon (Natural Earth) / nearest TZ city
a1071,2023-09-10,Walk,Tanzania,Kilimanjaro,1,1,Strava GPS + point-in-polygon (Natural Earth) / nearest TZ city
a1072,2023-09-18,Walk,Tanzania,Dodoma,1,1,Strava GPS + point-in-polygon (Natural Earth) / nearest TZ city
a1073,2023-09-19,Walk,Tanzania,Dar es Salaam,1,1,Strava GPS + point-in-polygon (Natural Earth) / nearest TZ city
a1074,2023-09-21,GravelRide,Tanzania,Kilimanjaro,1,1,Strava GPS + point-in-polygon (Natural Earth) / nearest TZ city
a1075,2023-09-23,Walk,Tanzania,Dar es Salaam,1,1,Strava GPS + point-in-polygon (Natural Earth) / nearest TZ city
a1076,2023-09-30,GravelRide,Tanzania,Pwani,1,0,Strava GPS + point-in-polygon (Natural Earth) / nearest TZ city
a1077,2023-09-30,Canoeing,Tanzania,Pwani,1,0,Strava GPS + point-in-polygon (Natural Earth) / nearest TZ city
a1078,2023-10-03,Workout,,,0,0,Strava GPS + point-in-polygon (Natural Earth) / nearest TZ city
a1079,2023-10-04,Walk,Tanzania,Dar es Salaam,1,1,Strava GPS + point-in-polygon (Natural Earth) / nearest TZ city
a1080,2023-10-05,Walk,Tanzania,Dar es Salaam,1,1,Strava GPS + point-in-polygon (Natural Earth) / nearest TZ city
a1081,2023-10-07,Walk,Tanzania,Dar es Salaam,1,1,Strava GPS + point-in-polygon (Natural Earth) / nearest TZ city
a1082,2023-10-07,Walk,Tanzania,Dar es Salaam,1,1,Strava GPS + point-in-polygon (Natural Earth) / nearest TZ city
a1083,2023-10-08,Run,,,0,0,Strava GPS + point-in-polygon (Natural Earth) / nearest TZ city
a1084,2023-10-09,Walk,Tanzania,Dar es Salaam,1,1,Strava GPS + point-in-polygon (Natural Earth) / nearest TZ city
a1085,2023-10-11,Sail,Tanzania,Dar es Salaam,1,1,Strava GPS + point-in-polygon (Natural Earth) / nearest TZ city
a1086,2023-10-11,Walk,Tanzania,Zanzibar Urban/West,1,0,Strava GPS + point-in-polygon (Natural Earth) / nearest TZ city
a1087,2023-10-12,Ride,,,0,0,Strava GPS + point-in-polygon (Natural Earth) / nearest TZ city
a1088,2023-10-12,Walk,Tanzania,Zanzibar Central/South,1,0,Strava GPS + point-in-polygon (Natural Earth) / nearest TZ city
a1089,2023-10-13,Sail,Tanzania,Zanzibar Urban/West,1,0,Strava GPS + point-in-polygon (Natural Earth) / nearest TZ city
a1090,2023-10-14,Sail,Tanzania,Zanzibar Urban/West,1,0,Strava GPS + point-in-polygon (Natural Earth) / nearest TZ city
a1091,2023-10-22,Walk,Tanzania,Iringa,1,1,Strava GPS + point-in-polygon (Natural Earth) / nearest TZ city
a1092,2023-10-22,Walk,Tanzania,Iringa,1,1,Strava GPS + point-in-polygon (Natural Earth) / nearest TZ city
a1093,2023-10-23,Walk,Tanzania,Iringa,1,1,Strava GPS + point-in-polygon (Natural Earth) / nearest TZ city
a1094,2023-10-23,Walk,Tanzania,Iringa,1,1,Strava GPS + point-in-polygon (Natural Earth) / nearest TZ city
a1095,2023-10-24,Walk,Tanzania,Iringa,1,1,Strava GPS + point-in-polygon (Natural Earth) / nearest TZ city
a1096,2023-10-26,Walk,Tanzania,Iringa,1,1,Strava GPS + point-in-polygon (Natural Earth) / nearest TZ city
a1097,2023-10-26,Walk,Tanzania,Iringa,1,1,Strava GPS + point-in-polygon (Natural Earth) / nearest TZ city
a1098,2023-10-27,Walk,Tanzania,Iringa,1,1,Strava GPS + point-in-polygon (Natural Earth) / nearest TZ city
a1099,2023-10-28,Walk,Tanzania,Iringa,1,1,Strava GPS + point-in-polygon (Natural Earth) / nearest TZ city
a1100,2023-10-29,Walk,Tanzania,Iringa,1,1,Strava GPS + point-in-polygon (Natural Earth) / nearest TZ city
a1101,2023-11-01,Run,,,0,0,Strava GPS + point-in-polygon (Natural Earth) / nearest TZ city
a1102,2023-11-02,Run,,,0,0,Strava GPS + point-in-polygon (Natural Earth) / nearest TZ city
a1103,2023-11-12,Walk,Tanzania,Kilimanjaro,1,1,Strava GPS + point-in-polygon (Natural Earth) / nearest TZ city
a1104,2023-11-13,Walk,Tanzania,Kilimanjaro,1,1,Strava GPS + point-in-polygon (Natural Earth) / nearest TZ city
a1105,2023-11-14,Run,,,0,0,Strava GPS + point-in-polygon (Natural Earth) / nearest TZ city
a1106,2023-11-15,Run,Tanzania,Kilimanjaro,1,1,Strava GPS + point-in-polygon (Natural Earth) / nearest TZ city
a1107,2023-11-15,Walk,Tanzania,Kilimanjaro,1,1,Strava GPS + point-in-polygon (Natural Earth) / nearest TZ city
a1108,2023-11-16,Walk,Tanzania,Kilimanjaro,1,1,Strava GPS + point-in-polygon (Natural Earth) / nearest TZ city
a1109,2023-11-17,Walk,Tanzania,Kilimanjaro,1,1,Strava GPS + point-in-polygon (Natural Earth) / nearest TZ city
a1110,2023-11-18,TrailRun,Tanzania,Kilimanjaro,1,1,Strava GPS + point-in-polygon (Natural Earth) / nearest TZ city
a1111,2023-11-19,TrailRun,Tanzania,Kilimanjaro,1,1,Strava GPS + point-in-polygon (Natural Earth) / nearest TZ city
a1112,2023-11-20,TrailRun,Tanzania,Kilimanjaro,1,1,Strava GPS + point-in-polygon (Natural Earth) / nearest TZ city
a1113,2023-11-21,TrailRun,Tanzania,Kilimanjaro,1,1,Strava GPS + point-in-polygon (Natural Earth) / nearest TZ city
a1114,2023-11-22,TrailRun,Tanzania,Kilimanjaro,1,1,Strava GPS + point-in-polygon (Natural Earth) / nearest TZ city
a1115,2023-11-23,TrailRun,Tanzania,Kilimanjaro,1,1,Strava GPS + point-in-polygon (Natural Earth) / nearest TZ city
a1116,2023-11-24,TrailRun,Tanzania,Kilimanjaro,1,1,Strava GPS + point-in-polygon (Natural Earth) / nearest TZ city
a1117,2023-12-03,Run,,,0,0,Strava GPS + point-in-polygon (Natural Earth) / nearest TZ city
a1118,2023-12-03,Run,,,0,0,Strava GPS + point-in-polygon (Natural Earth) / nearest TZ city
a1119,2023-12-07,Run,,,0,0,Strava GPS + point-in-polygon (Natural Earth) / nearest TZ city
a1120,2023-12-08,Run,,,0,0,Strava GPS + point-in-polygon (Natural Earth) / nearest TZ city
a1121,2023-12-08,Run,,,0,0,Strava GPS + point-in-polygon (Natural Earth) / nearest TZ city
a1122,2023-12-11,Run,,,0,0,Strava GPS + point-in-polygon (Natural Earth) / nearest TZ city
a1123,2023-12-11,Walk,Tanzania,Dodoma,1,1,Strava GPS + point-in-polygon (Natural Earth) / nearest TZ city
a1124,2023-12-13,Run,,,0,0,Strava GPS + point-in-polygon (Natural Earth) / nearest TZ city
a1125,2023-12-13,Workout,,,0,0,Strava GPS + point-in-polygon (Natural Earth) / nearest TZ city
a1126,2023-12-16,GravelRide,Tanzania,Arusha,1,1,Strava GPS + point-in-polygon (Natural Earth) / nearest TZ city
a1127,2023-12-20,Walk,Tanzania,Dodoma,1,1,Strava GPS + point-in-polygon (Natural Earth) / nearest TZ city
a1128,2023-12-23,TrailRun,Tanzania,Kilimanjaro,1,1,Strava GPS + point-in-polygon (Natural Earth) / nearest TZ city
a1129,2023-12-27,Walk,Tanzania,Kilimanjaro,1,1,Strava GPS + point-in-polygon (Natural Earth) / nearest TZ city
a1130,2023-12-27,Walk,Tanzania,Kilimanjaro,1,1,Strava GPS + point-in-polygon (Natural Earth) / nearest TZ city
a1131,2023-12-30,Walk,Tanzania,Kilimanjaro,1,1,Strava GPS + point-in-polygon (Natural Earth) / nearest TZ city
a1132,2024-01-02,TrailRun,Tanzania,Kilimanjaro,1,1,Strava GPS + point-in-polygon (Natural Earth) / nearest TZ city
a1133,2024-01-04,TrailRun,Tanzania,Kilimanjaro,1,1,Strava GPS + point-in-polygon (Natural Earth) / nearest TZ city
a1134,2024-01-05,Walk,Tanzania,Kilimanjaro,1,1,Strava GPS + point-in-polygon (Natural Earth) / nearest TZ city
a1135,2024-01-06,TrailRun,Tanzania,Kilimanjaro,1,1,Strava GPS + point-in-polygon (Natural Earth) / nearest TZ city
a1136,2024-01-07,TrailRun,Tanzania,Kilimanjaro,1,1,Strava GPS + point-in-polygon (Natural Earth) / nearest TZ city
a1137,2024-01-07,Walk,Tanzania,Kilimanjaro,1,1,Strava GPS + point-in-polygon (Natural Earth) / nearest TZ city
a1138,2024-01-09,TrailRun,Tanzania,Kilimanjaro,1,1,Strava GPS + point-in-polygon (Natural Earth) / nearest TZ city
a1139,2024-01-12,Workout,,,0,0,Strava GPS + point-in-polygon (Natural Earth) / nearest TZ city
a1140,2024-01-13,TrailRun,Tanzania,Kilimanjaro,1,1,Strava GPS + point-in-polygon (Natural Earth) / nearest TZ city
a1141,2024-01-14,TrailRun,Tanzania,Kilimanjaro,1,1,Strava GPS + point-in-polygon (Natural Earth) / nearest TZ city
a1142,2024-01-15,Walk,Tanzania,Kilimanjaro,1,1,Strava GPS + point-in-polygon (Natural Earth) / nearest TZ city
a1143,2024-01-15,Walk,Tanzania,Kilimanjaro,1,1,Strava GPS + point-in-polygon (Natural Earth) / nearest TZ city
a1144,2024-01-18,Walk,Tanzania,Kilimanjaro,1,1,Strava GPS + point-in-polygon (Natural Earth) / nearest TZ city
a1145,2024-01-20,TrailRun,Tanzania,Kilimanjaro,1,1,Strava GPS + point-in-polygon (Natural Earth) / nearest TZ city
a1146,2024-01-22,Walk,Tanzania,Kilimanjaro,1,1,Strava GPS + point-in-polygon (Natural Earth) / nearest TZ city
a1147,2024-01-25,Walk,Tanzania,Kilimanjaro,1,1,Strava GPS + point-in-polygon (Natural Earth) / nearest TZ city
a1148,2024-01-26,Run,,,0,0,Strava GPS + point-in-polygon (Natural Earth) / nearest TZ city
a1149,2024-01-27,Run,,,0,0,Strava GPS + point-in-polygon (Natural Earth) / nearest TZ city
a1150,2024-01-29,Run,,,0,0,Strava GPS + point-in-polygon (Natural Earth) / nearest TZ city
a1151,2024-01-30,Run,,,0,0,Strava GPS + point-in-polygon (Natural Earth) / nearest TZ city
a1152,2024-01-31,Walk,Tanzania,Dar es Salaam,1,0,Strava GPS + point-in-polygon (Natural Earth) / nearest TZ city
a1153,2024-02-03,Walk,Tanzania,Dodoma,1,1,Strava GPS + point-in-polygon (Natural Earth) / nearest TZ city
a1154,2024-02-06,Run,,,0,0,Strava GPS + point-in-polygon (Natural Earth) / nearest TZ city
a1155,2024-02-06,Walk,Tanzania,Dodoma,1,1,Strava GPS + point-in-polygon (Natural Earth) / nearest TZ city
a1156,2024-02-07,Run,,,0,0,Strava GPS + point-in-polygon (Natural Earth) / nearest TZ city
a1157,2024-02-07,Run,,,0,0,Strava GPS + point-in-polygon (Natural Earth) / nearest TZ city
a1158,2024-02-08,Walk,Tanzania,Dodoma,1,1,Strava GPS + point-in-polygon (Natural Earth) / nearest TZ city
a1159,2024-02-08,Run,,,0,0,Strava GPS + point-in-polygon (Natural Earth) / nearest TZ city
a1160,2024-02-09,Run,,,0,0,Strava GPS + point-in-polygon (Natural Earth) / nearest TZ city
a1161,2024-02-09,Walk,Tanzania,Dodoma,1,1,Strava GPS + point-in-polygon (Natural Earth) / nearest TZ city
a1162,2024-02-12,Walk,Tanzania,Dodoma,1,1,Strava GPS + point-in-polygon (Natural Earth) / nearest TZ city
a1163,2024-02-14,Run,,,0,0,Strava GPS + point-in-polygon (Natural Earth) / nearest TZ city
a1164,2024-02-16,Walk,Tanzania,Dodoma,1,1,Strava GPS + point-in-polygon (Natural Earth) / nearest TZ city
a1165,2024-02-16,Walk,Tanzania,Dodoma,1,1,Strava GPS + point-in-polygon (Natural Earth) / nearest TZ city
a1166,2024-02-17,TrailRun,Tanzania,Dodoma,1,1,Strava GPS + point-in-polygon (Natural Earth) / nearest TZ city
a1167,2024-02-18,Workout,,,0,0,Strava GPS + point-in-polygon (Natural Earth) / nearest TZ city
a1168,2024-02-18,Run,,,0,0,Strava GPS + point-in-polygon (Natural Earth) / nearest TZ city
a1169,2024-02-20,Walk,Tanzania,Dodoma,1,1,Strava GPS + point-in-polygon (Natural Earth) / nearest TZ city
a1170,2024-02-23,TrailRun,Tanzania,Dodoma,1,1,Strava GPS + point-in-polygon (Natural Earth) / nearest TZ city
a1171,2024-02-24,Run,,,0,0,Strava GPS + point-in-polygon (Natural Earth) / nearest TZ city
a1172,2024-02-24,TrailRun,Tanzania,Kilimanjaro,1,1,Strava GPS + point-in-polygon (Natural Earth) / nearest TZ city
a1173,2024-02-25,Run,Tanzania,Kilimanjaro,1,1,Strava GPS + point-in-polygon (Natural Earth) / nearest TZ city
a1174,2024-02-26,Run,Tanzania,Kilimanjaro,1,1,Strava GPS + point-in-polygon (Natural Earth) / nearest TZ city
a1175,2024-02-28,Run,,,0,0,Strava GPS + point-in-polygon (Natural Earth) / nearest TZ city
a1176,2024-02-28,Workout,,,0,0,Strava GPS + point-in-polygon (Natural Earth) / nearest TZ city
a1177,2024-02-29,Run,,,0,0,Strava GPS + point-in-polygon (Natural Earth) / nearest TZ city
a1178,2024-02-29,Workout,,,0,0,Strava GPS + point-in-polygon (Natural Earth) / nearest TZ city
a1179,2024-03-01,GravelRide,Tanzania,Morogoro,1,1,Strava GPS + point-in-polygon (Natural Earth) / nearest TZ city
a1180,2024-03-01,Walk,Tanzania,Morogoro,1,1,Strava GPS + point-in-polygon (Natural Earth) / nearest TZ city
a1181,2024-03-02,GravelRide,Tanzania,Morogoro,1,1,Strava GPS + point-in-polygon (Natural Earth) / nearest TZ city
a1182,2024-03-03,GravelRide,Tanzania,Morogoro,1,1,Strava GPS + point-in-polygon (Natural Earth) / nearest TZ city
a1183,2024-03-06,Walk,Tanzania,Dodoma,1,1,Strava GPS + point-in-polygon (Natural Earth) / nearest TZ city
a1184,2024-03-08,Workout,,,0,0,Strava GPS + point-in-polygon (Natural Earth) / nearest TZ city
a1185,2024-03-09,Workout,,,0,0,Strava GPS + point-in-polygon (Natural Earth) / nearest TZ city
a1186,2024-03-13,Walk,Tanzania,Pwani,1,1,Strava GPS + point-in-polygon (Natural Earth) / nearest TZ city
a1187,2024-03-14,Walk,Tanzania,Pwani,1,1,Strava GPS + point-in-polygon (Natural Earth) / nearest TZ city
a1188,2024-03-16,Walk,Tanzania,Pwani,1,1,Strava GPS + point-in-polygon (Natural Earth) / nearest TZ city
a1189,2024-03-17,Walk,Tanzania,Dar es Salaam,1,1,Strava GPS + point-in-polygon (Natural Earth) / nearest TZ city
a1190,2024-03-20,Workout,,,0,0,Strava GPS + point-in-polygon (Natural Earth) / nearest TZ city
a1191,2024-03-21,Walk,Tanzania,Dodoma,1,1,Strava GPS + point-in-polygon (Natural Earth) / nearest TZ city
a1192,2024-03-22,Walk,Tanzania,Dodoma,1,1,Strava GPS + point-in-polygon (Natural Earth) / nearest TZ city
a1193,2024-03-25,Workout,,,0,0,Strava GPS + point-in-polygon (Natural Earth) / nearest TZ city
a1194,2024-03-28,Workout,,,0,0,Strava GPS + point-in-polygon (Natural Earth) / nearest TZ city
a1195,2024-03-29,GravelRide,Tanzania,Dodoma,1,1,Strava GPS + point-in-polygon (Natural Earth) / nearest TZ city
a1196,2024-03-30,Walk,Tanzania,Iringa,1,1,Strava GPS + point-in-polygon (Natural Earth) / nearest TZ city
a1197,2024-03-31,GravelRide,Tanzania,Iringa,1,1,Strava GPS + point-in-polygon (Natural Earth) / nearest TZ city
a1198,2024-03-31,GravelRide,Tanzania,Iringa,1,1,Strava GPS + point-in-polygon (Natural Earth) / nearest TZ city
a1199,2024-04-01,GravelRide,Tanzania,Iringa,1,1,Strava GPS + point-in-polygon (Natural Earth) / nearest TZ city
a1200,2024-04-01,Walk,Tanzania,Iringa,1,1,Strava GPS + point-in-polygon (Natural Earth) / nearest TZ city
a1201,2024-04-04,Run,,,0,0,Strava GPS + point-in-polygon (Natural Earth) / nearest TZ city
a1202,2024-04-08,Workout,,,0,0,Strava GPS + point-in-polygon (Natural Earth) / nearest TZ city
a1203,2024-04-10,Walk,Tanzania,Dodoma,1,1,Strava GPS + point-in-polygon (Natural Earth) / nearest TZ city
a1204,2024-04-13,Walk,Tanzania,Dodoma,1,1,Strava GPS + point-in-polygon (Natural Earth) / nearest TZ city
a1205,2024-04-14,Workout,,,0,0,Strava GPS + point-in-polygon (Natural Earth) / nearest TZ city
a1206,2024-04-16,Walk,Tanzania,Dodoma,1,1,Strava GPS + point-in-polygon (Natural Earth) / nearest TZ city
a1207,2024-04-18,Walk,Tanzania,Dodoma,1,1,Strava GPS + point-in-polygon (Natural Earth) / nearest TZ city
a1208,2024-04-19,Walk,Tanzania,Dodoma,1,1,Strava GPS + point-in-polygon (Natural Earth) / nearest TZ city
a1209,2024-04-20,Workout,,,0,0,Strava GPS + point-in-polygon (Natural Earth) / nearest TZ city
a1210,2024-04-21,Workout,,,0,0,Strava GPS + point-in-polygon (Natural Earth) / nearest TZ city
a1211,2024-04-21,Walk,Tanzania,Dodoma,1,1,Strava GPS + point-in-polygon (Natural Earth) / nearest TZ city
a1212,2024-04-22,Walk,Saudi Arabia,,1,1,Strava GPS + point-in-polygon (Natural Earth) / nearest TZ city
a1213,2024-04-22,Walk,Tanzania,Dodoma,1,1,Strava GPS + point-in-polygon (Natural Earth) / nearest TZ city
a1214,2024-04-24,GravelRide,Tanzania,Dodoma,1,1,Strava GPS + point-in-polygon (Natural Earth) / nearest TZ city
a1215,2024-04-24,Run,,,0,0,Strava GPS + point-in-polygon (Natural Earth) / nearest TZ city
a1216,2024-04-27,GravelRide,South Africa,,1,1,Strava GPS + point-in-polygon (Natural Earth) / nearest TZ city
a1217,2024-04-27,Walk,South Africa,,1,1,Strava GPS + point-in-polygon (Natural Earth) / nearest TZ city
a1218,2024-04-28,Walk,South Africa,,1,1,Strava GPS + point-in-polygon (Natural Earth) / nearest TZ city
a1219,2024-04-29,Walk,South Africa,,1,1,Strava GPS + point-in-polygon (Natural Earth) / nearest TZ city
a1220,2024-04-29,Walk,South Africa,,1,1,Strava GPS + point-in-polygon (Natural Earth) / nearest TZ city
a1221,2024-04-30,Walk,South Africa,,1,1,Strava GPS + point-in-polygon (Natural Earth) / nearest TZ city
a1222,2024-04-30,Walk,South Africa,,1,1,Strava GPS + point-in-polygon (Natural Earth) / nearest TZ city
a1223,2024-05-01,Walk,South Africa,,1,1,Strava GPS + point-in-polygon (Natural Earth) / nearest TZ city
a1224,2024-05-02,Walk,South Africa,,1,1,Strava GPS + point-in-polygon (Natural Earth) / nearest TZ city
a1225,2024-05-02,Walk,South Africa,,1,1,Strava GPS + point-in-polygon (Natural Earth) / nearest TZ city
a1226,2024-05-03,GravelRide,South Africa,,1,1,Strava GPS + point-in-polygon (Natural Earth) / nearest TZ city
a1227,2024-05-03,GravelRide,South Africa,,1,1,Strava GPS + point-in-polygon (Natural Earth) / nearest TZ city
a1228,2024-05-04,GravelRide,South Africa,,1,1,Strava GPS + point-in-polygon (Natural Earth) / nearest TZ city
a1229,2024-05-05,Walk,Tanzania,Dar es Salaam,1,1,Strava GPS + point-in-polygon (Natural Earth) / nearest TZ city
a1230,2024-05-07,Walk,Tanzania,Dodoma,1,1,Strava GPS + point-in-polygon (Natural Earth) / nearest TZ city
a1231,2024-05-09,Walk,Tanzania,Dodoma,1,1,Strava GPS + point-in-polygon (Natural Earth) / nearest TZ city
a1232,2024-05-10,Walk,Tanzania,Dodoma,1,1,Strava GPS + point-in-polygon (Natural Earth) / nearest TZ city
a1233,2024-05-11,Walk,Tanzania,Dodoma,1,1,Strava GPS + point-in-polygon (Natural Earth) / nearest TZ city
a1234,2024-05-11,Workout,,,0,0,Strava GPS + point-in-polygon (Natural Earth) / nearest TZ city
a1235,2024-05-12,Walk,Tanzania,Dodoma,1,1,Strava GPS + point-in-polygon (Natural Earth) / nearest TZ city
a1236,2024-05-13,Walk,Tanzania,Dodoma,1,1,Strava GPS + point-in-polygon (Natural Earth) / nearest TZ city
a1237,2024-05-14,Walk,Tanzania,Dodoma,1,1,Strava GPS + point-in-polygon (Natural Earth) / nearest TZ city
a1238,2024-05-14,Workout,,,0,0,Strava GPS + point-in-polygon (Natural Earth) / nearest TZ city
a1239,2024-05-15,Workout,,,0,0,Strava GPS + point-in-polygon (Natural Earth) / nearest TZ city
a1240,2024-05-17,Walk,Tanzania,Dodoma,1,1,Strava GPS + point-in-polygon (Natural Earth) / nearest TZ city
a1241,2024-05-18,Workout,,,0,0,Strava GPS + point-in-polygon (Natural Earth) / nearest TZ city
a1242,2024-05-20,Walk,Tanzania,Dodoma,1,1,Strava GPS + point-in-polygon (Natural Earth) / nearest TZ city
a1243,2024-05-24,Workout,,,0,0,Strava GPS + point-in-polygon (Natural Earth) / nearest TZ city
a1244,2024-05-24,Walk,Tanzania,Dodoma,1,1,Strava GPS + point-in-polygon (Natural Earth) / nearest TZ city
a1245,2024-05-26,Walk,Tanzania,Dodoma,1,1,Strava GPS + point-in-polygon (Natural Earth) / nearest TZ city
a1246,2024-05-27,Walk,Tanzania,Dodoma,1,1,Strava GPS + point-in-polygon (Natural Earth) / nearest TZ city
a1247,2024-05-27,Workout,,,0,0,Strava GPS + point-in-polygon (Natural Earth) / nearest TZ city
a1248,2024-05-28,GravelRide,Kenya,,1,1,Strava GPS + point-in-polygon (Natural Earth) / nearest TZ city
a1249,2024-05-29,Ride,Kenya,,1,1,Strava GPS + point-in-polygon (Natural Earth) / nearest TZ city
a1250,2024-05-29,Ride,Kenya,,1,1,Strava GPS + point-in-polygon (Natural Earth) / nearest TZ city
a1251,2024-05-29,Ride,Kenya,,1,1,Strava GPS + point-in-polygon (Natural Earth) / nearest TZ city
a1252,2024-05-30,GravelRide,Kenya,,1,1,Strava GPS + point-in-polygon (Natural Earth) / nearest TZ city
a1253,2024-05-31,Ride,Kenya,,1,1,Strava GPS + point-in-polygon (Natural Earth) / nearest TZ city
a1254,2024-06-03,Walk,Tanzania,Dar es Salaam,1,1,Strava GPS + point-in-polygon (Natural Earth) / nearest TZ city
a1255,2024-06-03,Walk,Tanzania,Dar es Salaam,1,1,Strava GPS + point-in-polygon (Natural Earth) / nearest TZ city
a1256,2024-06-03,Walk,Tanzania,Dar es Salaam,1,1,Strava GPS + point-in-polygon (Natural Earth) / nearest TZ city
a1257,2024-06-06,Run,,,0,0,Strava GPS + point-in-polygon (Natural Earth) / nearest TZ city
a1258,2024-06-06,Walk,Tanzania,Dodoma,1,1,Strava GPS + point-in-polygon (Natural Earth) / nearest TZ city
a1259,2024-06-09,Walk,Tanzania,Dodoma,1,1,Strava GPS + point-in-polygon (Natural Earth) / nearest TZ city
a1260,2024-06-11,Walk,Tanzania,Dodoma,1,1,Strava GPS + point-in-polygon (Natural Earth) / nearest TZ city
a1261,2024-06-12,Walk,Tanzania,Dodoma,1,1,Strava GPS + point-in-polygon (Natural Earth) / nearest TZ city
a1262,2024-06-14,GravelRide,Tanzania,Morogoro,1,1,Strava GPS + point-in-polygon (Natural Earth) / nearest TZ city
a1263,2024-06-14,Walk,Tanzania,Morogoro,1,1,Strava GPS + point-in-polygon (Natural Earth) / nearest TZ city
a1264,2024-06-15,GravelRide,Tanzania,Morogoro,1,1,Strava GPS + point-in-polygon (Natural Earth) / nearest TZ city
a1265,2024-06-15,GravelRide,Tanzania,Morogoro,1,1,Strava GPS + point-in-polygon (Natural Earth) / nearest TZ city
a1266,2024-06-16,GravelRide,Tanzania,Morogoro,1,1,Strava GPS + point-in-polygon (Natural Earth) / nearest TZ city
a1267,2024-06-16,EBikeRide,Tanzania,Morogoro,1,1,Strava GPS + point-in-polygon (Natural Earth) / nearest TZ city
a1268,2024-06-16,EBikeRide,Tanzania,Pwani,1,1,Strava GPS + point-in-polygon (Natural Earth) / nearest TZ city
a1269,2024-06-17,GravelRide,Tanzania,Pwani,1,0,Strava GPS + point-in-polygon (Natural Earth) / nearest TZ city
a1270,2024-06-17,Walk,Tanzania,Pwani,1,0,Strava GPS + point-in-polygon (Natural Earth) / nearest TZ city
a1271,2024-06-23,Walk,Tanzania,Dodoma,1,1,Strava GPS + point-in-polygon (Natural Earth) / nearest TZ city
a1272,2024-06-28,Walk,Tanzania,Dodoma,1,1,Strava GPS + point-in-polygon (Natural Earth) / nearest TZ city
a1273,2024-06-30,Walk,Tanzania,Kilimanjaro,1,1,Strava GPS + point-in-polygon (Natural Earth) / nearest TZ city
a1274,2024-07-01,Walk,Tanzania,Kilimanjaro,1,1,Strava GPS + point-in-polygon (Natural Earth) / nearest TZ city
a1275,2024-07-02,Walk,Tanzania,Kilimanjaro,1,1,Strava GPS + point-in-polygon (Natural Earth) / nearest TZ city
a1276,2024-07-03,Walk,Tanzania,Kilimanjaro,1,1,Strava GPS + point-in-polygon (Natural Earth) / nearest TZ city
a1277,2024-07-04,Walk,Tanzania,Kilimanjaro,1,1,Strava GPS + point-in-polygon (Natural Earth) / nearest TZ city
a1278,2024-07-05,TrailRun,Tanzania,Kilimanjaro,1,1,Strava GPS + point-in-polygon (Natural Earth) / nearest TZ city
a1279,2024-07-06,TrailRun,Tanzania,Kilimanjaro,1,1,Strava GPS + point-in-polygon (Natural Earth) / nearest TZ city
a1280,2024-07-12,GravelRide,Tanzania,Kilimanjaro,1,1,Strava GPS + point-in-polygon (Natural Earth) / nearest TZ city
a1281,2024-07-13,GravelRide,Tanzania,Kilimanjaro,1,1,Strava GPS + point-in-polygon (Natural Earth) / nearest TZ city
a1282,2024-07-13,Hike,Tanzania,Kilimanjaro,1,1,Strava GPS + point-in-polygon (Natural Earth) / nearest TZ city
a1283,2024-07-14,Hike,Tanzania,Arusha,1,1,Strava GPS + point-in-polygon (Natural Earth) / nearest TZ city
a1284,2024-07-15,Run,,,0,0,Strava GPS + point-in-polygon (Natural Earth) / nearest TZ city
a1285,2024-07-17,Workout,,,0,0,Strava GPS + point-in-polygon (Natural Earth) / nearest TZ city
a1286,2024-07-19,Workout,,,0,0,Strava GPS + point-in-polygon (Natural Earth) / nearest TZ city
a1287,2024-07-20,Run,,,0,0,Strava GPS + point-in-polygon (Natural Earth) / nearest TZ city
a1288,2024-07-20,Workout,,,0,0,Strava GPS + point-in-polygon (Natural Earth) / nearest TZ city
a1289,2024-07-21,Walk,Tanzania,Dodoma,1,1,Strava GPS + point-in-polygon (Natural Earth) / nearest TZ city
a1290,2024-07-22,Run,,,0,0,Strava GPS + point-in-polygon (Natural Earth) / nearest TZ city
a1291,2024-07-22,Workout,,,0,0,Strava GPS + point-in-polygon (Natural Earth) / nearest TZ city
a1292,2024-07-23,Run,,,0,0,Strava GPS + point-in-polygon (Natural Earth) / nearest TZ city
a1293,2024-07-23,Workout,,,0,0,Strava GPS + point-in-polygon (Natural Earth) / nearest TZ city
a1294,2024-07-24,Run,,,0,0,Strava GPS + point-in-polygon (Natural Earth) / nearest TZ city
a1295,2024-07-24,Workout,,,0,0,Strava GPS + point-in-polygon (Natural Earth) / nearest TZ city
a1296,2024-07-28,Walk,Tanzania,Dodoma,1,1,Strava GPS + point-in-polygon (Natural Earth) / nearest TZ city
a1297,2024-07-29,Workout,,,0,0,Strava GPS + point-in-polygon (Natural Earth) / nearest TZ city
a1298,2024-08-02,Run,,,0,0,Strava GPS + point-in-polygon (Natural Earth) / nearest TZ city
a1299,2024-08-02,Run,,,0,0,Strava GPS + point-in-polygon (Natural Earth) / nearest TZ city
a1300,2024-08-03,Walk,Tanzania,Dodoma,1,1,Strava GPS + point-in-polygon (Natural Earth) / nearest TZ city
a1301,2024-08-04,Walk,Tanzania,Dodoma,1,1,Strava GPS + point-in-polygon (Natural Earth) / nearest TZ city
a1302,2024-08-06,Run,,,0,0,Strava GPS + point-in-polygon (Natural Earth) / nearest TZ city
a1303,2024-08-08,Run,,,0,0,Strava GPS + point-in-polygon (Natural Earth) / nearest TZ city
a1304,2024-08-08,Walk,Tanzania,Dodoma,1,1,Strava GPS + point-in-polygon (Natural Earth) / nearest TZ city
a1305,2024-08-15,Walk,Tanzania,Dodoma,1,1,Strava GPS + point-in-polygon (Natural Earth) / nearest TZ city
a1306,2024-08-17,Run,,,0,0,Strava GPS + point-in-polygon (Natural Earth) / nearest TZ city
a1307,2024-08-18,Run,,,0,0,Strava GPS + point-in-polygon (Natural Earth) / nearest TZ city
a1308,2024-08-18,Walk,Rwanda,,1,1,Strava GPS + point-in-polygon (Natural Earth) / nearest TZ city
a1309,2024-08-19,Run,,,0,0,Strava GPS + point-in-polygon (Natural Earth) / nearest TZ city
a1310,2024-08-19,Walk,Rwanda,,1,1,Strava GPS + point-in-polygon (Natural Earth) / nearest TZ city
a1311,2024-08-20,Run,,,0,0,Strava GPS + point-in-polygon (Natural Earth) / nearest TZ city
a1312,2024-08-25,Walk,Tanzania,Dodoma,1,1,Strava GPS + point-in-polygon (Natural Earth) / nearest TZ city
a1313,2024-08-26,Workout,,,0,0,Strava GPS + point-in-polygon (Natural Earth) / nearest TZ city
a1314,2024-08-28,Walk,Kenya,,1,1,Strava GPS + point-in-polygon (Natural Earth) / nearest TZ city
a1315,2024-08-29,Walk,Kenya,,1,1,Strava GPS + point-in-polygon (Natural Earth) / nearest TZ city
a1316,2024-08-29,Ride,,,0,0,Strava GPS + point-in-polygon (Natural Earth) / nearest TZ city
a1317,2024-08-30,Walk,Kenya,,1,1,Strava GPS + point-in-polygon (Natural Earth) / nearest TZ city
a1318,2024-08-30,Walk,Kenya,,1,1,Strava GPS + point-in-polygon (Natural Earth) / nearest TZ city
a1319,2024-08-30,Walk,Kenya,,1,1,Strava GPS + point-in-polygon (Natural Earth) / nearest TZ city
a1320,2024-08-31,Walk,Kenya,,1,1,Strava GPS + point-in-polygon (Natural Earth) / nearest TZ city
a1321,2024-09-02,Run,,,0,0,Strava GPS + point-in-polygon (Natural Earth) / nearest TZ city
a1322,2024-09-03,Run,,,0,0,Strava GPS + point-in-polygon (Natural Earth) / nearest TZ city
a1323,2024-09-14,Walk,Tanzania,Dar es Salaam,1,1,Strava GPS + point-in-polygon (Natural Earth) / nearest TZ city
a1324,2024-09-14,GravelRide,Tanzania,Dar es Salaam,1,1,Strava GPS + point-in-polygon (Natural Earth) / nearest TZ city
a1325,2024-09-15,Walk,Tanzania,Dar es Salaam,1,1,Strava GPS + point-in-polygon (Natural Earth) / nearest TZ city
a1326,2024-09-20,Run,,,0,0,Strava GPS + point-in-polygon (Natural Earth) / nearest TZ city
a1327,2024-09-28,GravelRide,Kenya,,1,1,Strava GPS + point-in-polygon (Natural Earth) / nearest TZ city
a1328,2024-09-29,Ride,Kenya,,1,0,Strava GPS + point-in-polygon (Natural Earth) / nearest TZ city
a1329,2024-09-30,Walk,Kenya,,1,0,Strava GPS + point-in-polygon (Natural Earth) / nearest TZ city
a1330,2024-09-30,Walk,Kenya,,1,0,Strava GPS + point-in-polygon (Natural Earth) / nearest TZ city
a1331,2024-10-01,Walk,Kenya,,1,0,Strava GPS + point-in-polygon (Natural Earth) / nearest TZ city
a1332,2024-10-02,Walk,Kenya,,1,0,Strava GPS + point-in-polygon (Natural Earth) / nearest TZ city
a1333,2024-10-02,Walk,Kenya,,1,0,Strava GPS + point-in-polygon (Natural Earth) / nearest TZ city
a1334,2024-10-03,Walk,Kenya,,1,0,Strava GPS + point-in-polygon (Natural Earth) / nearest TZ city
a1335,2024-10-04,Walk,Kenya,,1,0,Strava GPS + point-in-polygon (Natural Earth) / nearest TZ city
a1336,2024-10-05,Walk,Tanzania,Dodoma,1,1,Strava GPS + point-in-polygon (Natural Earth) / nearest TZ city
a1337,2024-10-09,Walk,Tanzania,Dodoma,1,1,Strava GPS + point-in-polygon (Natural Earth) / nearest TZ city
a1338,2024-10-10,Walk,Tanzania,Dodoma,1,1,Strava GPS + point-in-polygon (Natural Earth) / nearest TZ city
a1339,2024-10-10,Workout,,,0,0,Strava GPS + point-in-polygon (Natural Earth) / nearest TZ city
a1340,2024-10-11,Walk,Tanzania,Dodoma,1,1,Strava GPS + point-in-polygon (Natural Earth) / nearest TZ city
a1341,2024-10-12,GravelRide,Tanzania,Morogoro,1,1,Strava GPS + point-in-polygon (Natural Earth) / nearest TZ city
a1342,2024-10-13,GravelRide,Tanzania,Morogoro,1,1,Strava GPS + point-in-polygon (Natural Earth) / nearest TZ city
a1343,2024-10-13,GravelRide,Tanzania,Morogoro,1,1,Strava GPS + point-in-polygon (Natural Earth) / nearest TZ city
a1344,2024-10-15,Walk,Tanzania,Dodoma,1,1,Strava GPS + point-in-polygon (Natural Earth) / nearest TZ city
a1345,2024-10-16,Walk,Tanzania,Dodoma,1,1,Strava GPS + point-in-polygon (Natural Earth) / nearest TZ city
a1346,2024-10-16,EBikeRide,Tanzania,Dodoma,1,1,Strava GPS + point-in-polygon (Natural Earth) / nearest TZ city
a1347,2024-10-17,Walk,Tanzania,Dodoma,1,1,Strava GPS + point-in-polygon (Natural Earth) / nearest TZ city
a1348,2024-10-19,Walk,Tanzania,Dar es Salaam,1,1,Strava GPS + point-in-polygon (Natural Earth) / nearest TZ city
a1349,2024-10-19,Walk,Tanzania,Dar es Salaam,1,1,Strava GPS + point-in-polygon (Natural Earth) / nearest TZ city
a1350,2024-10-20,Walk,Kenya,,1,1,Strava GPS + point-in-polygon (Natural Earth) / nearest TZ city
a1351,2024-10-20,Ride,Malawi,,1,1,Strava GPS + point-in-polygon (Natural Earth) / nearest TZ city
a1352,2024-10-20,Walk,Malawi,,1,1,Strava GPS + point-in-polygon (Natural Earth) / nearest TZ city
a1353,2024-10-21,Ride,Malawi,,1,1,Strava GPS + point-in-polygon (Natural Earth) / nearest TZ city
a1354,2024-10-22,Ride,Malawi,,1,1,Strava GPS + point-in-polygon (Natural Earth) / nearest TZ city
a1355,2024-10-23,Ride,Malawi,,1,1,Strava GPS + point-in-polygon (Natural Earth) / nearest TZ city
a1356,2024-10-24,Ride,Malawi,,1,1,Strava GPS + point-in-polygon (Natural Earth) / nearest TZ city
a1357,2024-10-25,Walk,Malawi,,1,1,Strava GPS + point-in-polygon (Natural Earth) / nearest TZ city
a1358,2024-10-26,Walk,Malawi,,1,1,Strava GPS + point-in-polygon (Natural Earth) / nearest TZ city
a1359,2024-10-27,Run,,,0,0,Strava GPS + point-in-polygon (Natural Earth) / nearest TZ city
a1360,2024-10-28,Run,,,0,0,Strava GPS + point-in-polygon (Natural Earth) / nearest TZ city
a1361,2024-10-31,Run,,,0,0,Strava GPS + point-in-polygon (Natural Earth) / nearest TZ city
a1362,2024-10-31,Ride,Malawi,,1,1,Strava GPS + point-in-polygon (Natural Earth) / nearest TZ city
a1363,2024-11-01,Run,,,0,0,Strava GPS + point-in-polygon (Natural Earth) / nearest TZ city
a1364,2024-11-02,Run,,,0,0,Strava GPS + point-in-polygon (Natural Earth) / nearest TZ city
a1365,2024-11-03,Run,,,0,0,Strava GPS + point-in-polygon (Natural Earth) / nearest TZ city
a1366,2024-11-04,Run,,,0,0,Strava GPS + point-in-polygon (Natural Earth) / nearest TZ city
a1367,2024-11-05,Run,,,0,0,Strava GPS + point-in-polygon (Natural Earth) / nearest TZ city
a1368,2024-11-06,Run,,,0,0,Strava GPS + point-in-polygon (Natural Earth) / nearest TZ city
a1369,2024-11-06,Ride,Malawi,,1,1,Strava GPS + point-in-polygon (Natural Earth) / nearest TZ city
a1370,2024-11-06,Walk,Malawi,,1,1,Strava GPS + point-in-polygon (Natural Earth) / nearest TZ city
a1371,2024-11-07,Run,,,0,0,Strava GPS + point-in-polygon (Natural Earth) / nearest TZ city
a1372,2024-11-08,Run,,,0,0,Strava GPS + point-in-polygon (Natural Earth) / nearest TZ city
a1373,2024-11-09,Run,,,0,0,Strava GPS + point-in-polygon (Natural Earth) / nearest TZ city
a1374,2024-11-10,Run,,,0,0,Strava GPS + point-in-polygon (Natural Earth) / nearest TZ city
a1375,2024-11-11,Run,,,0,0,Strava GPS + point-in-polygon (Natural Earth) / nearest TZ city
a1376,2024-11-12,Run,,,0,0,Strava GPS + point-in-polygon (Natural Earth) / nearest TZ city
a1377,2024-11-13,Run,,,0,0,Strava GPS + point-in-polygon (Natural Earth) / nearest TZ city
a1378,2024-11-13,Walk,Malawi,,1,1,Strava GPS + point-in-polygon (Natural Earth) / nearest TZ city
a1379,2024-11-14,Run,,,0,0,Strava GPS + point-in-polygon (Natural Earth) / nearest TZ city
a1380,2024-11-15,Run,,,0,0,Strava GPS + point-in-polygon (Natural Earth) / nearest TZ city
a1381,2024-11-16,Run,,,0,0,Strava GPS + point-in-polygon (Natural Earth) / nearest TZ city
a1382,2024-11-16,Walk,Malawi,,1,1,Strava GPS + point-in-polygon (Natural Earth) / nearest TZ city
a1383,2024-11-17,Run,,,0,0,Strava GPS + point-in-polygon (Natural Earth) / nearest TZ city
a1384,2024-11-18,Run,,,0,0,Strava GPS + point-in-polygon (Natural Earth) / nearest TZ city
a1385,2024-11-19,Run,,,0,0,Strava GPS + point-in-polygon (Natural Earth) / nearest TZ city
a1386,2024-11-19,Ride,Malawi,,1,1,Strava GPS + point-in-polygon (Natural Earth) / nearest TZ city
a1387,2024-11-20,Run,,,0,0,Strava GPS + point-in-polygon (Natural Earth) / nearest TZ city
a1388,2024-11-21,Run,,,0,0,Strava GPS + point-in-polygon (Natural Earth) / nearest TZ city
a1389,2024-11-22,Run,,,0,0,Strava GPS + point-in-polygon (Natural Earth) / nearest TZ city
a1390,2024-11-23,Run,,,0,0,Strava GPS + point-in-polygon (Natural Earth) / nearest TZ city
a1391,2024-11-23,Run,,,0,0,Strava GPS + point-in-polygon (Natural Earth) / nearest TZ city
a1392,2024-11-24,Run,,,0,0,Strava GPS + point-in-polygon (Natural Earth) / nearest TZ city
a1393,2024-11-25,Run,,,0,0,Strava GPS + point-in-polygon (Natural Earth) / nearest TZ city
a1394,2024-11-25,Ride,Malawi,,1,1,Strava GPS + point-in-polygon (Natural Earth) / nearest TZ city
a1395,2024-11-26,Run,,,0,0,Strava GPS + point-in-polygon (Natural Earth) / nearest TZ city
a1396,2024-11-27,Run,,,0,0,Strava GPS + point-in-polygon (Natural Earth) / nearest TZ city
a1397,2024-11-28,Run,,,0,0,Strava GPS + point-in-polygon (Natural Earth) / nearest TZ city
a1398,2024-11-29,Run,,,0,0,Strava GPS + point-in-polygon (Natural Earth) / nearest TZ city
a1399,2024-11-30,Run,,,0,0,Strava GPS + point-in-polygon (Natural Earth) / nearest TZ city
a1400,2024-12-01,Run,,,0,0,Strava GPS + point-in-polygon (Natural Earth) / nearest TZ city
a1401,2024-12-02,Run,,,0,0,Strava GPS + point-in-polygon (Natural Earth) / nearest TZ city
a1402,2024-12-02,Walk,Malawi,,1,1,Strava GPS + point-in-polygon (Natural Earth) / nearest TZ city
a1403,2024-12-03,Run,,,0,0,Strava GPS + point-in-polygon (Natural Earth) / nearest TZ city
a1404,2024-12-04,Run,,,0,0,Strava GPS + point-in-polygon (Natural Earth) / nearest TZ city
a1405,2024-12-05,Run,,,0,0,Strava GPS + point-in-polygon (Natural Earth) / nearest TZ city
a1406,2024-12-05,Walk,Malawi,,1,1,Strava GPS + point-in-polygon (Natural Earth) / nearest TZ city
a1407,2024-12-06,Walk,Malawi,,1,1,Strava GPS + point-in-polygon (Natural Earth) / nearest TZ city
a1408,2024-12-06,Run,,,0,0,Strava GPS + point-in-polygon (Natural Earth) / nearest TZ city
a1409,2024-12-07,Run,,,0,0,Strava GPS + point-in-polygon (Natural Earth) / nearest TZ city
a1410,2024-12-08,Run,,,0,0,Strava GPS + point-in-polygon (Natural Earth) / nearest TZ city
a1411,2024-12-09,Run,,,0,0,Strava GPS + point-in-polygon (Natural Earth) / nearest TZ city
a1412,2024-12-10,Run,,,0,0,Strava GPS + point-in-polygon (Natural Earth) / nearest TZ city
a1413,2024-12-11,Run,,,0,0,Strava GPS + point-in-polygon (Natural Earth) / nearest TZ city
a1414,2024-12-12,Run,,,0,0,Strava GPS + point-in-polygon (Natural Earth) / nearest TZ city
a1415,2024-12-13,Run,,,0,0,Strava GPS + point-in-polygon (Natural Earth) / nearest TZ city
a1416,2024-12-14,Run,,,0,0,Strava GPS + point-in-polygon (Natural Earth) / nearest TZ city
a1417,2024-12-14,Golf,Malawi,,1,1,Strava GPS + point-in-polygon (Natural Earth) / nearest TZ city
a1418,2024-12-14,Walk,Malawi,,1,1,Strava GPS + point-in-polygon (Natural Earth) / nearest TZ city
a1419,2024-12-15,Walk,Malawi,,1,1,Strava GPS + point-in-polygon (Natural Earth) / nearest TZ city
a1420,2024-12-15,Walk,Malawi,,1,1,Strava GPS + point-in-polygon (Natural Earth) / nearest TZ city
a1421,2024-12-16,Run,,,0,0,Strava GPS + point-in-polygon (Natural Earth) / nearest TZ city
a1422,2024-12-17,Run,,,0,0,Strava GPS + point-in-polygon (Natural Earth) / nearest TZ city
a1423,2024-12-18,Run,,,0,0,Strava GPS + point-in-polygon (Natural Earth) / nearest TZ city
a1424,2024-12-19,Run,,,0,0,Strava GPS + point-in-polygon (Natural Earth) / nearest TZ city
a1425,2024-12-20,Run,,,0,0,Strava GPS + point-in-polygon (Natural Earth) / nearest TZ city
a1426,2024-12-20,Walk,Malawi,,1,1,Strava GPS + point-in-polygon (Natural Earth) / nearest TZ city
a1427,2024-12-21,Workout,,,0,0,Strava GPS + point-in-polygon (Natural Earth) / nearest TZ city
a1428,2024-12-22,Workout,,,0,0,Strava GPS + point-in-polygon (Natural Earth) / nearest TZ city
a1429,2024-12-23,Walk,Tanzania,Kilimanjaro,1,1,Strava GPS + point-in-polygon (Natural Earth) / nearest TZ city
a1430,2024-12-24,Workout,,,0,0,Strava GPS + point-in-polygon (Natural Earth) / nearest TZ city
a1431,2024-12-25,GravelRide,Tanzania,Kilimanjaro,1,1,Strava GPS + point-in-polygon (Natural Earth) / nearest TZ city
a1432,2024-12-26,Workout,,,0,0,Strava GPS + point-in-polygon (Natural Earth) / nearest TZ city
a1433,2024-12-26,Walk,Tanzania,Kilimanjaro,1,1,Strava GPS + point-in-polygon (Natural Earth) / nearest TZ city
a1434,2024-12-27,Workout,,,0,0,Strava GPS + point-in-polygon (Natural Earth) / nearest TZ city
a1435,2024-12-28,Workout,,,0,0,Strava GPS + point-in-polygon (Natural Earth) / nearest TZ city
a1436,2024-12-29,Walk,Tanzania,Kilimanjaro,1,1,Strava GPS + point-in-polygon (Natural Earth) / nearest TZ city
a1437,2024-12-29,Walk,Tanzania,Kilimanjaro,1,1,Strava GPS + point-in-polygon (Natural Earth) / nearest TZ city
a1438,2024-12-29,Walk,Tanzania,Kilimanjaro,1,1,Strava GPS + point-in-polygon (Natural Earth) / nearest TZ city
a1439,2024-12-30,Workout,,,0,0,Strava GPS + point-in-polygon (Natural Earth) / nearest TZ city
a1440,2024-12-31,Walk,Tanzania,Kilimanjaro,1,1,Strava GPS + point-in-polygon (Natural Earth) / nearest TZ city
a1441,2025-01-01,Walk,Tanzania,Kilimanjaro,1,1,Strava GPS + point-in-polygon (Natural Earth) / nearest TZ city
a1442,2025-01-02,Walk,Tanzania,Kilimanjaro,1,1,Strava GPS + point-in-polygon (Natural Earth) / nearest TZ city
a1443,2025-01-03,Walk,Tanzania,Kilimanjaro,1,1,Strava GPS + point-in-polygon (Natural Earth) / nearest TZ city
a1444,2025-01-04,Walk,Tanzania,Kilimanjaro,1,1,Strava GPS + point-in-polygon (Natural Earth) / nearest TZ city
a1445,2025-01-04,Walk,Tanzania,Kilimanjaro,1,1,Strava GPS + point-in-polygon (Natural Earth) / nearest TZ city
a1446,2025-01-05,Walk,Tanzania,Kilimanjaro,1,1,Strava GPS + point-in-polygon (Natural Earth) / nearest TZ city
a1447,2025-01-07,Walk,Tanzania,Kilimanjaro,1,1,Strava GPS + point-in-polygon (Natural Earth) / nearest TZ city
a1448,2025-01-08,Walk,Tanzania,Kilimanjaro,1,1,Strava GPS + point-in-polygon (Natural Earth) / nearest TZ city
a1449,2025-01-10,Walk,Tanzania,Kilimanjaro,1,1,Strava GPS + point-in-polygon (Natural Earth) / nearest TZ city
a1450,2025-01-10,Walk,Tanzania,Kilimanjaro,1,1,Strava GPS + point-in-polygon (Natural Earth) / nearest TZ city
a1451,2025-01-10,Walk,Tanzania,Kilimanjaro,1,1,Strava GPS + point-in-polygon (Natural Earth) / nearest TZ city
a1452,2025-01-11,Run,Tanzania,Kilimanjaro,1,1,Strava GPS + point-in-polygon (Natural Earth) / nearest TZ city
a1453,2025-01-11,Workout,,,0,0,Strava GPS + point-in-polygon (Natural Earth) / nearest TZ city
a1454,2025-01-11,Run,Tanzania,Kilimanjaro,1,1,Strava GPS + point-in-polygon (Natural Earth) / nearest TZ city
a1455,2025-01-12,Walk,Tanzania,Kilimanjaro,1,1,Strava GPS + point-in-polygon (Natural Earth) / nearest TZ city
a1456,2025-01-13,Run,Tanzania,Kilimanjaro,1,1,Strava GPS + point-in-polygon (Natural Earth) / nearest TZ city
a1457,2025-01-14,Walk,Tanzania,Kilimanjaro,1,1,Strava GPS + point-in-polygon (Natural Earth) / nearest TZ city
a1458,2025-01-15,Run,Tanzania,Kilimanjaro,1,1,Strava GPS + point-in-polygon (Natural Earth) / nearest TZ city
a1459,2025-01-16,EBikeRide,Tanzania,Kilimanjaro,1,1,Strava GPS + point-in-polygon (Natural Earth) / nearest TZ city
a1460,2025-01-17,Walk,Tanzania,Kilimanjaro,1,1,Strava GPS + point-in-polygon (Natural Earth) / nearest TZ city
a1461,2025-01-19,Run,Tanzania,Kilimanjaro,1,1,Strava GPS + point-in-polygon (Natural Earth) / nearest TZ city
a1462,2025-01-20,Walk,Tanzania,Kilimanjaro,1,1,Strava GPS + point-in-polygon (Natural Earth) / nearest TZ city
a1463,2025-01-22,Walk,Tanzania,Kilimanjaro,1,1,Strava GPS + point-in-polygon (Natural Earth) / nearest TZ city
a1464,2025-01-23,Walk,Tanzania,Kilimanjaro,1,1,Strava GPS + point-in-polygon (Natural Earth) / nearest TZ city
a1465,2025-01-24,Walk,Tanzania,Kilimanjaro,1,1,Strava GPS + point-in-polygon (Natural Earth) / nearest TZ city
a1466,2025-01-24,Run,Tanzania,Kilimanjaro,1,1,Strava GPS + point-in-polygon (Natural Earth) / nearest TZ city
a1467,2025-01-25,TrailRun,Tanzania,Kilimanjaro,1,1,Strava GPS + point-in-polygon (Natural Earth) / nearest TZ city
a1468,2025-01-26,Walk,Tanzania,Kilimanjaro,1,1,Strava GPS + point-in-polygon (Natural Earth) / nearest TZ city
a1469,2025-01-29,Walk,Tanzania,Dar es Salaam,1,1,Strava GPS + point-in-polygon (Natural Earth) / nearest TZ city
a1470,2025-01-30,Walk,Tanzania,Zanzibar Urban/West,1,0,Strava GPS + point-in-polygon (Natural Earth) / nearest TZ city
a1471,2025-01-31,Walk,Tanzania,Zanzibar Central/South,1,0,Strava GPS + point-in-polygon (Natural Earth) / nearest TZ city
a1472,2025-02-01,Sail,Tanzania,Zanzibar Central/South,1,0,Strava GPS + point-in-polygon (Natural Earth) / nearest TZ city
a1473,2025-02-02,Sail,Tanzania,Zanzibar Urban/West,1,0,Strava GPS + point-in-polygon (Natural Earth) / nearest TZ city
a1474,2025-02-07,Walk,Tanzania,Dodoma,1,1,Strava GPS + point-in-polygon (Natural Earth) / nearest TZ city
a1475,2025-02-08,Walk,Tanzania,Dodoma,1,1,Strava GPS + point-in-polygon (Natural Earth) / nearest TZ city
a1476,2025-02-10,Walk,Tanzania,Dodoma,1,1,Strava GPS + point-in-polygon (Natural Earth) / nearest TZ city
a1477,2025-02-13,Run,Tanzania,Dodoma,1,1,Strava GPS + point-in-polygon (Natural Earth) / nearest TZ city
a1478,2025-02-14,Run,Tanzania,Dodoma,1,1,Strava GPS + point-in-polygon (Natural Earth) / nearest TZ city
a1479,2025-02-15,Workout,,,0,0,Strava GPS + point-in-polygon (Natural Earth) / nearest TZ city
a1480,2025-02-16,Walk,Tanzania,Kilimanjaro,1,1,Strava GPS + point-in-polygon (Natural Earth) / nearest TZ city
a1481,2025-02-17,Walk,Tanzania,Kilimanjaro,1,1,Strava GPS + point-in-polygon (Natural Earth) / nearest TZ city
a1482,2025-02-17,Walk,Tanzania,Kilimanjaro,1,1,Strava GPS + point-in-polygon (Natural Earth) / nearest TZ city
a1483,2025-02-18,Walk,Tanzania,Kilimanjaro,1,1,Strava GPS + point-in-polygon (Natural Earth) / nearest TZ city
a1484,2025-02-18,Run,Tanzania,Kilimanjaro,1,1,Strava GPS + point-in-polygon (Natural Earth) / nearest TZ city
a1485,2025-02-19,Walk,Tanzania,Kilimanjaro,1,1,Strava GPS + point-in-polygon (Natural Earth) / nearest TZ city
a1486,2025-02-19,Run,Tanzania,Kilimanjaro,1,1,Strava GPS + point-in-polygon (Natural Earth) / nearest TZ city
a1487,2025-02-19,Run,Tanzania,Kilimanjaro,1,1,Strava GPS + point-in-polygon (Natural Earth) / nearest TZ city
a1488,2025-02-20,Run,Tanzania,Kilimanjaro,1,1,Strava GPS + point-in-polygon (Natural Earth) / nearest TZ city
a1489,2025-02-20,Run,Tanzania,Kilimanjaro,1,1,Strava GPS + point-in-polygon (Natural Earth) / nearest TZ city
a1490,2025-02-21,Walk,Tanzania,Kilimanjaro,1,1,Strava GPS + point-in-polygon (Natural Earth) / nearest TZ city
a1491,2025-02-22,Run,Tanzania,Kilimanjaro,1,1,Strava GPS + point-in-polygon (Natural Earth) / nearest TZ city
a1492,2025-02-23,Run,Tanzania,Kilimanjaro,1,1,Strava GPS + point-in-polygon (Natural Earth) / nearest TZ city
a1493,2025-02-23,Workout,,,0,0,Strava GPS + point-in-polygon (Natural Earth) / nearest TZ city
a1494,2025-02-23,Walk,Tanzania,Kilimanjaro,1,1,Strava GPS + point-in-polygon (Natural Earth) / nearest TZ city
a1495,2025-02-24,Walk,Tanzania,Kilimanjaro,1,1,Strava GPS + point-in-polygon (Natural Earth) / nearest TZ city
a1496,2025-02-25,Walk,Tanzania,Kilimanjaro,1,1,Strava GPS + point-in-polygon (Natural Earth) / nearest TZ city
a1497,2025-02-26,Walk,Tanzania,Dodoma,1,1,Strava GPS + point-in-polygon (Natural Earth) / nearest TZ city
a1498,2025-02-27,Workout,,,0,0,Strava GPS + point-in-polygon (Natural Earth) / nearest TZ city
a1499,2025-02-28,Walk,Tanzania,Dar es Salaam,1,1,Strava GPS + point-in-polygon (Natural Earth) / nearest TZ city
a1500,2025-02-28,Workout,,,0,0,Strava GPS + point-in-polygon (Natural Earth) / nearest TZ city
a1501,2025-02-28,Walk,Tanzania,Dar es Salaam,1,1,Strava GPS + point-in-polygon (Natural Earth) / nearest TZ city
a1502,2025-03-05,Workout,,,0,0,Strava GPS + point-in-polygon (Natural Earth) / nearest TZ city
a1503,2025-03-05,Crossfit,,,0,0,Strava GPS + point-in-polygon (Natural Earth) / nearest TZ city
a1504,2025-03-05,Walk,Tanzania,Dodoma,1,1,Strava GPS + point-in-polygon (Natural Earth) / nearest TZ city
a1505,2025-03-06,Workout,,,0,0,Strava GPS + point-in-polygon (Natural Earth) / nearest TZ city
a1506,2025-03-07,Walk,Tanzania,Dodoma,1,1,Strava GPS + point-in-polygon (Natural Earth) / nearest TZ city
a1507,2025-03-10,Walk,Tanzania,Dodoma,1,1,Strava GPS + point-in-polygon (Natural Earth) / nearest TZ city
a1508,2025-03-11,Workout,,,0,0,Strava GPS + point-in-polygon (Natural Earth) / nearest TZ city
a1509,2025-03-12,Workout,,,0,0,Strava GPS + point-in-polygon (Natural Earth) / nearest TZ city
a1510,2025-03-13,Walk,Tanzania,Dodoma,1,1,Strava GPS + point-in-polygon (Natural Earth) / nearest TZ city
a1511,2025-03-14,Workout,,,0,0,Strava GPS + point-in-polygon (Natural Earth) / nearest TZ city
a1512,2025-03-15,Walk,,,0,0,Strava GPS + point-in-polygon (Natural Earth) / nearest TZ city
a1513,2025-03-16,Sail,,,0,0,Strava GPS + point-in-polygon (Natural Earth) / nearest TZ city
a1514,2025-03-16,Walk,,,0,0,Strava GPS + point-in-polygon (Natural Earth) / nearest TZ city
a1515,2025-03-16,Walk,Tanzania,Arusha,1,1,Strava GPS + point-in-polygon (Natural Earth) / nearest TZ city
a1516,2025-03-17,Walk,Tanzania,Arusha,1,1,Strava GPS + point-in-polygon (Natural Earth) / nearest TZ city
a1517,2025-03-20,Walk,Tanzania,Dodoma,1,1,Strava GPS + point-in-polygon (Natural Earth) / nearest TZ city
a1518,2025-03-21,Workout,,,0,0,Strava GPS + point-in-polygon (Natural Earth) / nearest TZ city
a1519,2025-03-21,Walk,Tanzania,Dodoma,1,1,Strava GPS + point-in-polygon (Natural Earth) / nearest TZ city
a1520,2025-03-22,Run,,,0,0,Strava GPS + point-in-polygon (Natural Earth) / nearest TZ city
a1521,2025-03-23,Workout,,,0,0,Strava GPS + point-in-polygon (Natural Earth) / nearest TZ city
a1522,2025-03-24,Walk,Tanzania,Dodoma,1,1,Strava GPS + point-in-polygon (Natural Earth) / nearest TZ city
a1523,2025-03-24,Workout,,,0,0,Strava GPS + point-in-polygon (Natural Earth) / nearest TZ city
a1524,2025-03-25,Walk,Tanzania,Dodoma,1,1,Strava GPS + point-in-polygon (Natural Earth) / nearest TZ city
a1525,2025-03-27,Walk,Tanzania,Dodoma,1,1,Strava GPS + point-in-polygon (Natural Earth) / nearest TZ city
a1526,2025-03-28,Hike,Tanzania,Morogoro,1,1,Strava GPS + point-in-polygon (Natural Earth) / nearest TZ city
a1527,2025-03-29,Hike,Tanzania,Morogoro,1,1,Strava GPS + point-in-polygon (Natural Earth) / nearest TZ city
a1528,2025-03-30,TrailRun,Tanzania,Morogoro,1,1,Strava GPS + point-in-polygon (Natural Earth) / nearest TZ city
a1529,2025-03-31,Run,,,0,0,Strava GPS + point-in-polygon (Natural Earth) / nearest TZ city
a1530,2025-04-01,Walk,Tanzania,Kilimanjaro,1,1,Strava GPS + point-in-polygon (Natural Earth) / nearest TZ city
a1531,2025-04-02,Walk,Tanzania,Kilimanjaro,1,1,Strava GPS + point-in-polygon (Natural Earth) / nearest TZ city
a1532,2025-04-02,Walk,Tanzania,Kilimanjaro,1,1,Strava GPS + point-in-polygon (Natural Earth) / nearest TZ city
a1533,2025-04-03,Walk,Tanzania,Kilimanjaro,1,1,Strava GPS + point-in-polygon (Natural Earth) / nearest TZ city
a1534,2025-04-05,Walk,Tanzania,Dar es Salaam,1,0,Strava GPS + point-in-polygon (Natural Earth) / nearest TZ city
a1535,2025-04-06,Walk,Tanzania,Dar es Salaam,1,0,Strava GPS + point-in-polygon (Natural Earth) / nearest TZ city
a1536,2025-04-07,Workout,,,0,0,Strava GPS + point-in-polygon (Natural Earth) / nearest TZ city
a1537,2025-04-08,Workout,,,0,0,Strava GPS + point-in-polygon (Natural Earth) / nearest TZ city
a1538,2025-04-08,Walk,Tanzania,Dar es Salaam,1,0,Strava GPS + point-in-polygon (Natural Earth) / nearest TZ city
a1539,2025-04-09,Walk,Tanzania,Dar es Salaam,1,0,Strava GPS + point-in-polygon (Natural Earth) / nearest TZ city
a1540,2025-04-18,Walk,,,0,0,Strava GPS + point-in-polygon (Natural Earth) / nearest TZ city
a1541,2025-04-19,GravelRide,Tanzania,Arusha,1,1,Strava GPS + point-in-polygon (Natural Earth) / nearest TZ city
a1542,2025-04-20,GravelRide,Tanzania,Mara,1,1,Strava GPS + point-in-polygon (Natural Earth) / nearest TZ city
a1543,2025-04-21,GravelRide,Tanzania,Arusha,1,1,Strava GPS + point-in-polygon (Natural Earth) / nearest TZ city
a1544,2025-04-24,Workout,,,0,0,Strava GPS + point-in-polygon (Natural Earth) / nearest TZ city
a1545,2025-04-24,Workout,,,0,0,Strava GPS + point-in-polygon (Natural Earth) / nearest TZ city
a1546,2025-04-24,Workout,,,0,0,Strava GPS + point-in-polygon (Natural Earth) / nearest TZ city
a1547,2025-04-26,Workout,,,0,0,Strava GPS + point-in-polygon (Natural Earth) / nearest TZ city
a1548,2025-04-30,Walk,,,0,0,Strava GPS + point-in-polygon (Natural Earth) / nearest TZ city
a1549,2025-05-01,Walk,,,0,0,Strava GPS + point-in-polygon (Natural Earth) / nearest TZ city
a1550,2025-05-02,Run,,,0,0,Strava GPS + point-in-polygon (Natural Earth) / nearest TZ city
a1551,2025-05-04,Run,,,0,0,Strava GPS + point-in-polygon (Natural Earth) / nearest TZ city
a1552,2025-05-05,Walk,,,0,0,Strava GPS + point-in-polygon (Natural Earth) / nearest TZ city
a1553,2025-05-06,Walk,Tanzania,Dodoma,1,1,Strava GPS + point-in-polygon (Natural Earth) / nearest TZ city
a1554,2025-05-09,Walk,Tanzania,Dar es Salaam,1,0,Strava GPS + point-in-polygon (Natural Earth) / nearest TZ city
a1555,2025-05-10,Walk,Tanzania,Dar es Salaam,1,0,Strava GPS + point-in-polygon (Natural Earth) / nearest TZ city
a1556,2025-05-11,Walk,Tanzania,Dar es Salaam,1,0,Strava GPS + point-in-polygon (Natural Earth) / nearest TZ city
a1557,2025-05-12,Walk,Tanzania,Dar es Salaam,1,0,Strava GPS + point-in-polygon (Natural Earth) / nearest TZ city
a1558,2025-05-14,Walk,Tanzania,Dar es Salaam,1,0,Strava GPS + point-in-polygon (Natural Earth) / nearest TZ city
a1559,2025-05-15,Walk,Tanzania,Dar es Salaam,1,0,Strava GPS + point-in-polygon (Natural Earth) / nearest TZ city
a1560,2025-05-19,Workout,,,0,0,Strava GPS + point-in-polygon (Natural Earth) / nearest TZ city
a1561,2025-05-19,Run,,,0,0,Strava GPS + point-in-polygon (Natural Earth) / nearest TZ city
a1562,2025-05-21,Walk,Tanzania,Dodoma,1,1,Strava GPS + point-in-polygon (Natural Earth) / nearest TZ city
a1563,2025-05-22,Run,,,0,0,Strava GPS + point-in-polygon (Natural Earth) / nearest TZ city
a1564,2025-05-26,Run,,,0,0,Strava GPS + point-in-polygon (Natural Earth) / nearest TZ city
a1565,2025-05-27,Walk,Tanzania,Dodoma,1,1,Strava GPS + point-in-polygon (Natural Earth) / nearest TZ city
a1566,2025-05-28,Workout,,,0,0,Strava GPS + point-in-polygon (Natural Earth) / nearest TZ city
a1567,2025-05-30,Walk,Tanzania,Manyara,1,1,Strava GPS + point-in-polygon (Natural Earth) / nearest TZ city
a1568,2025-05-31,Hike,Tanzania,Manyara,1,1,Strava GPS + point-in-polygon (Natural Earth) / nearest TZ city
a1569,2025-06-01,Walk,Tanzania,Dodoma,1,1,Strava GPS + point-in-polygon (Natural Earth) / nearest TZ city
a1570,2025-06-03,Walk,,,0,0,Strava GPS + point-in-polygon (Natural Earth) / nearest TZ city
a1571,2025-06-04,Workout,,,0,0,Strava GPS + point-in-polygon (Natural Earth) / nearest TZ city
a1572,2025-06-04,Run,,,0,0,Strava GPS + point-in-polygon (Natural Earth) / nearest TZ city
a1573,2025-06-07,Walk,Tanzania,Dar es Salaam,1,0,Strava GPS + point-in-polygon (Natural Earth) / nearest TZ city
a1574,2025-06-09,Walk,Tanzania,Dar es Salaam,1,0,Strava GPS + point-in-polygon (Natural Earth) / nearest TZ city
a1575,2025-06-10,Walk,Tanzania,Dar es Salaam,1,0,Strava GPS + point-in-polygon (Natural Earth) / nearest TZ city
a1576,2025-06-11,Walk,Tanzania,Dar es Salaam,1,0,Strava GPS + point-in-polygon (Natural Earth) / nearest TZ city
a1577,2025-06-12,Walk,Tanzania,Dar es Salaam,1,1,Strava GPS + point-in-polygon (Natural Earth) / nearest TZ city
a1578,2025-06-13,Walk,Tanzania,Dodoma,1,1,Strava GPS + point-in-polygon (Natural Earth) / nearest TZ city
a1579,2025-06-16,Workout,,,0,0,Strava GPS + point-in-polygon (Natural Earth) / nearest TZ city
a1580,2025-06-17,Walk,Tanzania,Dodoma,1,1,Strava GPS + point-in-polygon (Natural Earth) / nearest TZ city
a1581,2025-06-18,Walk,Tanzania,Dodoma,1,1,Strava GPS + point-in-polygon (Natural Earth) / nearest TZ city
a1582,2025-06-19,Walk,Tanzania,Dodoma,1,1,Strava GPS + point-in-polygon (Natural Earth) / nearest TZ city
a1583,2025-06-20,Run,,,0,0,Strava GPS + point-in-polygon (Natural Earth) / nearest TZ city
a1584,2025-06-21,Walk,Tanzania,Dodoma,1,1,Strava GPS + point-in-polygon (Natural Earth) / nearest TZ city
a1585,2025-06-21,Run,,,0,0,Strava GPS + point-in-polygon (Natural Earth) / nearest TZ city
a1586,2025-06-23,Workout,,,0,0,Strava GPS + point-in-polygon (Natural Earth) / nearest TZ city
a1587,2025-06-23,Run,,,0,0,Strava GPS + point-in-polygon (Natural Earth) / nearest TZ city
a1588,2025-06-25,Run,,,0,0,Strava GPS + point-in-polygon (Natural Earth) / nearest TZ city
a1589,2025-06-25,Run,,,0,0,Strava GPS + point-in-polygon (Natural Earth) / nearest TZ city
a1590,2025-06-26,Walk,Tanzania,Dodoma,1,1,Strava GPS + point-in-polygon (Natural Earth) / nearest TZ city
a1591,2025-06-27,Run,,,0,0,Strava GPS + point-in-polygon (Natural Earth) / nearest TZ city
a1592,2025-06-28,Run,,,0,0,Strava GPS + point-in-polygon (Natural Earth) / nearest TZ city
a1593,2025-06-29,Run,,,0,0,Strava GPS + point-in-polygon (Natural Earth) / nearest TZ city
a1594,2025-06-30,Run,,,0,0,Strava GPS + point-in-polygon (Natural Earth) / nearest TZ city
a1595,2025-07-01,Run,,,0,0,Strava GPS + point-in-polygon (Natural Earth) / nearest TZ city
a1596,2025-07-02,Run,,,0,0,Strava GPS + point-in-polygon (Natural Earth) / nearest TZ city
a1597,2025-07-03,Run,,,0,0,Strava GPS + point-in-polygon (Natural Earth) / nearest TZ city
a1598,2025-07-04,Walk,Tanzania,Dodoma,1,1,Strava GPS + point-in-polygon (Natural Earth) / nearest TZ city
a1599,2025-07-05,Run,,,0,0,Strava GPS + point-in-polygon (Natural Earth) / nearest TZ city
a1600,2025-07-06,Run,,,0,0,Strava GPS + point-in-polygon (Natural Earth) / nearest TZ city
a1601,2025-07-07,Run,,,0,0,Strava GPS + point-in-polygon (Natural Earth) / nearest TZ city
a1602,2025-07-08,Run,,,0,0,Strava GPS + point-in-polygon (Natural Earth) / nearest TZ city
a1603,2025-07-09,Run,,,0,0,Strava GPS + point-in-polygon (Natural Earth) / nearest TZ city
a1604,2025-07-10,Walk,Tanzania,Kilimanjaro,1,1,Strava GPS + point-in-polygon (Natural Earth) / nearest TZ city
a1605,2025-07-11,Walk,Tanzania,Kilimanjaro,1,1,Strava GPS + point-in-polygon (Natural Earth) / nearest TZ city
a1606,2025-07-12,Run,Tanzania,Kilimanjaro,1,1,Strava GPS + point-in-polygon (Natural Earth) / nearest TZ city
a1607,2025-07-13,Run,Tanzania,Kilimanjaro,1,1,Strava GPS + point-in-polygon (Natural Earth) / nearest TZ city
a1608,2025-07-14,Run,,,0,0,Strava GPS + point-in-polygon (Natural Earth) / nearest TZ city
a1609,2025-07-14,Walk,Tanzania,Pwani,1,1,Strava GPS + point-in-polygon (Natural Earth) / nearest TZ city
a1610,2025-07-14,Ride,Tanzania,Pwani,1,1,Strava GPS + point-in-polygon (Natural Earth) / nearest TZ city
a1611,2025-07-15,Run,,,0,0,Strava GPS + point-in-polygon (Natural Earth) / nearest TZ city
a1612,2025-07-16,Walk,Tanzania,Dar es Salaam,1,0,Strava GPS + point-in-polygon (Natural Earth) / nearest TZ city
a1613,2025-07-18,Walk,Tanzania,Dar es Salaam,1,1,Strava GPS + point-in-polygon (Natural Earth) / nearest TZ city
a1614,2025-07-18,Walk,Tanzania,Morogoro,1,1,Strava GPS + point-in-polygon (Natural Earth) / nearest TZ city
a1615,2025-07-19,Walk,Tanzania,Morogoro,1,1,Strava GPS + point-in-polygon (Natural Earth) / nearest TZ city
a1616,2025-07-19,Hike,Tanzania,Morogoro,1,1,Strava GPS + point-in-polygon (Natural Earth) / nearest TZ city
a1617,2025-07-19,Walk,Tanzania,Morogoro,1,1,Strava GPS + point-in-polygon (Natural Earth) / nearest TZ city
a1618,2025-07-20,Walk,Tanzania,Dar es Salaam,1,1,Strava GPS + point-in-polygon (Natural Earth) / nearest TZ city
a1619,2025-07-21,Walk,Tanzania,Dar es Salaam,1,0,Strava GPS + point-in-polygon (Natural Earth) / nearest TZ city
a1620,2025-07-23,Walk,Tanzania,Dodoma,1,1,Strava GPS + point-in-polygon (Natural Earth) / nearest TZ city
a1621,2025-07-23,Run,,,0,0,Strava GPS + point-in-polygon (Natural Earth) / nearest TZ city
a1622,2025-07-24,Run,,,0,0,Strava GPS + point-in-polygon (Natural Earth) / nearest TZ city
a1623,2025-07-26,GravelRide,Tanzania,Arusha,1,1,Strava GPS + point-in-polygon (Natural Earth) / nearest TZ city
a1624,2025-07-26,Run,,,0,0,Strava GPS + point-in-polygon (Natural Earth) / nearest TZ city
a1625,2025-07-27,Run,,,0,0,Strava GPS + point-in-polygon (Natural Earth) / nearest TZ city
a1626,2025-07-30,Walk,Tanzania,Dodoma,1,1,Strava GPS + point-in-polygon (Natural Earth) / nearest TZ city
a1627,2025-07-30,Walk,Tanzania,Dodoma,1,1,Strava GPS + point-in-polygon (Natural Earth) / nearest TZ city
a1628,2025-07-31,Run,,,0,0,Strava GPS + point-in-polygon (Natural Earth) / nearest TZ city
a1629,2025-08-01,Walk,Saudi Arabia,,1,1,Strava GPS + point-in-polygon (Natural Earth) / nearest TZ city
a1630,2025-08-02,Run,,,0,0,Strava GPS + point-in-polygon (Natural Earth) / nearest TZ city
a1631,2025-08-03,Walk,Tanzania,Dar es Salaam,1,1,Strava GPS + point-in-polygon (Natural Earth) / nearest TZ city
a1632,2025-08-05,GravelRide,Tanzania,Tanga,1,1,Strava GPS + point-in-polygon (Natural Earth) / nearest TZ city
a1633,2025-08-05,Walk,Tanzania,Pwani,1,1,Strava GPS + point-in-polygon (Natural Earth) / nearest TZ city
a1634,2025-08-05,Walk,Tanzania,Pwani,1,1,Strava GPS + point-in-polygon (Natural Earth) / nearest TZ city
a1635,2025-08-06,Walk,Tanzania,Dar es Salaam,1,0,Strava GPS + point-in-polygon (Natural Earth) / nearest TZ city
a1636,2025-08-07,Run,,,0,0,Strava GPS + point-in-polygon (Natural Earth) / nearest TZ city
a1637,2025-08-08,Walk,Tanzania,Dodoma,1,1,Strava GPS + point-in-polygon (Natural Earth) / nearest TZ city
a1638,2025-08-09,Walk,Tanzania,Iringa,1,1,Strava GPS + point-in-polygon (Natural Earth) / nearest TZ city
a1639,2025-08-09,Walk,Tanzania,Iringa,1,1,Strava GPS + point-in-polygon (Natural Earth) / nearest TZ city
a1640,2025-08-10,Walk,Tanzania,Iringa,1,1,Strava GPS + point-in-polygon (Natural Earth) / nearest TZ city
a1641,2025-08-10,Run,Tanzania,Iringa,1,1,Strava GPS + point-in-polygon (Natural Earth) / nearest TZ city
a1642,2025-08-11,Run,Tanzania,Iringa,1,1,Strava GPS + point-in-polygon (Natural Earth) / nearest TZ city
a1643,2025-08-11,Run,Tanzania,Iringa,1,1,Strava GPS + point-in-polygon (Natural Earth) / nearest TZ city
a1644,2025-08-12,Run,Tanzania,Iringa,1,1,Strava GPS + point-in-polygon (Natural Earth) / nearest TZ city
a1645,2025-08-13,Run,,,0,0,Strava GPS + point-in-polygon (Natural Earth) / nearest TZ city
a1646,2025-08-15,Run,Tanzania,Dar es Salaam,1,0,Strava GPS + point-in-polygon (Natural Earth) / nearest TZ city
a1647,2025-08-19,Run,Tanzania,Dar es Salaam,1,0,Strava GPS + point-in-polygon (Natural Earth) / nearest TZ city
a1648,2025-08-21,Run,Tanzania,Pwani,1,1,Strava GPS + point-in-polygon (Natural Earth) / nearest TZ city
a1649,2025-08-21,Run,,,0,0,Strava GPS + point-in-polygon (Natural Earth) / nearest TZ city
a1650,2025-08-21,Run,Tanzania,Pwani,1,1,Strava GPS + point-in-polygon (Natural Earth) / nearest TZ city
a1651,2025-08-22,Run,Tanzania,Morogoro,1,1,Strava GPS + point-in-polygon (Natural Earth) / nearest TZ city
a1652,2025-08-23,TrailRun,Tanzania,Morogoro,1,1,Strava GPS + point-in-polygon (Natural Earth) / nearest TZ city
a1653,2025-08-23,Walk,Tanzania,Dar es Salaam,1,0,Strava GPS + point-in-polygon (Natural Earth) / nearest TZ city
a1654,2025-08-25,Workout,,,0,0,Strava GPS + point-in-polygon (Natural Earth) / nearest TZ city
a1655,2025-09-03,Workout,,,0,0,Strava GPS + point-in-polygon (Natural Earth) / nearest TZ city
a1656,2025-09-04,Workout,,,0,0,Strava GPS + point-in-polygon (Natural Earth) / nearest TZ city
a1657,2025-09-07,Walk,Tanzania,Dodoma,1,1,Strava GPS + point-in-polygon (Natural Earth) / nearest TZ city
a1658,2025-09-09,Workout,,,0,0,Strava GPS + point-in-polygon (Natural Earth) / nearest TZ city
a1659,2025-09-17,Workout,,,0,0,Strava GPS + point-in-polygon (Natural Earth) / nearest TZ city
a1660,2025-09-18,Walk,Tanzania,Dodoma,1,1,Strava GPS + point-in-polygon (Natural Earth) / nearest TZ city
a1661,2025-09-19,Run,,,0,0,Strava GPS + point-in-polygon (Natural Earth) / nearest TZ city
a1662,2025-09-20,Run,,,0,0,Strava GPS + point-in-polygon (Natural Earth) / nearest TZ city
a1663,2025-09-21,Run,,,0,0,Strava GPS + point-in-polygon (Natural Earth) / nearest TZ city
a1664,2025-09-22,Run,,,0,0,Strava GPS + point-in-polygon (Natural Earth) / nearest TZ city
a1665,2025-09-26,Walk,Tanzania,Dar es Salaam,1,0,Strava GPS + point-in-polygon (Natural Earth) / nearest TZ city
a1666,2025-09-27,Walk,Tanzania,Dar es Salaam,1,0,Strava GPS + point-in-polygon (Natural Earth) / nearest TZ city
a1667,2025-09-28,Walk,Tanzania,Dar es Salaam,1,1,Strava GPS + point-in-polygon (Natural Earth) / nearest TZ city
a1668,2025-09-28,Walk,Tanzania,Dar es Salaam,1,0,Strava GPS + point-in-polygon (Natural Earth) / nearest TZ city
a1669,2025-09-29,Walk,Tanzania,Dar es Salaam,1,0,Strava GPS + point-in-polygon (Natural Earth) / nearest TZ city
a1670,2025-09-30,Run,,,0,0,Strava GPS + point-in-polygon (Natural Earth) / nearest TZ city
a1671,2025-10-01,Walk,Tanzania,Dar es Salaam,1,0,Strava GPS + point-in-polygon (Natural Earth) / nearest TZ city
a1672,2025-10-03,Walk,Tanzania,Dar es Salaam,1,0,Strava GPS + point-in-polygon (Natural Earth) / nearest TZ city
a1673,2025-10-05,Walk,Tanzania,Dar es Salaam,1,0,Strava GPS + point-in-polygon (Natural Earth) / nearest TZ city
a1674,2025-10-07,Walk,Tanzania,Dar es Salaam,1,0,Strava GPS + point-in-polygon (Natural Earth) / nearest TZ city
a1675,2025-10-08,Run,,,0,0,Strava GPS + point-in-polygon (Natural Earth) / nearest TZ city
a1676,2025-10-09,Run,,,0,0,Strava GPS + point-in-polygon (Natural Earth) / nearest TZ city
a1677,2025-10-10,Run,,,0,0,Strava GPS + point-in-polygon (Natural Earth) / nearest TZ city
a1678,2025-10-11,Run,,,0,0,Strava GPS + point-in-polygon (Natural Earth) / nearest TZ city
a1679,2025-10-13,GravelRide,Tanzania,Dodoma,1,1,Strava GPS + point-in-polygon (Natural Earth) / nearest TZ city
a1680,2025-10-15,Walk,Tanzania,Dodoma,1,1,Strava GPS + point-in-polygon (Natural Earth) / nearest TZ city
a1681,2025-10-16,Run,,,0,0,Strava GPS + point-in-polygon (Natural Earth) / nearest TZ city
a1682,2025-10-17,Run,,,0,0,Strava GPS + point-in-polygon (Natural Earth) / nearest TZ city
a1683,2025-10-18,Run,,,0,0,Strava GPS + point-in-polygon (Natural Earth) / nearest TZ city
a1684,2025-10-20,Walk,Tanzania,Kilimanjaro,1,1,Strava GPS + point-in-polygon (Natural Earth) / nearest TZ city
a1685,2025-10-21,Walk,Tanzania,Kilimanjaro,1,1,Strava GPS + point-in-polygon (Natural Earth) / nearest TZ city
a1686,2025-10-21,Walk,Tanzania,Kilimanjaro,1,1,Strava GPS + point-in-polygon (Natural Earth) / nearest TZ city
a1687,2025-10-22,Run,Tanzania,Kilimanjaro,1,1,Strava GPS + point-in-polygon (Natural Earth) / nearest TZ city
a1688,2025-10-23,Run,Tanzania,Kilimanjaro,1,1,Strava GPS + point-in-polygon (Natural Earth) / nearest TZ city
a1689,2025-10-24,Run,Tanzania,Kilimanjaro,1,1,Strava GPS + point-in-polygon (Natural Earth) / nearest TZ city
a1690,2025-10-25,Run,Tanzania,Kilimanjaro,1,1,Strava GPS + point-in-polygon (Natural Earth) / nearest TZ city
a1691,2025-10-26,Run,Tanzania,Kilimanjaro,1,1,Strava GPS + point-in-polygon (Natural Earth) / nearest TZ city
a1692,2025-10-27,Walk,Tanzania,Kilimanjaro,1,1,Strava GPS + point-in-polygon (Natural Earth) / nearest TZ city
a1693,2025-10-29,EBikeRide,Tanzania,Dodoma,1,1,Strava GPS + point-in-polygon (Natural Earth) / nearest TZ city
a1694,2025-10-30,Run,,,0,0,Strava GPS + point-in-polygon (Natural Earth) / nearest TZ city
a1695,2025-11-06,Workout,,,0,0,Strava GPS + point-in-polygon (Natural Earth) / nearest TZ city
a1696,2025-11-07,Workout,,,0,0,Strava GPS + point-in-polygon (Natural Earth) / nearest TZ city
a1697,2025-11-08,Run,,,0,0,Strava GPS + point-in-polygon (Natural Earth) / nearest TZ city
a1698,2025-11-09,EBikeRide,Tanzania,Dodoma,1,1,Strava GPS + point-in-polygon (Natural Earth) / nearest TZ city
a1699,2025-11-12,Walk,Tanzania,Dodoma,1,1,Strava GPS + point-in-polygon (Natural Earth) / nearest TZ city
a1700,2025-11-17,Walk,Tanzania,Dodoma,1,1,Strava GPS + point-in-polygon (Natural Earth) / nearest TZ city
a1701,2025-11-19,Walk,Tanzania,Dar es Salaam,1,0,Strava GPS + point-in-polygon (Natural Earth) / nearest TZ city
a1702,2025-11-20,Walk,Tanzania,Dar es Salaam,1,0,Strava GPS + point-in-polygon (Natural Earth) / nearest TZ city
a1703,2025-11-20,Walk,Tanzania,Pwani,1,1,Strava GPS + point-in-polygon (Natural Earth) / nearest TZ city
a1704,2025-11-21,Walk,Tanzania,Dar es Salaam,1,0,Strava GPS + point-in-polygon (Natural Earth) / nearest TZ city
a1705,2025-11-22,Run,Tanzania,Dar es Salaam,1,0,Strava GPS + point-in-polygon (Natural Earth) / nearest TZ city
a1706,2025-11-22,Walk,Tanzania,Pwani,1,1,Strava GPS + point-in-polygon (Natural Earth) / nearest TZ city
a1707,2025-11-22,Walk,Tanzania,Pwani,1,1,Strava GPS + point-in-polygon (Natural Earth) / nearest TZ city
a1708,2025-11-24,Walk,Tanzania,Dar es Salaam,1,0,Strava GPS + point-in-polygon (Natural Earth) / nearest TZ city
a1709,2025-11-25,Run,Tanzania,Dar es Salaam,1,0,Strava GPS + point-in-polygon (Natural Earth) / nearest TZ city
a1710,2025-11-27,GravelRide,Tanzania,Morogoro,1,1,Strava GPS + point-in-polygon (Natural Earth) / nearest TZ city
a1711,2025-11-27,GravelRide,Tanzania,Morogoro,1,1,Strava GPS + point-in-polygon (Natural Earth) / nearest TZ city
a1712,2025-11-28,Run,Tanzania,Morogoro,1,1,Strava GPS + point-in-polygon (Natural Earth) / nearest TZ city
a1713,2025-11-29,TrailRun,,,0,0,Strava GPS + point-in-polygon (Natural Earth) / nearest TZ city
a1714,2025-12-05,Workout,,,0,0,Strava GPS + point-in-polygon (Natural Earth) / nearest TZ city
a1715,2025-12-06,Run,,,0,0,Strava GPS + point-in-polygon (Natural Earth) / nearest TZ city
a1716,2025-12-08,EBikeRide,Tanzania,Dodoma,1,1,Strava GPS + point-in-polygon (Natural Earth) / nearest TZ city
a1717,2025-12-11,Workout,,,0,0,Strava GPS + point-in-polygon (Natural Earth) / nearest TZ city
a1718,2025-12-12,Workout,,,0,0,Strava GPS + point-in-polygon (Natural Earth) / nearest TZ city
a1719,2025-12-12,Walk,Tanzania,Dodoma,1,1,Strava GPS + point-in-polygon (Natural Earth) / nearest TZ city
a1720,2025-12-13,Run,Tanzania,Dodoma,1,1,Strava GPS + point-in-polygon (Natural Earth) / nearest TZ city
a1721,2025-12-14,Walk,Tanzania,Dodoma,1,1,Strava GPS + point-in-polygon (Natural Earth) / nearest TZ city
a1722,2025-12-15,Workout,,,0,0,Strava GPS + point-in-polygon (Natural Earth) / nearest TZ city
a1723,2025-12-18,Workout,,,0,0,Strava GPS + point-in-polygon (Natural Earth) / nearest TZ city
a1724,2025-12-19,Workout,,,0,0,Strava GPS + point-in-polygon (Natural Earth) / nearest TZ city
a1725,2025-12-20,Workout,,,0,0,Strava GPS + point-in-polygon (Natural Earth) / nearest TZ city
a1726,2025-12-21,Workout,,,0,0,Strava GPS + point-in-polygon (Natural Earth) / nearest TZ city
a1727,2025-12-22,Workout,,,0,0,Strava GPS + point-in-polygon (Natural Earth) / nearest TZ city
a1728,2025-12-22,Walk,Tanzania,Kilimanjaro,1,1,Strava GPS + point-in-polygon (Natural Earth) / nearest TZ city
a1729,2025-12-23,Walk,Tanzania,Kilimanjaro,1,1,Strava GPS + point-in-polygon (Natural Earth) / nearest TZ city
a1730,2025-12-24,Workout,,,0,0,Strava GPS + point-in-polygon (Natural Earth) / nearest TZ city
a1731,2025-12-25,Walk,Tanzania,Kilimanjaro,1,1,Strava GPS + point-in-polygon (Natural Earth) / nearest TZ city
a1732,2025-12-26,WeightTraining,,,0,0,Strava GPS + point-in-polygon (Natural Earth) / nearest TZ city
a1733,2025-12-26,Walk,Tanzania,Kilimanjaro,1,1,Strava GPS + point-in-polygon (Natural Earth) / nearest TZ city
a1734,2025-12-27,Walk,Tanzania,Kilimanjaro,1,1,Strava GPS + point-in-polygon (Natural Earth) / nearest TZ city
a1735,2025-12-27,TrailRun,Kenya,,1,1,Strava GPS + point-in-polygon (Natural Earth) / nearest TZ city
a1736,2025-12-29,Run,,,0,0,Strava GPS + point-in-polygon (Natural Earth) / nearest TZ city
a1737,2025-12-30,Workout,,,0,0,Strava GPS + point-in-polygon (Natural Earth) / nearest TZ city
a1738,2025-12-31,Workout,,,0,0,Strava GPS + point-in-polygon (Natural Earth) / nearest TZ city
a1739,2026-01-01,Workout,,,0,0,Strava GPS + point-in-polygon (Natural Earth) / nearest TZ city
a1740,2026-01-02,Workout,,,0,0,Strava GPS + point-in-polygon (Natural Earth) / nearest TZ city
a1741,2026-01-02,Walk,Tanzania,Kilimanjaro,1,1,Strava GPS + point-in-polygon (Natural Earth) / nearest TZ city
a1742,2026-01-03,Workout,,,0,0,Strava GPS + point-in-polygon (Natural Earth) / nearest TZ city
a1743,2026-01-04,Workout,,,0,0,Strava GPS + point-in-polygon (Natural Earth) / nearest TZ city
a1744,2026-01-04,Walk,Tanzania,Kilimanjaro,1,1,Strava GPS + point-in-polygon (Natural Earth) / nearest TZ city
a1745,2026-01-05,Workout,,,0,0,Strava GPS + point-in-polygon (Natural Earth) / nearest TZ city
a1746,2026-01-06,Walk,Tanzania,Kilimanjaro,1,1,Strava GPS + point-in-polygon (Natural Earth) / nearest TZ city
a1747,2026-01-07,Walk,Tanzania,Kilimanjaro,1,1,Strava GPS + point-in-polygon (Natural Earth) / nearest TZ city
a1748,2026-01-08,WeightTraining,,,0,0,Strava GPS + point-in-polygon (Natural Earth) / nearest TZ city
a1749,2026-01-08,Walk,Tanzania,Kilimanjaro,1,1,Strava GPS + point-in-polygon (Natural Earth) / nearest TZ city
a1750,2026-01-09,Walk,Tanzania,Kilimanjaro,1,1,Strava GPS + point-in-polygon (Natural Earth) / nearest TZ city
a1751,2026-01-10,Workout,,,0,0,Strava GPS + point-in-polygon (Natural Earth) / nearest TZ city
a1752,2026-01-11,TrailRun,Tanzania,Kilimanjaro,1,1,Strava GPS + point-in-polygon (Natural Earth) / nearest TZ city
a1753,2026-01-12,Run,Tanzania,Kilimanjaro,1,1,Strava GPS + point-in-polygon (Natural Earth) / nearest TZ city
a1754,2026-01-13,TrailRun,Tanzania,Kilimanjaro,1,1,Strava GPS + point-in-polygon (Natural Earth) / nearest TZ city
a1755,2026-01-14,TrailRun,Tanzania,Kilimanjaro,1,1,Strava GPS + point-in-polygon (Natural Earth) / nearest TZ city
a1756,2026-01-15,Workout,,,0,0,Strava GPS + point-in-polygon (Natural Earth) / nearest TZ city
a1757,2026-01-16,Walk,Tanzania,Kilimanjaro,1,1,Strava GPS + point-in-polygon (Natural Earth) / nearest TZ city
a1758,2026-01-16,Run,Tanzania,Kilimanjaro,1,1,Strava GPS + point-in-polygon (Natural Earth) / nearest TZ city
a1759,2026-01-17,Workout,,,0,0,Strava GPS + point-in-polygon (Natural Earth) / nearest TZ city
a1760,2026-01-18,TrailRun,Tanzania,Kilimanjaro,1,1,Strava GPS + point-in-polygon (Natural Earth) / nearest TZ city
a1761,2026-01-19,Workout,,,0,0,Strava GPS + point-in-polygon (Natural Earth) / nearest TZ city
a1762,2026-01-20,TrailRun,Tanzania,Kilimanjaro,1,1,Strava GPS + point-in-polygon (Natural Earth) / nearest TZ city
a1763,2026-01-21,Walk,Tanzania,Kilimanjaro,1,1,Strava GPS + point-in-polygon (Natural Earth) / nearest TZ city
a1764,2026-01-22,Run,Tanzania,Kilimanjaro,1,1,Strava GPS + point-in-polygon (Natural Earth) / nearest TZ city
a1765,2026-01-23,TrailRun,Tanzania,Kilimanjaro,1,1,Strava GPS + point-in-polygon (Natural Earth) / nearest TZ city
a1766,2026-01-24,Walk,Tanzania,Kilimanjaro,1,1,Strava GPS + point-in-polygon (Natural Earth) / nearest TZ city
a1767,2026-01-24,Run,Tanzania,Kilimanjaro,1,1,Strava GPS + point-in-polygon (Natural Earth) / nearest TZ city
a1768,2026-01-25,TrailRun,Tanzania,Kilimanjaro,1,1,Strava GPS + point-in-polygon (Natural Earth) / nearest TZ city
a1769,2026-01-26,Walk,Tanzania,Kilimanjaro,1,1,Strava GPS + point-in-polygon (Natural Earth) / nearest TZ city
a1770,2026-01-27,Workout,,,0,0,Strava GPS + point-in-polygon (Natural Earth) / nearest TZ city
a1771,2026-01-28,Walk,Tanzania,Dodoma,1,1,Strava GPS + point-in-polygon (Natural Earth) / nearest TZ city
a1772,2026-01-29,Workout,,,0,0,Strava GPS + point-in-polygon (Natural Earth) / nearest TZ city
a1773,2026-01-30,Run,,,0,0,Strava GPS + point-in-polygon (Natural Earth) / nearest TZ city
a1774,2026-01-30,Walk,Tanzania,Dodoma,1,1,Strava GPS + point-in-polygon (Natural Earth) / nearest TZ city
a1775,2026-01-31,Run,Tanzania,Dar es Salaam,1,0,Strava GPS + point-in-polygon (Natural Earth) / nearest TZ city
a1776,2026-02-01,Run,,,0,0,Strava GPS + point-in-polygon (Natural Earth) / nearest TZ city
a1777,2026-02-02,Run,,,0,0,Strava GPS + point-in-polygon (Natural Earth) / nearest TZ city
a1778,2026-02-03,Walk,Tanzania,Dodoma,1,1,Strava GPS + point-in-polygon (Natural Earth) / nearest TZ city
a1779,2026-02-04,Run,,,0,0,Strava GPS + point-in-polygon (Natural Earth) / nearest TZ city
a1780,2026-02-05,Run,,,0,0,Strava GPS + point-in-polygon (Natural Earth) / nearest TZ city
a1781,2026-02-06,Run,,,0,0,Strava GPS + point-in-polygon (Natural Earth) / nearest TZ city
a1782,2026-02-07,Walk,,,0,0,Strava GPS + point-in-polygon (Natural Earth) / nearest TZ city
a1783,2026-02-08,Walk,Tanzania,Dodoma,1,1,Strava GPS + point-in-polygon (Natural Earth) / nearest TZ city
a1784,2026-02-09,Workout,,,0,0,Strava GPS + point-in-polygon (Natural Earth) / nearest TZ city
a1785,2026-02-10,Run,,,0,0,Strava GPS + point-in-polygon (Natural Earth) / nearest TZ city
a1786,2026-02-11,Walk,Tanzania,Dodoma,1,1,Strava GPS + point-in-polygon (Natural Earth) / nearest TZ city
a1787,2026-02-12,Walk,Tanzania,Dodoma,1,1,Strava GPS + point-in-polygon (Natural Earth) / nearest TZ city
a1788,2026-02-13,TrailRun,Tanzania,Mbeya,1,1,Strava GPS + point-in-polygon (Natural Earth) / nearest TZ city
a1789,2026-02-13,Walk,Tanzania,Rukwa,1,1,Strava GPS + point-in-polygon (Natural Earth) / nearest TZ city
a1790,2026-02-14,TrailRun,Tanzania,Rukwa,1,1,Strava GPS + point-in-polygon (Natural Earth) / nearest TZ city
a1791,2026-02-15,Run,,,0,0,Strava GPS + point-in-polygon (Natural Earth) / nearest TZ city
a1792,2026-02-16,Walk,Tanzania,Dodoma,1,1,Strava GPS + point-in-polygon (Natural Earth) / nearest TZ city
a1793,2026-02-17,Run,,,0,0,Strava GPS + point-in-polygon (Natural Earth) / nearest TZ city
a1794,2026-02-18,Run,Tanzania,Dodoma,1,1,Strava GPS + point-in-polygon (Natural Earth) / nearest TZ city
a1795,2026-02-19,Walk,Tanzania,Dodoma,1,1,Strava GPS + point-in-polygon (Natural Earth) / nearest TZ city
a1796,2026-02-20,Run,Tanzania,Dodoma,1,1,Strava GPS + point-in-polygon (Natural Earth) / nearest TZ city
a1797,2026-02-21,Run,Tanzania,Dodoma,1,1,Strava GPS + point-in-polygon (Natural Earth) / nearest TZ city
a1798,2026-02-22,Run,,,0,0,Strava GPS + point-in-polygon (Natural Earth) / nearest TZ city
a1799,2026-02-23,Walk,Tanzania,Dodoma,1,1,Strava GPS + point-in-polygon (Natural Earth) / nearest TZ city
a1800,2026-02-24,Workout,,,0,0,Strava GPS + point-in-polygon (Natural Earth) / nearest TZ city
a1801,2026-02-25,Walk,Tanzania,Dodoma,1,1,Strava GPS + point-in-polygon (Natural Earth) / nearest TZ city
a1802,2026-02-26,Workout,,,0,0,Strava GPS + point-in-polygon (Natural Earth) / nearest TZ city
a1803,2026-02-27,Run,Tanzania,Dodoma,1,1,Strava GPS + point-in-polygon (Natural Earth) / nearest TZ city
a1804,2026-02-28,Run,,,0,0,Strava GPS + point-in-polygon (Natural Earth) / nearest TZ city
a1805,2026-03-01,Run,,,0,0,Strava GPS + point-in-polygon (Natural Earth) / nearest TZ city
a1806,2026-03-02,Run,,,0,0,Strava GPS + point-in-polygon (Natural Earth) / nearest TZ city
a1807,2026-03-03,Run,,,0,0,Strava GPS + point-in-polygon (Natural Earth) / nearest TZ city
a1808,2026-03-03,Walk,,,0,0,Strava GPS + point-in-polygon (Natural Earth) / nearest TZ city
a1809,2026-03-04,Run,,,0,0,Strava GPS + point-in-polygon (Natural Earth) / nearest TZ city
a1810,2026-03-04,Walk,,,0,0,Strava GPS + point-in-polygon (Natural Earth) / nearest TZ city
a1811,2026-03-05,Run,,,0,0,Strava GPS + point-in-polygon (Natural Earth) / nearest TZ city
a1812,2026-03-06,Run,,,0,0,Strava GPS + point-in-polygon (Natural Earth) / nearest TZ city
a1813,2026-03-07,Walk,Tanzania,Dodoma,1,1,Strava GPS + point-in-polygon (Natural Earth) / nearest TZ city
a1814,2026-03-08,Run,,,0,0,Strava GPS + point-in-polygon (Natural Earth) / nearest TZ city
a1815,2026-03-09,Walk,Tanzania,Dar es Salaam,1,0,Strava GPS + point-in-polygon (Natural Earth) / nearest TZ city
a1816,2026-03-10,Run,Tanzania,Dar es Salaam,1,0,Strava GPS + point-in-polygon (Natural Earth) / nearest TZ city
a1817,2026-03-11,Run,Tanzania,Dar es Salaam,1,0,Strava GPS + point-in-polygon (Natural Earth) / nearest TZ city
a1818,2026-03-12,Run,Tanzania,Dar es Salaam,1,0,Strava GPS + point-in-polygon (Natural Earth) / nearest TZ city
a1819,2026-03-13,Run,Tanzania,Dar es Salaam,1,0,Strava GPS + point-in-polygon (Natural Earth) / nearest TZ city
a1820,2026-03-14,Run,,,0,0,Strava GPS + point-in-polygon (Natural Earth) / nearest TZ city
a1821,2026-03-15,Walk,,,0,0,Strava GPS + point-in-polygon (Natural Earth) / nearest TZ city
a1822,2026-03-16,Run,,,0,0,Strava GPS + point-in-polygon (Natural Earth) / nearest TZ city
a1823,2026-03-17,Run,,,0,0,Strava GPS + point-in-polygon (Natural Earth) / nearest TZ city
a1824,2026-03-18,Run,,,0,0,Strava GPS + point-in-polygon (Natural Earth) / nearest TZ city
a1825,2026-03-19,Run,Tanzania,Kilimanjaro,1,1,Strava GPS + point-in-polygon (Natural Earth) / nearest TZ city
a1826,2026-03-20,Walk,Tanzania,Kilimanjaro,1,1,Strava GPS + point-in-polygon (Natural Earth) / nearest TZ city
a1827,2026-03-21,Walk,Tanzania,Kilimanjaro,1,1,Strava GPS + point-in-polygon (Natural Earth) / nearest TZ city
a1828,2026-03-22,Run,Tanzania,Kilimanjaro,1,1,Strava GPS + point-in-polygon (Natural Earth) / nearest TZ city
a1829,2026-03-22,TrailRun,Tanzania,Kilimanjaro,1,1,Strava GPS + point-in-polygon (Natural Earth) / nearest TZ city
a1830,2026-03-23,Run,,,0,0,Strava GPS + point-in-polygon (Natural Earth) / nearest TZ city
a1831,2026-03-24,Walk,Tanzania,Kilimanjaro,1,1,Strava GPS + point-in-polygon (Natural Earth) / nearest TZ city
a1832,2026-03-24,Walk,Tanzania,Kilimanjaro,1,1,Strava GPS + point-in-polygon (Natural Earth) / nearest TZ city
a1833,2026-03-25,Walk,Tanzania,Kilimanjaro,1,1,Strava GPS + point-in-polygon (Natural Earth) / nearest TZ city
a1834,2026-03-26,Run,Tanzania,Kilimanjaro,1,1,Strava GPS + point-in-polygon (Natural Earth) / nearest TZ city
a1835,2026-03-27,Workout,,,0,0,Strava GPS + point-in-polygon (Natural Earth) / nearest TZ city
a1836,2026-03-28,Run,,,0,0,Strava GPS + point-in-polygon (Natural Earth) / nearest TZ city
a1837,2026-03-29,Run,,,0,0,Strava GPS + point-in-polygon (Natural Earth) / nearest TZ city
a1838,2026-03-30,Run,Tanzania,Dar es Salaam,1,0,Strava GPS + point-in-polygon (Natural Earth) / nearest TZ city
a1839,2026-03-31,Walk,Tanzania,Dar es Salaam,1,0,Strava GPS + point-in-polygon (Natural Earth) / nearest TZ city
a1840,2026-04-01,Run,Tanzania,Dar es Salaam,1,0,Strava GPS + point-in-polygon (Natural Earth) / nearest TZ city
a1841,2026-04-02,Run,Tanzania,Dar es Salaam,1,0,Strava GPS + point-in-polygon (Natural Earth) / nearest TZ city
a1842,2026-04-03,Run,Tanzania,Dar es Salaam,1,0,Strava GPS + point-in-polygon (Natural Earth) / nearest TZ city
a1843,2026-04-04,TrailRun,Tanzania,Pwani,1,1,Strava GPS + point-in-polygon (Natural Earth) / nearest TZ city
a1844,2026-04-05,Run,Tanzania,Dar es Salaam,1,0,Strava GPS + point-in-polygon (Natural Earth) / nearest TZ city
a1845,2026-04-06,Run,,,0,0,Strava GPS + point-in-polygon (Natural Earth) / nearest TZ city
a1846,2026-04-07,Workout,,,0,0,Strava GPS + point-in-polygon (Natural Earth) / nearest TZ city
a1847,2026-04-08,Workout,,,0,0,Strava GPS + point-in-polygon (Natural Earth) / nearest TZ city
a1848,2026-04-09,Walk,Tanzania,Dar es Salaam,1,0,Strava GPS + point-in-polygon (Natural Earth) / nearest TZ city
a1849,2026-04-10,Workout,,,0,0,Strava GPS + point-in-polygon (Natural Earth) / nearest TZ city
a1850,2026-04-11,TrailRun,Kenya,,1,1,Strava GPS + point-in-polygon (Natural Earth) / nearest TZ city
a1851,2026-04-12,Walk,Kenya,,1,1,Strava GPS + point-in-polygon (Natural Earth) / nearest TZ city
a1852,2026-04-13,Walk,Kenya,,1,1,Strava GPS + point-in-polygon (Natural Earth) / nearest TZ city
a1853,2026-04-14,Walk,Kenya,,1,1,Strava GPS + point-in-polygon (Natural Earth) / nearest TZ city
a1854,2026-04-15,Run,Tanzania,Dar es Salaam,1,0,Strava GPS + point-in-polygon (Natural Earth) / nearest TZ city
a1855,2026-04-16,Run,Tanzania,Dar es Salaam,1,0,Strava GPS + point-in-polygon (Natural Earth) / nearest TZ city
a1856,2026-04-17,Workout,,,0,0,Strava GPS + point-in-polygon (Natural Earth) / nearest TZ city
a1857,2026-04-18,Run,Tanzania,Dar es Salaam,1,0,Strava GPS + point-in-polygon (Natural Earth) / nearest TZ city
a1858,2026-04-19,Run,Tanzania,Dar es Salaam,1,0,Strava GPS + point-in-polygon (Natural Earth) / nearest TZ city
a1859,2026-04-20,Walk,Tanzania,Dar es Salaam,1,0,Strava GPS + point-in-polygon (Natural Earth) / nearest TZ city
a1860,2026-04-21,Run,Tanzania,Dar es Salaam,1,0,Strava GPS + point-in-polygon (Natural Earth) / nearest TZ city
a1861,2026-04-22,Walk,Tanzania,Dar es Salaam,1,0,Strava GPS + point-in-polygon (Natural Earth) / nearest TZ city
a1862,2026-04-23,Walk,Tanzania,Dar es Salaam,1,0,Strava GPS + point-in-polygon (Natural Earth) / nearest TZ city
a1863,2026-04-24,Walk,Tanzania,Dar es Salaam,1,0,Strava GPS + point-in-polygon (Natural Earth) / nearest TZ city
a1864,2026-04-25,Walk,Tanzania,Dar es Salaam,1,0,Strava GPS + point-in-polygon (Natural Earth) / nearest TZ city
a1865,2026-04-26,Walk,Tanzania,Dar es Salaam,1,0,Strava GPS + point-in-polygon (Natural Earth) / nearest TZ city
a1866,2026-04-27,Walk,Tanzania,Dodoma,1,1,Strava GPS + point-in-polygon (Natural Earth) / nearest TZ city
a1867,2026-04-28,Workout,,,0,0,Strava GPS + point-in-polygon (Natural Earth) / nearest TZ city
a1868,2026-04-29,Workout,,,0,0,Strava GPS + point-in-polygon (Natural Earth) / nearest TZ city
a1869,2026-04-30,Run,,,0,0,Strava GPS + point-in-polygon (Natural Earth) / nearest TZ city
a1870,2026-05-01,Run,,,0,0,Strava GPS + point-in-polygon (Natural Earth) / nearest TZ city
a1871,2026-05-02,PhysicalTherapy,,,0,0,Strava GPS + point-in-polygon (Natural Earth) / nearest TZ city
a1872,2026-05-03,Run,,,0,0,Strava GPS + point-in-polygon (Natural Earth) / nearest TZ city
a1873,2026-05-04,Run,,,0,0,Strava GPS + point-in-polygon (Natural Earth) / nearest TZ city
a1874,2026-05-05,PhysicalTherapy,,,0,0,Strava GPS + point-in-polygon (Natural Earth) / nearest TZ city
a1875,2026-05-06,Run,,,0,0,Strava GPS + point-in-polygon (Natural Earth) / nearest TZ city
a1876,2026-05-06,Walk,Tanzania,Dodoma,1,1,Strava GPS + point-in-polygon (Natural Earth) / nearest TZ city
a1877,2026-05-07,Run,,,0,0,Strava GPS + point-in-polygon (Natural Earth) / nearest TZ city
a1878,2026-05-08,Run,,,0,0,Strava GPS + point-in-polygon (Natural Earth) / nearest TZ city
a1879,2026-05-08,Run,,,0,0,Strava GPS + point-in-polygon (Natural Earth) / nearest TZ city
a1880,2026-05-09,Run,Tanzania,Dodoma,1,1,Strava GPS + point-in-polygon (Natural Earth) / nearest TZ city
a1881,2026-05-10,Walk,Tanzania,Dodoma,1,1,Strava GPS + point-in-polygon (Natural Earth) / nearest TZ city
a1882,2026-05-11,Walk,Tanzania,Dodoma,1,1,Strava GPS + point-in-polygon (Natural Earth) / nearest TZ city
a1883,2026-05-12,Walk,,,0,0,Strava GPS + point-in-polygon (Natural Earth) / nearest TZ city
a1884,2026-05-13,Walk,Tanzania,Dodoma,1,1,Strava GPS + point-in-polygon (Natural Earth) / nearest TZ city
a1885,2026-05-13,Run,,,0,0,Strava GPS + point-in-polygon (Natural Earth) / nearest TZ city
a1886,2026-05-14,PhysicalTherapy,,,0,0,Strava GPS + point-in-polygon (Natural Earth) / nearest TZ city
a1887,2026-05-15,Ride,Tanzania,Dar es Salaam,1,0,Strava GPS + point-in-polygon (Natural Earth) / nearest TZ city
a1888,2026-05-16,Walk,Tanzania,Dar es Salaam,1,0,Strava GPS + point-in-polygon (Natural Earth) / nearest TZ city
a1889,2026-05-17,Walk,Tanzania,Dar es Salaam,1,0,Strava GPS + point-in-polygon (Natural Earth) / nearest TZ city
a1890,2026-05-18,Walk,Tanzania,Dar es Salaam,1,0,Strava GPS + point-in-polygon (Natural Earth) / nearest TZ city
a1891,2026-05-19,Walk,Tanzania,Dar es Salaam,1,0,Strava GPS + point-in-polygon (Natural Earth) / nearest TZ city
a1892,2026-05-20,Walk,Tanzania,Dar es Salaam,1,0,Strava GPS + point-in-polygon (Natural Earth) / nearest TZ city
a1893,2026-05-21,Walk,Tanzania,Dar es Salaam,1,0,Strava GPS + point-in-polygon (Natural Earth) / nearest TZ city
a1894,2026-05-22,Walk,Tanzania,Dar es Salaam,1,0,Strava GPS + point-in-polygon (Natural Earth) / nearest TZ city
a1895,2026-05-23,Walk,Tanzania,Dar es Salaam,1,0,Strava GPS + point-in-polygon (Natural Earth) / nearest TZ city
a1896,2026-05-24,Walk,Tanzania,Dar es Salaam,1,0,Strava GPS + point-in-polygon (Natural Earth) / nearest TZ city
a1897,2026-05-24,Ride,Tanzania,Pwani,1,0,Strava GPS + point-in-polygon (Natural Earth) / nearest TZ city
a1898,2026-05-25,Walk,Tanzania,Dar es Salaam,1,0,Strava GPS + point-in-polygon (Natural Earth) / nearest TZ city
a1899,2026-05-26,PhysicalTherapy,,,0,0,Strava GPS + point-in-polygon (Natural Earth) / nearest TZ city
a1900,2026-05-27,Walk,Tanzania,Dodoma,1,1,Strava GPS + point-in-polygon (Natural Earth) / nearest TZ city
a1901,2026-05-28,Run,,,0,0,Strava GPS + point-in-polygon (Natural Earth) / nearest TZ city
a1902,2026-05-29,TrailRun,Tanzania,Morogoro,1,1,Strava GPS + point-in-polygon (Natural Earth) / nearest TZ city
a1903,2026-05-30,TrailRun,Tanzania,Morogoro,1,1,Strava GPS + point-in-polygon (Natural Earth) / nearest TZ city
a1904,2026-05-31,TrailRun,Tanzania,Morogoro,1,1,Strava GPS + point-in-polygon (Natural Earth) / nearest TZ city
a1905,2026-06-01,Walk,Tanzania,Dar es Salaam,1,0,Strava GPS + point-in-polygon (Natural Earth) / nearest TZ city
a1906,2026-06-02,Walk,Tanzania,Dar es Salaam,1,0,Strava GPS + point-in-polygon (Natural Earth) / nearest TZ city
a1907,2026-06-03,Walk,Tanzania,Dar es Salaam,1,0,Strava GPS + point-in-polygon (Natural Earth) / nearest TZ city
a1908,2026-06-04,Walk,Tanzania,Dar es Salaam,1,0,Strava GPS + point-in-polygon (Natural Earth) / nearest TZ city
a1909,2026-06-04,Walk,United Kingdom,,1,1,Strava GPS + point-in-polygon (Natural Earth) / nearest TZ city
a1910,2026-06-05,Walk,Tanzania,Dar es Salaam,1,0,Strava GPS + point-in-polygon (Natural Earth) / nearest TZ city
a1911,2026-06-06,Walk,Tanzania,Dar es Salaam,1,0,Strava GPS + point-in-polygon (Natural Earth) / nearest TZ city
a1912,2026-06-07,TrailRun,Tanzania,Pwani,1,1,Strava GPS + point-in-polygon (Natural Earth) / nearest TZ city
a1913,2026-06-08,Walk,Tanzania,Dar es Salaam,1,0,Strava GPS + point-in-polygon (Natural Earth) / nearest TZ city
a1914,2026-06-09,Walk,Tanzania,Dar es Salaam,1,0,Strava GPS + point-in-polygon (Natural Earth) / nearest TZ city
a1915,2026-06-10,Walk,Tanzania,Dar es Salaam,1,0,Strava GPS + point-in-polygon (Natural Earth) / nearest TZ city
a1916,2026-06-11,Walk,Tanzania,Dar es Salaam,1,0,Strava GPS + point-in-polygon (Natural Earth) / nearest TZ city
a1917,2026-06-12,Walk,Tanzania,Dar es Salaam,1,0,Strava GPS + point-in-polygon (Natural Earth) / nearest TZ city
a1918,2026-06-13,Walk,Tanzania,Dar es Salaam,1,0,Strava GPS + point-in-polygon (Natural Earth) / nearest TZ city
a1919,2026-06-14,Walk,Tanzania,Dar es Salaam,1,0,Strava GPS + point-in-polygon (Natural Earth) / nearest TZ city
a1920,2026-06-15,Walk,Tanzania,Dar es Salaam,1,0,Strava GPS + point-in-polygon (Natural Earth) / nearest TZ city
a1921,2026-06-16,Walk,Tanzania,Mbeya,1,1,Strava GPS + point-in-polygon (Natural Earth) / nearest TZ city
a1922,2026-06-17,Walk,Tanzania,Mbeya,1,1,Strava GPS + point-in-polygon (Natural Earth) / nearest TZ city
a1923,2026-06-17,Walk,Tanzania,Mbeya,1,0,Strava GPS + point-in-polygon (Natural Earth) / nearest TZ city
a1924,2026-06-18,Walk,Tanzania,Mbeya,1,1,Strava GPS + point-in-polygon (Natural Earth) / nearest TZ city
a1925,2026-06-19,Run,Tanzania,Mbeya,1,1,Strava GPS + point-in-polygon (Natural Earth) / nearest TZ city
a1926,2026-06-19,Run,Tanzania,Mbeya,1,1,Strava GPS + point-in-polygon (Natural Earth) / nearest TZ city
a1927,2026-06-20,TrailRun,Tanzania,Njombe,1,1,Strava GPS + point-in-polygon (Natural Earth) / nearest TZ city
a1928,2026-06-20,Walk,Tanzania,Njombe,1,1,Strava GPS + point-in-polygon (Natural Earth) / nearest TZ city
a1929,2026-06-21,TrailRun,Tanzania,Njombe,1,1,Strava GPS + point-in-polygon (Natural Earth) / nearest TZ city
a1930,2026-06-21,TrailRun,Tanzania,Njombe,1,1,Strava GPS + point-in-polygon (Natural Earth) / nearest TZ city
a1931,2026-06-22,Run,,,0,0,Strava GPS + point-in-polygon (Natural Earth) / nearest TZ city
a1932,2026-06-23,Run,Tanzania,Dar es Salaam,1,0,Strava GPS + point-in-polygon (Natural Earth) / nearest TZ city
a1933,2026-06-24,Run,Tanzania,Dar es Salaam,1,0,Strava GPS + point-in-polygon (Natural Earth) / nearest TZ city
a1934,2026-06-25,Run,Tanzania,Dar es Salaam,1,0,Strava GPS + point-in-polygon (Natural Earth) / nearest TZ city
a1935,2026-06-26,Walk,Tanzania,Pwani,1,1,Strava GPS + point-in-polygon (Natural Earth) / nearest TZ city
a1936,2026-06-27,PhysicalTherapy,,,0,0,Strava GPS + point-in-polygon (Natural Earth) / nearest TZ city
a1937,2026-06-28,Walk,Tanzania,Dar es Salaam,1,0,Strava GPS + point-in-polygon (Natural Earth) / nearest TZ city
a1938,2026-06-29,PhysicalTherapy,,,0,0,Strava GPS + point-in-polygon (Natural Earth) / nearest TZ city
a1939,2026-06-30,Walk,Tanzania,Dar es Salaam,1,1,Strava GPS + point-in-polygon (Natural Earth) / nearest TZ city
a1940,2026-06-30,Walk,Tanzania,Pwani,1,1,Strava GPS + point-in-polygon (Natural Earth) / nearest TZ city
a1941,2026-07-01,PhysicalTherapy,,,0,0,Strava GPS + point-in-polygon (Natural Earth) / nearest TZ city
a1942,2026-07-02,Walk,Tanzania,Dar es Salaam,1,0,Strava GPS + point-in-polygon (Natural Earth) / nearest TZ city
a1943,2026-07-03,Walk,Tanzania,Dar es Salaam,1,0,Strava GPS + point-in-polygon (Natural Earth) / nearest TZ city
a1944,2026-07-04,Walk,Tanzania,Morogoro,1,1,Strava GPS + point-in-polygon (Natural Earth) / nearest TZ city
a1945,2026-07-05,TrailRun,Tanzania,Morogoro,1,1,Strava GPS + point-in-polygon (Natural Earth) / nearest TZ city
a1946,2026-07-06,PhysicalTherapy,,,0,0,Strava GPS + point-in-polygon (Natural Earth) / nearest TZ city
a1947,2026-07-07,Walk,Tanzania,Dar es Salaam,1,0,Strava GPS + point-in-polygon (Natural Earth) / nearest TZ city
a1948,2026-07-08,Walk,Tanzania,Dar es Salaam,1,0,Strava GPS + point-in-polygon (Natural Earth) / nearest TZ city
a1949,2026-07-09,Walk,Tanzania,Dar es Salaam,1,0,Strava GPS + point-in-polygon (Natural Earth) / nearest TZ city
a1950,2026-07-10,Walk,Tanzania,Dar es Salaam,1,0,Strava GPS + point-in-polygon (Natural Earth) / nearest TZ city
a1951,2026-07-11,TrailRun,Tanzania,Manyara,1,1,Strava GPS + point-in-polygon (Natural Earth) / nearest TZ city
a1952,2026-07-12,TrailRun,Tanzania,Manyara,1,1,Strava GPS + point-in-polygon (Natural Earth) / nearest TZ city
a1953,2026-07-13,Walk,Tanzania,Dar es Salaam,1,0,Strava GPS + point-in-polygon (Natural Earth) / nearest TZ city
a1954,2026-07-14,Run,Tanzania,Dar es Salaam,1,0,Strava GPS + point-in-polygon (Natural Earth) / nearest TZ city
a1955,2026-07-15,Run,Tanzania,Dar es Salaam,1,0,Strava GPS + point-in-polygon (Natural Earth) / nearest TZ city
a1956,2026-07-16,PhysicalTherapy,,,0,0,Strava GPS + point-in-polygon (Natural Earth) / nearest TZ city
a1957,2026-07-17,TrailRun,Tanzania,Kilimanjaro,1,1,Strava GPS + point-in-polygon (Natural Earth) / nearest TZ city
a1958,2026-07-18,TrailRun,Tanzania,Kilimanjaro,1,1,Strava GPS + point-in-polygon (Natural Earth) / nearest TZ city
a1959,2026-07-19,Run,Tanzania,Kilimanjaro,1,1,Strava GPS + point-in-polygon (Natural Earth) / nearest TZ city
a1960,2026-07-20,Run,Tanzania,Kilimanjaro,1,1,Strava GPS + point-in-polygon (Natural Earth) / nearest TZ city
a1961,2026-07-21,Run,Tanzania,Dar es Salaam,1,0,Strava GPS + point-in-polygon (Natural Earth) / nearest TZ city
a1962,2026-07-22,Run,Tanzania,Dar es Salaam,1,0,Strava GPS + point-in-polygon (Natural Earth) / nearest TZ city
a1963,2026-07-23,Walk,Tanzania,Dar es Salaam,1,0,Strava GPS + point-in-polygon (Natural Earth) / nearest TZ city
a1964,2026-07-24,Walk,Tanzania,Dar es Salaam,1,1,Strava GPS + point-in-polygon (Natural Earth) / nearest TZ city
a1965,2026-07-25,Walk,Tanzania,Dar es Salaam,1,0,Strava GPS + point-in-polygon (Natural Earth) / nearest TZ city
a1966,2026-07-26,Walk,Tanzania,Dar es Salaam,1,0,Strava GPS + point-in-polygon (Natural Earth) / nearest TZ city
a1967,2026-07-26,Walk,Tanzania,Dar es Salaam,1,1,Strava GPS + point-in-polygon (Natural Earth) / nearest TZ city
a1968,2026-07-27,Walk,Tanzania,Dar es Salaam,1,0,Strava GPS + point-in-polygon (Natural Earth) / nearest TZ city
a1969,2026-07-28,Walk,Tanzania,Dar es Salaam,1,0,Strava GPS + point-in-polygon (Natural Earth) / nearest TZ city
a1970,2026-07-29,PhysicalTherapy,,,0,0,Strava GPS + point-in-polygon (Natural Earth) / nearest TZ city
a1971,2026-07-30,Walk,Tanzania,Dar es Salaam,1,0,Strava GPS + point-in-polygon (Natural Earth) / nearest TZ city
a1972,2026-07-31,Walk,Tanzania,Dar es Salaam,1,0,Strava GPS + point-in-polygon (Natural Earth) / nearest TZ city
a1973,2026-08-01,Run,Tanzania,Dar es Salaam,1,0,Strava GPS + point-in-polygon (Natural Earth) / nearest TZ city
a1974,2026-08-02,Run,Tanzania,Dar es Salaam,1,0,Strava GPS + point-in-polygon (Natural Earth) / nearest TZ city
a1975,2026-08-03,Run,Tanzania,Dar es Salaam,1,0,Strava GPS + point-in-polygon (Natural Earth) / nearest TZ city
a1976,2026-08-04,Run,Tanzania,Dar es Salaam,1,0,Strava GPS + point-in-polygon (Natural Earth) / nearest TZ city
a1977,2026-08-05,WeightTraining,,,0,0,Strava GPS + point-in-polygon (Natural Earth) / nearest TZ city
a1978,2026-08-06,Run,,,0,0,Strava GPS + point-in-polygon (Natural Earth) / nearest TZ city
a1979,2026-08-07,PhysicalTherapy,,,0,0,Strava GPS + point-in-polygon (Natural Earth) / nearest TZ city
a1980,2026-08-08,Walk,Tanzania,Singida,1,1,Strava GPS + point-in-polygon (Natural Earth) / nearest TZ city
a1981,2026-08-09,PhysicalTherapy,,,0,0,Strava GPS + point-in-polygon (Natural Earth) / nearest TZ city
a1982,2026-08-10,PhysicalTherapy,,,0,0,Strava GPS + point-in-polygon (Natural Earth) / nearest TZ city
a1983,2026-08-11,Run,,,0,0,Strava GPS + point-in-polygon (Natural Earth) / nearest TZ city
a1984,2026-08-12,Walk,Tanzania,Dodoma,1,1,Strava GPS + point-in-polygon (Natural Earth) / nearest TZ city
a1985,2026-08-13,PhysicalTherapy,,,0,0,Strava GPS + point-in-polygon (Natural Earth) / nearest TZ city
a1986,2026-08-14,Run,,,0,0,Strava GPS + point-in-polygon (Natural Earth) / nearest TZ city
a1987,2026-08-15,Walk,Tanzania,Dodoma,1,1,Strava GPS + point-in-polygon (Natural Earth) / nearest TZ city
a1988,2026-08-16,PhysicalTherapy,,,0,0,Strava GPS + point-in-polygon (Natural Earth) / nearest TZ city
a1989,2026-08-17,Walk,Tanzania,Dodoma,1,1,Strava GPS + point-in-polygon (Natural Earth) / nearest TZ city
a1990,2026-08-18,Walk,Tanzania,Dodoma,1,1,Strava GPS + point-in-polygon (Natural Earth) / nearest TZ city
a1991,2026-08-19,Run,,,0,0,Strava GPS + point-in-polygon (Natural Earth) / nearest TZ city
a1992,2026-08-20,Walk,Tanzania,Dodoma,1,1,Strava GPS + point-in-polygon (Natural Earth) / nearest TZ city
a1993,2026-08-21,GravelRide,Tanzania,Dodoma,1,1,Strava GPS + point-in-polygon (Natural Earth) / nearest TZ city
a1994,2026-08-22,Run,Tanzania,Dodoma,1,1,Strava GPS + point-in-polygon (Natural Earth) / nearest TZ city
a1995,2026-08-23,Walk,Tanzania,Dodoma,1,1,Strava GPS + point-in-polygon (Natural Earth) / nearest TZ city
a1996,2026-08-24,PhysicalTherapy,,,0,0,Strava GPS + point-in-polygon (Natural Earth) / nearest TZ city
a1997,2026-08-25,PhysicalTherapy,,,0,0,Strava GPS + point-in-polygon (Natural Earth) / nearest TZ city
a1998,2026-08-26,Run,Tanzania,Dar es Salaam,1,1,Strava GPS + point-in-polygon (Natural Earth) / nearest TZ city
a1999,2026-08-27,Walk,Tanzania,Dar es Salaam,1,1,Strava GPS + point-in-polygon (Natural Earth) / nearest TZ city
a2000,2026-08-28,Walk,Tanzania,Dar es Salaam,1,1,Strava GPS + point-in-polygon (Natural Earth) / nearest TZ city
