activity_key,date,sport_type,distance_km,moving_time_min,elapsed_time_min,elevation_gain_m,avg_speed_kmh,max_speed_kmh,avg_cadence,calories,relative_effort,kudos,achievements,prs,trainer,gear_id,tags,year,month,weekday,hour,time_bucket,source_page
a0001,2019-08-17,Ride,31.121,36.47,54.65,6.1,51.2,82.8,,,,1,0,0,No,,,2019,2019-08,Saturday,12,Midday (11-14),Activity Log
a0002,2019-08-18,Run,5.098,42.78,42.78,0,7.15,42.48,,658,128,1,0,0,Yes,,,2019,2019-08,Sunday,9,Morning (7-11),Activity Log
a0003,2019-08-18,Run,5.106,42.55,42.55,0,7.2,42.84,,659,83,0,0,0,Yes,,,2019,2019-08,Sunday,21,Night (20-4),Activity Log
a0004,2019-08-19,Run,10.033,77.12,77.12,0,7.81,68.04,,1294,197,0,0,0,Yes,,,2019,2019-08,Monday,18,Evening (17-20),Activity Log
a0005,2019-08-20,Run,10.01,74.43,74.43,0,8.07,0,,1291,,0,0,0,No,,,2019,2019-08,Tuesday,18,Evening (17-20),Activity Log
a0006,2019-08-20,Run,10.009,75.08,75.08,0,8,38.52,,1291,270,0,0,0,Yes,,,2019,2019-08,Tuesday,19,Evening (17-20),Activity Log
a0007,2019-08-22,Run,10.036,71.63,71.63,0,8.41,41.76,,1295,96,0,0,0,Yes,,,2019,2019-08,Thursday,20,Night (20-4),Activity Log
a0008,2019-08-24,Run,10.01,86.75,86.75,0,6.92,0,,1291,,0,0,0,No,,,2019,2019-08,Saturday,8,Morning (7-11),Activity Log
a0009,2019-08-24,Run,10.011,98.32,98.32,0,6.11,44.64,,1292,125,0,0,0,Yes,,,2019,2019-08,Saturday,10,Morning (7-11),Activity Log
a0010,2019-08-25,Run,10.06,74.17,74.17,0,8.14,9.72,,1298,144,0,0,0,Yes,,,2019,2019-08,Sunday,9,Morning (7-11),Activity Log
a0011,2019-08-26,Run,10.04,75.87,75.87,0,7.94,0,,1295,,0,0,0,No,,,2019,2019-08,Monday,19,Evening (17-20),Activity Log
a0012,2019-09-14,Run,5.352,41.3,41.3,0,7.78,38.16,,690,86,0,0,0,Yes,,,2019,2019-09,Saturday,12,Midday (11-14),Activity Log
a0013,2019-09-14,Run,10.01,78.25,78.25,0,7.68,0,,1291,,0,0,0,No,,,2019,2019-09,Saturday,16,Afternoon (14-17),Activity Log
a0014,2019-09-14,Run,10.384,78.33,78.33,0,7.95,43.2,,1340,199,0,0,0,Yes,,,2019,2019-09,Saturday,17,Evening (17-20),Activity Log
a0015,2019-09-15,Run,4.694,37.47,37.47,0,7.52,40.68,,606,108,0,0,0,Yes,,,2019,2019-09,Sunday,9,Morning (7-11),Activity Log
a0016,2019-09-18,Run,10.4,81.58,81.58,0,7.65,0,,1342,,0,0,0,No,,Workout,2019,2019-09,Wednesday,18,Evening (17-20),Activity Log
a0017,2019-09-20,Run,2.876,24.28,24.28,0,7.11,37.44,,371,46,0,0,0,Yes,,,2019,2019-09,Friday,19,Evening (17-20),Activity Log
a0018,2019-09-21,Run,10,76.07,76.07,0,7.89,9.72,,1290,123,0,0,0,Yes,,LongRun,2019,2019-09,Saturday,7,Morning (7-11),Activity Log
a0019,2019-09-22,Run,10.02,77.12,77.12,0,7.8,0,,1293,,0,0,0,No,,,2019,2019-09,Sunday,7,Morning (7-11),Activity Log
a0020,2019-09-22,Run,10.143,77.17,77.17,0,7.89,36,,1309,141,0,0,0,Yes,,,2019,2019-09,Sunday,9,Morning (7-11),Activity Log
a0021,2019-10-12,Walk,4.03,59.5,66.13,20.2,4.06,6.84,,520,10,0,0,0,No,,,2019,2019-10,Saturday,20,Night (20-4),Activity Log
a0022,2019-10-13,Walk,9.413,142.73,232.3,65,3.96,17.64,,1214,34,0,1,0,No,,,2019,2019-10,Sunday,19,Evening (17-20),Activity Log
a0023,2019-11-03,GravelRide,42.37,112.9,119.63,426.8,22.52,85.1,53.8,1720,,0,0,0,No,,,2019,2019-11,Sunday,16,Afternoon (14-17),Activity Log
a0024,2019-12-01,Run,9.138,66.87,66.87,0,8.2,48.6,,1179,136,0,0,0,Yes,,,2019,2019-12,Sunday,19,Evening (17-20),Activity Log
a0025,2019-12-06,Run,15.249,119.78,119.78,0,7.64,98.64,,1967,241,0,0,0,Yes,,LongRun,2019,2019-12,Friday,18,Evening (17-20),Activity Log
a0026,2019-12-09,Run,21.28,92.6,92.6,0,13.79,64.44,,2745,192,1,0,0,Yes,,LongRun,2019,2019-12,Monday,7,Morning (7-11),Activity Log
a0027,2019-12-11,Run,8.01,76.65,76.65,0,6.27,36.72,,1033,39,0,0,0,Yes,,,2019,2019-12,Wednesday,21,Night (20-4),Activity Log
a0028,2020-01-11,Run,5.883,52.67,52.67,0,6.7,75.96,,759,181,0,0,0,Yes,,,2020,2020-01,Saturday,6,Early Morning (4-7),Activity Log
a0029,2020-01-14,Ride,88.767,99.17,106.57,958.6,53.71,92.52,,2819,,0,1,0,No,,Race,2020,2020-01,Tuesday,15,Afternoon (14-17),Activity Log
a0030,2020-03-22,Run,23.19,117.12,117.12,0,11.88,68.04,,2992,103,1,0,0,Yes,,,2020,2020-03,Sunday,19,Evening (17-20),Activity Log
a0031,2020-03-25,Run,5.003,47.07,47.07,0,6.38,39.6,,645,27,0,0,0,Yes,,,2020,2020-03,Wednesday,5,Early Morning (4-7),Activity Log
a0032,2020-03-28,Run,4.399,48.18,48.18,0,5.48,37.44,,567,14,0,0,0,Yes,,,2020,2020-03,Saturday,19,Evening (17-20),Activity Log
a0033,2020-05-14,Walk,4.227,58.62,202.73,10.8,4.33,43.56,,535,,0,0,0,No,,,2020,2020-05,Thursday,9,Morning (7-11),Activity Log
a0034,2020-05-16,Walk,4.948,59.22,60.93,14.6,5.01,23.4,,626,,1,0,0,No,,,2020,2020-05,Saturday,8,Morning (7-11),Activity Log
a0035,2020-05-18,Run,7.189,62.85,62.85,0,6.86,18,,927,67,0,0,0,Yes,,,2020,2020-05,Monday,4,Early Morning (4-7),Activity Log
a0036,2020-05-18,Run,2.729,30.37,30.37,0,5.39,30.24,,352,18,1,0,0,Yes,,,2020,2020-05,Monday,19,Evening (17-20),Activity Log
a0037,2020-05-19,Run,7.152,65.77,65.77,0,6.53,30.24,,923,85,1,0,0,Yes,,,2020,2020-05,Tuesday,7,Morning (7-11),Activity Log
a0038,2020-05-20,Run,6.648,63.57,63.57,0,6.28,29.88,,858,56,0,0,0,Yes,,,2020,2020-05,Wednesday,8,Morning (7-11),Activity Log
a0039,2020-05-26,Run,2.897,30.15,30.15,0,5.76,0,,374,,0,0,0,No,,,2020,2020-05,Tuesday,17,Evening (17-20),Activity Log
a0040,2020-05-26,Run,2.889,30.25,30.25,0,5.73,19.8,,373,11,0,0,0,Yes,,,2020,2020-05,Tuesday,19,Evening (17-20),Activity Log
a0041,2020-05-27,Run,7.022,65.77,65.77,0,6.41,79.92,,906,37,0,0,0,Yes,,,2020,2020-05,Wednesday,7,Morning (7-11),Activity Log
a0042,2020-05-30,Run,7.058,64.98,64.98,0,6.52,95.76,,911,46,0,0,0,Yes,,,2020,2020-05,Saturday,7,Morning (7-11),Activity Log
a0043,2020-06-01,Run,7.011,70.03,70.03,0,6.01,29.16,,904,87,0,0,0,Yes,,,2020,2020-06,Monday,18,Evening (17-20),Activity Log
a0044,2020-06-05,Run,6.19,60.2,60.2,0,6.17,0,,799,,0,0,0,No,,,2020,2020-06,Friday,5,Early Morning (4-7),Activity Log
a0045,2020-06-05,Run,6.186,60.22,60.22,0,6.16,47.88,,798,38,0,0,0,Yes,,,2020,2020-06,Friday,7,Morning (7-11),Activity Log
a0046,2020-06-06,Run,7.015,64.03,64.03,0,6.57,31.32,,905,47,1,0,0,Yes,,LongRun,2020,2020-06,Saturday,7,Morning (7-11),Activity Log
a0047,2020-06-11,Run,7.08,56.03,56.03,0,7.58,0,,913,,0,0,0,No,,LongRun,2020,2020-06,Thursday,5,Early Morning (4-7),Activity Log
a0048,2020-06-11,Run,7.082,68.77,68.77,0,6.18,33.84,,914,113,1,0,0,Yes,,LongRun,2020,2020-06,Thursday,7,Morning (7-11),Activity Log
a0049,2020-06-12,Run,7.062,61.37,61.37,0,6.91,68.04,,911,35,1,0,0,Yes,,LongRun,2020,2020-06,Friday,9,Morning (7-11),Activity Log
a0050,2020-06-14,Ride,50.322,189.5,207.42,127.2,15.93,38.52,,950,,0,0,0,No,,,2020,2020-06,Sunday,6,Early Morning (4-7),Activity Log
a0051,2020-06-18,Run,6.055,101.07,101.07,0,3.59,47.88,,781,77,1,0,0,Yes,,,2020,2020-06,Thursday,7,Morning (7-11),Activity Log
a0052,2020-06-20,Run,8.021,62.68,62.68,0,7.68,82.44,,1035,49,1,1,0,Yes,,,2020,2020-06,Saturday,8,Morning (7-11),Activity Log
a0053,2020-06-21,Run,10.509,98.4,98.4,0,6.41,73.8,,1356,122,2,1,0,Yes,,,2020,2020-06,Sunday,18,Evening (17-20),Activity Log
a0054,2020-06-24,Run,10.07,75.3,75.3,0,8.02,0,,1299,,1,0,0,No,,,2020,2020-06,Wednesday,2,Night (20-4),Activity Log
a0055,2020-06-24,Run,10.07,75.33,75.33,0,8.02,106.56,,1299,62,1,0,0,Yes,,LongRun,2020,2020-06,Wednesday,4,Early Morning (4-7),Activity Log
a0056,2020-06-29,Run,2.486,19.75,19.75,0,7.55,42.48,,321,7,0,0,0,Yes,,,2020,2020-06,Monday,5,Early Morning (4-7),Activity Log
a0057,2020-06-30,Ride,2.249,7.2,7.2,18,18.74,45.72,,73,0,1,0,0,No,,,2020,2020-06,Tuesday,7,Morning (7-11),Activity Log
a0058,2020-07-04,Run,5.036,47.33,47.33,0,6.38,54.36,,650,58,1,1,0,Yes,,,2020,2020-07,Saturday,20,Night (20-4),Activity Log
a0059,2020-07-05,Ride,22.69,15.95,15.95,105.8,85.35,111.24,,676,2,3,1,0,No,,,2020,2020-07,Sunday,18,Evening (17-20),Activity Log
a0060,2020-07-07,Ride,119.071,141.05,161.4,1439.9,50.65,101.88,,5017,18,3,4,0,No,,,2020,2020-07,Tuesday,8,Morning (7-11),Activity Log
a0061,2020-07-07,Ride,121.344,144.62,228.48,1022.5,50.34,98.28,,5550,17,5,3,0,No,,,2020,2020-07,Tuesday,15,Afternoon (14-17),Activity Log
a0062,2020-07-08,Ride,108.464,200.28,422.53,1000.5,32.49,94.68,,4424,24,4,0,0,No,,,2020,2020-07,Wednesday,9,Morning (7-11),Activity Log
a0063,2021-06-27,Run,10,58.85,58.85,0,10.2,63.36,,1159,113,2,2,0,Yes,,LongRun,2021,2021-06,Sunday,16,Afternoon (14-17),Activity Log
a0064,2021-06-29,Run,9.997,57.35,57.35,0,10.46,68.04,,1126,103,4,0,0,Yes,,,2021,2021-06,Tuesday,17,Evening (17-20),Activity Log
a0065,2021-07-02,Run,10.409,58.85,58.85,0,10.61,114.12,,821,40,2,8,0,Yes,,,2021,2021-07,Friday,17,Evening (17-20),Activity Log
a0066,2021-07-03,Run,10.132,57.85,57.85,0,10.51,54.36,,1022,98,4,5,0,Yes,,,2021,2021-07,Saturday,5,Early Morning (4-7),Activity Log
a0067,2021-07-04,Run,10.142,53.37,53.37,0,11.4,31.68,,922,108,6,3,0,Yes,,,2021,2021-07,Sunday,18,Evening (17-20),Activity Log
a0068,2021-07-05,Run,11.31,59.23,59.23,0,11.46,38.52,,1245,122,5,1,0,Yes,,,2021,2021-07,Monday,19,Evening (17-20),Activity Log
a0069,2021-07-06,Run,11.04,59.8,59.8,0,11.08,48.24,,1130,51,6,1,0,Yes,,,2021,2021-07,Tuesday,5,Early Morning (4-7),Activity Log
a0070,2021-07-06,Walk,2.629,21,21,34.1,7.51,45,,243,11,7,0,0,No,,,2021,2021-07,Tuesday,7,Morning (7-11),Activity Log
a0071,2021-07-07,Run,21.355,102.52,102.52,0,12.5,38.88,,2014,308,6,3,0,Yes,,LongRun,2021,2021-07,Wednesday,6,Early Morning (4-7),Activity Log
a0072,2021-07-07,Walk,2.02,33.6,43.33,11.3,3.61,8.64,,386,6,4,0,0,No,,,2021,2021-07,Wednesday,16,Afternoon (14-17),Activity Log
a0073,2021-07-08,Run,12.489,59.22,59.22,0,12.65,81,,1098,97,5,0,0,Yes,,,2021,2021-07,Thursday,5,Early Morning (4-7),Activity Log
a0074,2021-07-08,Walk,4.314,37.83,39.83,66,6.84,47.52,,530,13,4,1,1,No,,,2021,2021-07,Thursday,7,Morning (7-11),Activity Log
a0075,2021-07-08,Ride,45.636,100.07,210.9,96.1,27.36,85.68,,1723,25,6,0,0,No,,,2021,2021-07,Thursday,12,Midday (11-14),Activity Log
a0076,2021-07-09,Run,11.585,58.97,58.97,0,11.79,39.6,,1208,98,3,2,0,Yes,,,2021,2021-07,Friday,5,Early Morning (4-7),Activity Log
a0077,2021-07-10,Run,15.021,81.17,81.17,0,11.1,145.8,,1392,151,5,4,0,Yes,,,2021,2021-07,Saturday,5,Early Morning (4-7),Activity Log
a0078,2021-07-11,Run,11.7,59.07,59.07,0,11.88,33.84,,1093,121,7,0,0,Yes,,,2021,2021-07,Sunday,6,Early Morning (4-7),Activity Log
a0079,2021-07-12,Run,11.075,59.6,59.6,0,11.15,43.2,,1269,74,5,2,0,Yes,,,2021,2021-07,Monday,4,Early Morning (4-7),Activity Log
a0080,2021-07-13,Run,11.211,59.88,59.88,0,11.23,44.64,,1040,89,9,6,0,Yes,,,2021,2021-07,Tuesday,6,Early Morning (4-7),Activity Log
a0081,2021-07-13,Walk,1.11,20.22,20.22,0,3.29,5.04,,239,4,5,1,0,No,,,2021,2021-07,Tuesday,14,Afternoon (14-17),Activity Log
a0082,2021-07-13,Walk,3.63,57.97,60.97,18,3.76,5.4,,634,10,9,0,0,No,,,2021,2021-07,Tuesday,17,Evening (17-20),Activity Log
a0083,2021-07-14,Run,12.106,54.92,54.92,0,13.23,86.76,,1136,71,11,1,0,Yes,,,2021,2021-07,Wednesday,4,Early Morning (4-7),Activity Log
a0084,2021-07-14,Walk,1.687,34.1,34.1,5.9,2.97,5.04,,449,7,10,0,0,No,,,2021,2021-07,Wednesday,14,Afternoon (14-17),Activity Log
a0085,2021-07-14,Walk,5.027,86.68,94.57,39,3.48,9.36,,1345,19,9,5,0,No,,,2021,2021-07,Wednesday,16,Afternoon (14-17),Activity Log
a0086,2021-07-15,Run,11.173,60.55,60.55,0,11.07,17.64,,916,21,7,0,0,Yes,,,2021,2021-07,Thursday,6,Early Morning (4-7),Activity Log
a0087,2021-07-15,Walk,1.483,34.45,34.45,13,2.58,3.96,,482,13,10,0,0,No,,,2021,2021-07,Thursday,14,Afternoon (14-17),Activity Log
a0088,2021-07-15,Run,4.165,22.78,22.78,0,10.97,47.52,,317,24,9,2,0,Yes,,,2021,2021-07,Thursday,19,Evening (17-20),Activity Log
a0089,2021-07-16,Walk,2.092,31.45,33.87,29.1,3.99,10.44,,349,6,11,1,0,No,,,2021,2021-07,Friday,8,Morning (7-11),Activity Log
a0090,2021-07-16,Walk,0.853,11.72,13.38,0,4.37,8.28,,124,2,7,0,0,No,,,2021,2021-07,Friday,9,Morning (7-11),Activity Log
a0091,2021-07-16,Walk,0.78,11.63,11.63,29.8,4.02,6.12,,127,2,11,1,0,No,,,2021,2021-07,Friday,18,Evening (17-20),Activity Log
a0092,2021-07-17,Run,15.265,70.17,70.17,0,13.05,41.4,,1257,146,11,1,0,Yes,,,2021,2021-07,Saturday,6,Early Morning (4-7),Activity Log
a0093,2021-07-17,Walk,0.974,13.15,14.13,32.2,4.44,26.64,,120,2,5,2,1,No,,,2021,2021-07,Saturday,10,Morning (7-11),Activity Log
a0094,2021-07-17,Walk,1.276,17.97,18.23,25.4,4.26,7.2,,266,5,7,0,0,No,,,2021,2021-07,Saturday,11,Midday (11-14),Activity Log
a0095,2021-07-17,Walk,1.47,21.3,24,0,4.14,5.76,,260,4,6,0,0,No,,,2021,2021-07,Saturday,11,Midday (11-14),Activity Log
a0096,2021-07-17,Walk,4.008,28.48,33.7,86.3,8.44,29.52,,263,5,8,3,0,No,,,2021,2021-07,Saturday,12,Midday (11-14),Activity Log
a0097,2021-07-18,Run,11.151,62,62,0,10.79,42.12,,866,44,9,3,0,Yes,,,2021,2021-07,Sunday,4,Early Morning (4-7),Activity Log
a0098,2021-07-18,Walk,2.434,37.37,44.12,7.4,3.91,6.84,,496,7,10,0,0,No,,,2021,2021-07,Sunday,17,Evening (17-20),Activity Log
a0099,2021-07-19,Run,12.22,61.82,61.82,0,11.86,40.68,,1131,114,13,3,0,Yes,,,2021,2021-07,Monday,5,Early Morning (4-7),Activity Log
a0100,2021-07-19,Walk,1.86,29.97,29.97,9.4,3.72,5.4,,376,7,10,0,0,No,,,2021,2021-07,Monday,13,Midday (11-14),Activity Log
a0101,2021-07-20,Run,10.041,57.72,57.72,0,10.44,66.6,,836,33,15,4,0,Yes,,,2021,2021-07,Tuesday,6,Early Morning (4-7),Activity Log
a0102,2021-07-20,Walk,5.018,76.62,80.98,16.2,3.93,6.48,,938,14,15,4,0,No,,,2021,2021-07,Tuesday,17,Evening (17-20),Activity Log
a0103,2021-07-21,Run,22.242,118,118,0,11.31,99,,2545,90,22,3,0,Yes,,,2021,2021-07,Wednesday,7,Morning (7-11),Activity Log
a0104,2021-07-22,Run,11.083,58.13,58.13,0,11.44,36,,925,35,13,0,0,Yes,,,2021,2021-07,Thursday,6,Early Morning (4-7),Activity Log
a0105,2021-07-23,Run,11.147,68.13,68.13,0,9.82,126,,887,18,10,0,0,Yes,,,2021,2021-07,Friday,16,Afternoon (14-17),Activity Log
a0106,2021-07-24,Run,16.247,62.35,62.35,0,15.63,40.68,,1152,117,11,3,0,Yes,,,2021,2021-07,Saturday,5,Early Morning (4-7),Activity Log
a0107,2021-07-24,Walk,3.19,50.08,52.3,16.1,3.82,12.96,,595,9,15,1,0,No,,,2021,2021-07,Saturday,10,Morning (7-11),Activity Log
a0108,2021-07-24,Walk,0.347,5.1,5.67,0,4.09,5.76,,60,1,12,0,0,No,,,2021,2021-07,Saturday,11,Midday (11-14),Activity Log
a0109,2021-07-25,Walk,1.427,26.4,48.73,7.1,3.24,8.28,,397,6,12,0,0,No,,,2021,2021-07,Sunday,15,Afternoon (14-17),Activity Log
a0110,2021-07-25,Run,15.067,58.92,58.92,0,15.34,99.72,,1057,121,11,0,0,Yes,,,2021,2021-07,Sunday,18,Evening (17-20),Activity Log
a0111,2021-07-25,Walk,0.809,13.97,13.97,6.3,3.48,7.2,,168,2,10,0,0,No,,,2021,2021-07,Sunday,20,Night (20-4),Activity Log
a0112,2021-07-26,Run,12.091,56.98,56.98,0,12.73,134.28,,933,69,10,4,0,Yes,,,2021,2021-07,Monday,5,Early Morning (4-7),Activity Log
a0113,2021-07-26,Walk,4.086,58.07,75.83,37,4.22,6.84,,672,11,8,5,0,No,,,2021,2021-07,Monday,16,Afternoon (14-17),Activity Log
a0114,2021-07-26,Walk,1.897,27.58,46.05,29.3,4.13,6.48,,353,5,8,0,0,No,,,2021,2021-07,Monday,18,Evening (17-20),Activity Log
a0115,2021-07-27,Run,12.268,57.15,57.15,0,12.88,58.32,,854,38,13,4,0,Yes,,,2021,2021-07,Tuesday,5,Early Morning (4-7),Activity Log
a0116,2021-07-27,Walk,6.004,81.57,81.57,58.1,4.42,6.12,,1155,17,11,2,0,No,,,2021,2021-07,Tuesday,17,Evening (17-20),Activity Log
a0117,2021-07-28,Run,12.362,58.43,58.43,0,12.69,95.4,,1094,35,15,4,0,Yes,,,2021,2021-07,Wednesday,6,Early Morning (4-7),Activity Log
a0118,2021-07-28,Walk,4.25,62.67,65.03,100.1,4.07,8.64,,806,15,14,3,0,No,,,2021,2021-07,Wednesday,17,Evening (17-20),Activity Log
a0119,2021-07-29,Walk,4.441,72.05,103.73,22.2,3.7,7.2,,928,12,18,0,0,No,,,2021,2021-07,Thursday,18,Evening (17-20),Activity Log
a0120,2021-07-29,Run,11.06,57.08,57.08,0,11.63,96.84,,1018,60,17,2,0,Yes,,,2021,2021-07,Thursday,21,Night (20-4),Activity Log
a0121,2021-07-30,Run,14.04,57.7,57.7,0,14.6,75.6,,1145,63,19,3,0,Yes,,,2021,2021-07,Friday,6,Early Morning (4-7),Activity Log
a0122,2021-07-31,Run,11.092,35.87,35.87,0,18.56,34.56,,600,64,13,1,0,Yes,,,2021,2021-07,Saturday,21,Night (20-4),Activity Log
a0123,2021-08-01,Walk,0.648,9.27,16.9,0,4.2,5.4,,112,1,13,0,0,No,,,2021,2021-08,Sunday,18,Evening (17-20),Activity Log
a0124,2021-08-01,Run,21.525,58,58,0,22.27,80.28,,1180,135,21,6,0,Yes,,,2021,2021-08,Sunday,21,Night (20-4),Activity Log
a0125,2021-08-02,Walk,0.604,8.17,10,3.8,4.43,6.12,,111,1,12,1,0,No,,,2021,2021-08,Monday,8,Morning (7-11),Activity Log
a0126,2021-08-02,Walk,2.632,34.8,37.17,8.2,4.54,6.48,,446,7,10,1,0,No,,,2021,2021-08,Monday,18,Evening (17-20),Activity Log
a0127,2021-08-02,Run,11.011,59.58,59.58,0,11.09,36.36,,812,14,13,2,0,Yes,,,2021,2021-08,Monday,19,Evening (17-20),Activity Log
a0128,2021-08-03,Walk,2.599,36.1,43.42,8.7,4.32,6.12,,471,7,13,3,0,No,,,2021,2021-08,Tuesday,17,Evening (17-20),Activity Log
a0129,2021-08-03,Run,9.607,56.95,56.95,0,10.12,37.08,,885,96,21,2,0,Yes,,,2021,2021-08,Tuesday,19,Evening (17-20),Activity Log
a0130,2021-08-04,Run,13.5,57.85,57.85,0,14,15.48,,1215,44,15,2,0,Yes,,,2021,2021-08,Wednesday,3,Night (20-4),Activity Log
a0131,2021-08-04,Walk,2.605,36.35,37.95,13.1,4.3,6.12,,468,8,21,2,0,No,,,2021,2021-08,Wednesday,7,Morning (7-11),Activity Log
a0132,2021-08-04,Walk,2.671,37.18,50.58,7.7,4.31,7.2,,446,7,13,2,0,No,,,2021,2021-08,Wednesday,17,Evening (17-20),Activity Log
a0133,2021-08-05,Walk,2.6,33.25,33.25,10.1,4.69,7.2,,431,8,23,4,0,No,,,2021,2021-08,Thursday,8,Morning (7-11),Activity Log
a0134,2021-08-05,Run,16.06,58.87,58.87,0,16.37,42.48,,1351,124,22,2,0,Yes,,,2021,2021-08,Thursday,19,Evening (17-20),Activity Log
a0135,2021-08-05,Walk,0.617,8.22,18.5,0,4.51,6.48,,104,1,12,0,0,No,,,2021,2021-08,Thursday,21,Night (20-4),Activity Log
a0136,2021-08-06,Run,16.04,60.53,60.53,0,15.9,38.52,,970,167,24,0,0,Yes,,,2021,2021-08,Friday,7,Morning (7-11),Activity Log
a0137,2021-08-06,Walk,0.674,9.9,20.53,0,4.08,5.76,,107,1,15,1,0,No,,,2021,2021-08,Friday,9,Morning (7-11),Activity Log
a0138,2021-08-07,Walk,2.531,34.9,34.9,7.8,4.35,6.12,,408,7,17,0,0,No,,,2021,2021-08,Saturday,14,Afternoon (14-17),Activity Log
a0139,2021-08-07,Run,14.014,59.3,59.3,0,14.18,62.64,,1307,114,14,4,0,Yes,,,2021,2021-08,Saturday,18,Evening (17-20),Activity Log
a0140,2021-08-08,Walk,8.021,113.42,121.98,46.1,4.24,6.12,,1451,22,18,1,0,No,,,2021,2021-08,Sunday,17,Evening (17-20),Activity Log
a0141,2021-08-09,Run,25.242,106.02,106.02,0,14.29,39.24,,1963,65,17,5,0,Yes,,,2021,2021-08,Monday,4,Early Morning (4-7),Activity Log
a0142,2021-08-09,Walk,5.497,58.92,106.53,23.9,5.6,10.8,,961,17,20,2,0,No,,,2021,2021-08,Monday,17,Evening (17-20),Activity Log
a0143,2021-08-10,Walk,1.75,29.8,29.8,2.4,3.52,6.48,,295,5,14,0,0,No,,,2021,2021-08,Tuesday,8,Morning (7-11),Activity Log
a0144,2021-08-10,Walk,2.007,41.02,41.65,21.5,2.94,5.04,,545,8,11,0,0,No,,,2021,2021-08,Tuesday,17,Evening (17-20),Activity Log
a0145,2021-08-10,Walk,0.495,8.02,14.53,4.7,3.71,5.04,,147,1,14,0,0,No,,,2021,2021-08,Tuesday,18,Evening (17-20),Activity Log
a0146,2021-08-10,Run,15.21,58.88,58.88,0,15.5,40.68,,883,43,17,1,0,Yes,,,2021,2021-08,Tuesday,19,Evening (17-20),Activity Log
a0147,2021-08-11,Walk,2.517,46.5,47.17,14,3.25,4.68,,600,8,15,0,0,No,,,2021,2021-08,Wednesday,17,Evening (17-20),Activity Log
a0148,2021-08-11,Run,16.154,55.67,55.67,0,17.41,42.12,,849,45,21,0,0,Yes,,,2021,2021-08,Wednesday,19,Evening (17-20),Activity Log
a0149,2021-08-12,Run,13.773,60.02,60.02,0,13.77,41.4,,825,22,27,4,0,Yes,,,2021,2021-08,Thursday,6,Early Morning (4-7),Activity Log
a0150,2021-08-13,Run,17.158,58.05,58.05,0,17.73,54.36,,1210,130,20,0,0,Yes,,,2021,2021-08,Friday,16,Afternoon (14-17),Activity Log
a0151,2021-08-13,Walk,2.817,36.5,45.7,8,4.63,7.56,,548,11,21,1,0,No,,,2021,2021-08,Friday,20,Night (20-4),Activity Log
a0152,2021-08-14,Run,30.01,156.62,156.62,0,11.5,47.52,,2919,188,22,7,0,Yes,,,2021,2021-08,Saturday,18,Evening (17-20),Activity Log
a0153,2021-08-15,Walk,3.44,48.78,50.28,45.1,4.23,6.48,,585,11,25,0,0,No,,,2021,2021-08,Sunday,11,Midday (11-14),Activity Log
a0154,2021-08-15,Run,15.319,73.23,73.23,0,12.55,40.68,,1324,74,22,0,0,Yes,,,2021,2021-08,Sunday,18,Evening (17-20),Activity Log
a0155,2021-08-16,Walk,1.974,33.02,33.72,6.6,3.59,5.04,,394,5,20,0,0,No,,,2021,2021-08,Monday,8,Morning (7-11),Activity Log
a0156,2021-08-16,Run,16.998,55.38,55.38,0,18.42,84.24,,1093,67,21,1,0,Yes,,,2021,2021-08,Monday,22,Night (20-4),Activity Log
a0157,2021-08-18,Run,17.052,57.02,57.02,0,17.94,39.6,,970,72,28,4,0,Yes,,,2021,2021-08,Wednesday,6,Early Morning (4-7),Activity Log
a0158,2021-08-18,Walk,3.142,42.47,42.47,80.5,4.44,7.92,,551,14,23,0,0,No,,,2021,2021-08,Wednesday,18,Evening (17-20),Activity Log
a0159,2021-08-19,Run,18.132,56.53,56.53,0,19.24,37.8,,931,40,20,3,0,Yes,,,2021,2021-08,Thursday,6,Early Morning (4-7),Activity Log
a0160,2021-08-19,Run,17.078,57.65,57.65,0,17.77,80.64,,828,61,25,0,0,Yes,,,2021,2021-08,Thursday,19,Evening (17-20),Activity Log
a0161,2021-08-20,Walk,4.44,63.7,63.7,128.4,4.18,7.92,,790,24,22,2,0,No,,,2021,2021-08,Friday,18,Evening (17-20),Activity Log
a0162,2021-08-20,Run,17.022,55.03,55.03,0,18.56,38.16,,833,53,21,1,0,Yes,,,2021,2021-08,Friday,20,Night (20-4),Activity Log
a0163,2021-08-21,Walk,3.211,45.33,45.33,83.3,4.25,9,,536,9,22,2,0,No,,,2021,2021-08,Saturday,17,Evening (17-20),Activity Log
a0164,2021-08-21,Run,18.347,60.17,60.17,0,18.3,107.28,,886,31,23,2,0,Yes,,,2021,2021-08,Saturday,18,Evening (17-20),Activity Log
a0165,2021-08-22,Run,17.109,56.57,56.57,0,18.15,98.64,,853,49,21,2,0,Yes,,,2021,2021-08,Sunday,6,Early Morning (4-7),Activity Log
a0166,2021-08-22,Walk,0.348,5.72,7.18,0,3.66,5.04,,65,0,17,0,0,No,,,2021,2021-08,Sunday,15,Afternoon (14-17),Activity Log
a0167,2021-08-22,Walk,0.725,10.23,19.62,0,4.25,7.56,,118,1,21,0,0,No,,,2021,2021-08,Sunday,16,Afternoon (14-17),Activity Log
a0168,2021-08-23,Run,16.272,60,60,0,16.27,47.52,,949,47,16,2,0,Yes,,,2021,2021-08,Monday,22,Night (20-4),Activity Log
a0169,2021-08-25,Run,12.602,60.23,60.23,0,12.55,40.32,,762,39,21,2,0,Yes,,,2021,2021-08,Wednesday,6,Early Morning (4-7),Activity Log
a0170,2021-08-25,Run,10.016,39.32,39.32,0,15.28,42.48,,679,90,21,0,0,Yes,,,2021,2021-08,Wednesday,18,Evening (17-20),Activity Log
a0171,2021-08-26,Run,14.731,61.13,61.13,0,14.46,41.76,,889,15,14,0,0,Yes,,,2021,2021-08,Thursday,6,Early Morning (4-7),Activity Log
a0172,2021-08-26,Run,5.033,21.52,21.52,0,14.04,42.84,,384,14,16,0,0,Yes,,,2021,2021-08,Thursday,19,Evening (17-20),Activity Log
a0173,2021-08-27,Run,10.054,33.08,33.08,0,18.23,42.48,,458,14,23,0,0,Yes,,,2021,2021-08,Friday,7,Morning (7-11),Activity Log
a0174,2021-08-27,Walk,3.439,51.37,53.7,2.4,4.02,7.2,,578,8,18,0,0,No,,,2021,2021-08,Friday,17,Evening (17-20),Activity Log
a0175,2021-08-27,Walk,2.987,39.97,55.9,9.1,4.48,8.64,,683,8,18,0,0,No,,,2021,2021-08,Friday,18,Evening (17-20),Activity Log
a0176,2021-08-28,Run,17.033,91.25,91.25,0,11.2,43.2,,1659,237,21,1,0,Yes,,,2021,2021-08,Saturday,19,Evening (17-20),Activity Log
a0177,2021-08-29,Run,17.413,90.07,90.07,0,11.6,42.12,,1186,20,24,1,0,Yes,,,2021,2021-08,Sunday,6,Early Morning (4-7),Activity Log
a0178,2021-08-29,Walk,2.334,32.1,32.35,8.1,4.36,6.12,,399,6,18,0,0,No,,,2021,2021-08,Sunday,18,Evening (17-20),Activity Log
a0179,2021-08-29,Walk,2.338,32.75,32.75,7,4.28,7.2,,480,7,19,0,0,No,,,2021,2021-08,Sunday,20,Night (20-4),Activity Log
a0180,2021-08-30,Run,15.026,70.13,70.13,0,12.85,55.44,,1281,192,21,7,0,Yes,,,2021,2021-08,Monday,20,Night (20-4),Activity Log
a0181,2021-08-31,Run,15.207,60.35,60.35,0,15.12,105.12,,1042,15,17,1,0,Yes,,,2021,2021-08,Tuesday,5,Early Morning (4-7),Activity Log
a0182,2021-09-01,Run,22.177,71.97,71.97,0,18.49,52.92,,1178,38,27,11,0,Yes,,,2021,2021-09,Wednesday,6,Early Morning (4-7),Activity Log
a0183,2021-09-01,Walk,4.104,62.35,63.18,109,3.95,6.84,,820,12,25,4,0,No,,,2021,2021-09,Wednesday,17,Evening (17-20),Activity Log
a0184,2021-09-02,Run,14.107,60.28,60.28,0,14.04,44.64,,1062,22,28,1,0,Yes,,,2021,2021-09,Thursday,7,Morning (7-11),Activity Log
a0185,2021-09-02,Walk,3.286,50.62,50.62,83.1,3.9,8.28,,738,10,16,1,0,No,,,2021,2021-09,Thursday,18,Evening (17-20),Activity Log
a0186,2021-09-03,Run,17.291,60.23,60.23,0,17.22,69.12,,1119,49,22,3,0,Yes,,,2021,2021-09,Friday,7,Morning (7-11),Activity Log
a0187,2021-09-03,Walk,5.602,77.83,86.05,106.2,4.32,9,,999,14,14,2,0,No,,,2021,2021-09,Friday,17,Evening (17-20),Activity Log
a0188,2021-09-04,Run,17.229,60.18,60.18,0,17.18,41.04,,826,25,30,9,0,Yes,,,2021,2021-09,Saturday,7,Morning (7-11),Activity Log
a0189,2021-09-05,Walk,0.92,13.57,14.53,0,4.07,5.76,,164,2,16,0,0,No,,,2021,2021-09,Sunday,16,Afternoon (14-17),Activity Log
a0190,2021-09-05,Walk,5.417,65.82,67.72,60.4,4.94,8.64,,1039,38,23,3,0,No,,,2021,2021-09,Sunday,18,Evening (17-20),Activity Log
a0191,2021-09-06,Run,8.625,83.13,95.78,63.3,6.22,13.68,,1238,87,32,9,6,No,,,2021,2021-09,Monday,5,Early Morning (4-7),Activity Log
a0192,2021-09-07,Run,14.284,62.12,62.12,0,13.8,42.48,,961,39,23,9,0,Yes,,,2021,2021-09,Tuesday,6,Early Morning (4-7),Activity Log
a0193,2021-09-08,Walk,3.249,41.4,43.7,4.4,4.71,8.64,,526,7,15,3,0,No,,,2021,2021-09,Wednesday,5,Early Morning (4-7),Activity Log
a0194,2021-09-08,Run,4.436,33.23,37.73,39.3,8.01,14.4,,798,118,31,11,5,No,,,2021,2021-09,Wednesday,6,Early Morning (4-7),Activity Log
a0195,2021-09-08,Walk,3.057,41.97,42.73,34,4.37,10.08,,596,12,22,0,0,No,,,2021,2021-09,Wednesday,7,Morning (7-11),Activity Log
a0196,2021-09-09,Run,13.471,60.17,60.17,0,13.43,40.32,,858,14,29,9,0,Yes,,,2021,2021-09,Thursday,6,Early Morning (4-7),Activity Log
a0197,2021-09-09,Walk,2.225,32.78,35.6,16.9,4.07,6.48,,412,6,16,2,0,No,9133832,,2021,2021-09,Thursday,17,Evening (17-20),Activity Log
a0198,2021-09-10,Run,15.39,60.57,60.57,0,15.25,40.32,,1217,132,26,3,0,Yes,9133832,,2021,2021-09,Friday,18,Evening (17-20),Activity Log
a0199,2021-09-11,Run,11.342,48.03,48.03,0,14.17,41.76,,561,10,27,7,0,Yes,9133832,,2021,2021-09,Saturday,5,Early Morning (4-7),Activity Log
a0200,2021-09-12,Run,15.317,60.43,60.43,0,15.21,119.88,,1048,80,21,6,0,Yes,9133832,,2021,2021-09,Sunday,5,Early Morning (4-7),Activity Log
a0201,2021-09-12,Run,1.018,5.58,5.58,0,10.94,26.64,,104,15,19,2,0,Yes,9133832,,2021,2021-09,Sunday,7,Morning (7-11),Activity Log
a0202,2021-09-13,Run,13.426,61.4,61.4,0,13.12,35.28,,939,44,27,1,0,Yes,9133832,,2021,2021-09,Monday,4,Early Morning (4-7),Activity Log
a0203,2021-09-14,Walk,2.168,29.42,30.78,16.9,4.42,6.12,,325,6,20,2,0,No,9133832,,2021,2021-09,Tuesday,16,Afternoon (14-17),Activity Log
a0204,2021-09-14,Run,10.011,51,51,0,11.78,42.84,,735,10,27,0,0,Yes,9133832,,2021,2021-09,Tuesday,20,Night (20-4),Activity Log
a0205,2021-09-15,Run,17.208,60.93,60.93,0,16.94,37.44,,1100,116,32,0,0,Yes,9133832,,2021,2021-09,Wednesday,5,Early Morning (4-7),Activity Log
a0206,2021-09-16,Run,15.124,81.12,81.12,0,11.19,42.84,,1374,162,39,8,0,Yes,9133832,,2021,2021-09,Thursday,5,Early Morning (4-7),Activity Log
a0207,2021-09-16,Walk,3.808,53.85,58.85,22.1,4.24,6.48,,585,29,19,0,0,No,9133832,,2021,2021-09,Thursday,17,Evening (17-20),Activity Log
a0208,2021-09-17,Walk,1.186,18.82,19.22,15.8,3.78,5.76,,203,3,13,0,0,No,9133832,,2021,2021-09,Friday,18,Evening (17-20),Activity Log
a0209,2021-09-18,Walk,1.829,30.68,33.32,13.3,3.58,5.4,,343,5,13,0,0,No,9133832,,2021,2021-09,Saturday,19,Evening (17-20),Activity Log
a0210,2021-09-18,Walk,1.817,29.3,30.5,13.5,3.72,6.12,,397,8,17,0,0,No,9133832,,2021,2021-09,Saturday,22,Night (20-4),Activity Log
a0211,2021-09-19,Run,23.189,120.35,120.35,0,11.56,57.24,,2623,92,29,3,0,Yes,9133832,,2021,2021-09,Sunday,19,Evening (17-20),Activity Log
a0212,2021-09-20,Run,13.093,60.03,60.03,0,13.09,43.2,,1008,27,25,3,0,Yes,9133832,,2021,2021-09,Monday,6,Early Morning (4-7),Activity Log
a0213,2021-09-20,Walk,5.123,71.42,72.68,154.9,4.3,10.08,,1366,24,26,2,0,No,9133832,,2021,2021-09,Monday,17,Evening (17-20),Activity Log
a0214,2021-09-21,Run,14.027,61.8,61.8,0,13.62,42.84,,721,12,28,4,0,Yes,9133832,,2021,2021-09,Tuesday,7,Morning (7-11),Activity Log
a0215,2021-09-21,Walk,3.513,33.85,35.47,82.5,6.23,14.04,,705,52,27,1,0,No,9133832,,2021,2021-09,Tuesday,18,Evening (17-20),Activity Log
a0216,2021-09-22,Run,15.169,62.8,62.8,0,14.49,37.44,,1126,14,35,1,0,Yes,9133832,,2021,2021-09,Wednesday,7,Morning (7-11),Activity Log
a0217,2021-09-23,Run,11.128,63,63,0,10.6,42.84,,864,25,16,0,0,Yes,9133832,,2021,2021-09,Thursday,21,Night (20-4),Activity Log
a0218,2021-09-24,Run,15.533,60.32,60.32,0,15.45,42.48,,962,31,16,8,0,Yes,9133832,,2021,2021-09,Friday,5,Early Morning (4-7),Activity Log
a0219,2021-09-24,Walk,6.51,95.48,103.65,283.9,4.09,7.92,,1172,22,28,4,0,No,9133832,,2021,2021-09,Friday,17,Evening (17-20),Activity Log
a0220,2021-09-25,Run,19.07,99.48,99.48,0,11.5,35.28,,1262,43,32,1,0,Yes,9133832,,2021,2021-09,Saturday,17,Evening (17-20),Activity Log
a0221,2021-09-26,Run,15.066,75.18,75.18,0,12.02,54,,923,16,32,0,0,Yes,9133832,,2021,2021-09,Sunday,7,Morning (7-11),Activity Log
a0222,2021-09-26,Walk,12.673,168.65,215.53,600,4.51,21.24,,3072,182,42,7,0,No,9133832,,2021,2021-09,Sunday,10,Morning (7-11),Activity Log
a0223,2021-09-27,Run,15.153,70.52,70.52,0,12.89,41.4,,1544,229,41,2,0,Yes,9133832,,2021,2021-09,Monday,20,Night (20-4),Activity Log
a0224,2021-09-28,Run,12.02,60.23,60.23,0,11.97,42.48,,1212,74,34,0,0,Yes,9133832,,2021,2021-09,Tuesday,18,Evening (17-20),Activity Log
a0225,2021-09-29,Walk,2.813,38.35,57.55,11,4.4,7.92,,608,7,23,0,0,No,9133832,,2021,2021-09,Wednesday,15,Afternoon (14-17),Activity Log
a0226,2021-09-29,Walk,2.801,37.85,51.25,30.1,4.44,12.24,,484,8,30,0,0,No,9133832,,2021,2021-09,Wednesday,18,Evening (17-20),Activity Log
a0227,2021-09-30,Walk,3.38,45.8,48.53,42,4.43,6.84,,524,8,20,0,0,No,9133832,,2021,2021-09,Thursday,17,Evening (17-20),Activity Log
a0228,2021-09-30,Run,15.089,61.77,61.77,0,14.66,38.88,,795,14,24,0,0,Yes,9133832,,2021,2021-09,Thursday,18,Evening (17-20),Activity Log
a0229,2021-10-01,Run,15.247,60.2,60.2,0,15.2,37.44,,913,14,37,7,0,Yes,9133832,,2021,2021-10,Friday,6,Early Morning (4-7),Activity Log
a0230,2021-10-01,Walk,2.894,43.92,48.55,19.6,3.95,6.12,,502,8,22,2,0,No,9133832,,2021,2021-10,Friday,18,Evening (17-20),Activity Log
a0231,2021-10-02,Run,10.101,90.82,97.95,107.6,6.67,15.84,,1574,235,38,17,3,No,9133832,,2021,2021-10,Saturday,6,Early Morning (4-7),Activity Log
a0232,2021-10-02,Walk,0.445,4.92,21.73,0,5.43,10.08,,111,6,22,0,0,No,9133832,,2021,2021-10,Saturday,7,Morning (7-11),Activity Log
a0233,2021-10-02,Walk,1.785,24.9,25.67,13.4,4.3,5.76,,315,5,22,3,0,No,9133832,,2021,2021-10,Saturday,16,Afternoon (14-17),Activity Log
a0234,2021-10-02,Walk,1.684,23.78,25.48,2,4.25,8.64,,320,4,19,2,0,No,9133832,,2021,2021-10,Saturday,18,Evening (17-20),Activity Log
a0235,2021-10-02,Walk,1.424,18.75,20.32,16.8,4.56,5.76,,239,4,28,0,0,No,9133832,,2021,2021-10,Saturday,20,Night (20-4),Activity Log
a0236,2021-10-03,Run,21.236,100.62,100.62,0,12.66,43.2,,1878,176,36,13,0,Yes,9133832,,2021,2021-10,Sunday,18,Evening (17-20),Activity Log
a0237,2021-10-04,Walk,3.126,42.3,43.1,39.3,4.43,6.84,,480,8,29,0,0,No,9133832,,2021,2021-10,Monday,17,Evening (17-20),Activity Log
a0238,2021-10-04,Run,15.039,70.93,70.93,0,12.72,41.4,,1234,105,35,11,0,Yes,9133832,,2021,2021-10,Monday,20,Night (20-4),Activity Log
a0239,2021-10-05,Run,3.654,28.1,43.83,16.6,7.8,9.72,,655,80,35,1,1,No,9133832,,2021,2021-10,Tuesday,18,Evening (17-20),Activity Log
a0240,2021-10-05,Walk,3.28,47.05,47.65,28.5,4.18,6.84,,616,14,29,2,0,No,9133832,,2021,2021-10,Tuesday,18,Evening (17-20),Activity Log
a0241,2021-10-05,Run,1.054,5.32,5.32,0,11.89,39.96,,123,13,26,1,0,Yes,9133832,,2021,2021-10,Tuesday,19,Evening (17-20),Activity Log
a0242,2021-10-06,Run,15.091,60.75,60.75,0,14.9,55.8,,928,12,27,2,0,Yes,9133832,,2021,2021-10,Wednesday,6,Early Morning (4-7),Activity Log
a0243,2021-10-07,Run,12.18,61.15,61.15,0,11.95,168.84,,571,9,31,2,0,Yes,9133832,,2021,2021-10,Thursday,6,Early Morning (4-7),Activity Log
a0244,2021-10-07,Walk,2.884,41.67,55.07,22.5,4.15,7.92,,471,7,31,0,0,No,9133832,,2021,2021-10,Thursday,18,Evening (17-20),Activity Log
a0245,2021-10-08,Walk,7.467,101.57,141.83,50.1,4.41,6.84,,1496,19,38,1,0,No,9133832,,2021,2021-10,Friday,16,Afternoon (14-17),Activity Log
a0246,2021-10-08,Run,23.153,98.97,98.97,0,14.04,81.72,,1574,24,26,7,0,Yes,9133832,,2021,2021-10,Friday,21,Night (20-4),Activity Log
a0247,2021-10-09,Run,13.048,64.88,64.88,0,12.07,37.08,,734,12,39,2,0,Yes,9133832,,2021,2021-10,Saturday,20,Night (20-4),Activity Log
a0248,2021-10-10,Run,9.992,92.17,110.6,107.3,6.5,12.96,,2164,211,61,1,0,No,9133832,,2021,2021-10,Sunday,6,Early Morning (4-7),Activity Log
a0249,2021-10-10,Walk,2.317,34.2,34.2,13.5,4.07,6.48,,371,6,23,0,0,No,9133832,,2021,2021-10,Sunday,16,Afternoon (14-17),Activity Log
a0250,2021-10-10,Walk,2.272,31.4,31.4,15.3,4.34,10.08,,375,9,24,0,0,No,9133832,,2021,2021-10,Sunday,18,Evening (17-20),Activity Log
a0251,2021-10-11,Run,13.183,65.47,65.47,0,12.08,42.84,,779,14,27,0,0,Yes,9133832,,2021,2021-10,Monday,20,Night (20-4),Activity Log
a0252,2021-10-12,Run,21.263,96.7,96.7,0,13.19,42.12,,2848,87,40,4,0,Yes,9133832,,2021,2021-10,Tuesday,18,Evening (17-20),Activity Log
a0253,2021-10-13,Run,21.11,94.17,94.17,0,13.45,43.2,,2827,19,30,2,0,Yes,9133832,,2021,2021-10,Wednesday,20,Night (20-4),Activity Log
a0254,2021-10-14,Walk,2.239,38.43,59.73,6.8,3.5,11.88,,283,7,24,0,0,No,9133832,,2021,2021-10,Thursday,21,Night (20-4),Activity Log
a0255,2021-10-14,Run,6.151,33.45,33.45,0,11.03,72,,824,107,38,2,0,Yes,9133832,,2021,2021-10,Thursday,22,Night (20-4),Activity Log
a0256,2021-10-15,Run,5.109,47.57,47.57,0,6.44,57.96,,684,58,20,0,0,Yes,9133832,,2021,2021-10,Friday,22,Night (20-4),Activity Log
a0257,2021-10-16,Walk,1.971,24.07,25.4,7.3,4.91,12.96,,249,5,27,0,0,No,9133832,,2021,2021-10,Saturday,9,Morning (7-11),Activity Log
a0258,2021-10-16,Walk,2.205,36.47,108.95,2.6,3.63,9.72,,279,5,28,2,0,No,9133832,,2021,2021-10,Saturday,12,Midday (11-14),Activity Log
a0259,2021-10-16,Walk,3.49,47.28,65.62,10,4.43,6.84,,442,8,22,0,0,No,9133832,,2021,2021-10,Saturday,16,Afternoon (14-17),Activity Log
a0260,2021-10-17,Walk,3.874,48.83,53.75,41.5,4.76,6.12,,490,10,27,0,0,No,9133832,,2021,2021-10,Sunday,16,Afternoon (14-17),Activity Log
a0261,2021-10-17,Walk,2.164,37.92,37.92,11,3.42,5.76,,274,6,33,2,0,No,9133832,,2021,2021-10,Sunday,20,Night (20-4),Activity Log
a0262,2021-10-18,Run,22.194,90.37,90.37,0,14.74,39.96,,2972,18,47,6,0,Yes,9133832,,2021,2021-10,Monday,20,Night (20-4),Activity Log
a0263,2021-10-19,Walk,11.25,133.83,138.07,98.3,5.04,10.49,,1507,139,47,2,0,No,9133832,,2021,2021-10,Tuesday,17,Evening (17-20),Activity Log
a0264,2021-10-20,Run,21.166,90.65,90.65,0,14.01,104.82,,2835,21,40,3,0,Yes,9133832,,2021,2021-10,Wednesday,21,Night (20-4),Activity Log
a0265,2021-10-21,Run,21.024,76.2,76.2,0,16.55,61.9,,2816,72,36,2,0,Yes,9133832,,2021,2021-10,Thursday,19,Evening (17-20),Activity Log
a0266,2021-10-22,Walk,4.022,54.37,55.73,16.9,4.44,6.57,,509,10,26,1,0,No,9133832,,2021,2021-10,Friday,5,Early Morning (4-7),Activity Log
a0267,2021-10-22,Run,5.009,35.9,35.97,57.6,8.37,11.7,,689,157,41,6,5,No,9133832,,2021,2021-10,Friday,6,Early Morning (4-7),Activity Log
a0268,2021-10-22,Walk,1.254,16.28,16.28,15.1,4.62,5.73,,159,5,27,0,0,No,9133832,,2021,2021-10,Friday,7,Morning (7-11),Activity Log
a0269,2021-10-22,Run,2.056,17.23,17.6,23.8,7.16,9.19,,284,39,36,2,0,No,9133832,,2021,2021-10,Friday,7,Morning (7-11),Activity Log
a0270,2021-10-22,Walk,3.089,46.18,46.92,38.7,4.01,7.23,,391,9,39,0,0,No,9133832,,2021,2021-10,Friday,8,Morning (7-11),Activity Log
a0271,2021-10-23,Walk,0.423,5.28,20.65,2.4,4.81,7.92,,54,0,24,0,0,No,9133832,,2021,2021-10,Saturday,12,Midday (11-14),Activity Log
a0272,2021-10-23,Walk,0.861,13.07,63.52,9.3,3.96,7.28,,109,2,26,0,0,No,9133832,,2021,2021-10,Saturday,16,Afternoon (14-17),Activity Log
a0273,2021-10-23,Walk,3.224,56.03,76.95,22.7,3.45,15.62,,408,10,38,3,0,No,9133832,,2021,2021-10,Saturday,19,Evening (17-20),Activity Log
a0274,2021-10-24,Walk,1.075,16.43,21.97,8.6,3.93,6.47,,136,3,24,0,0,No,9133832,,2021,2021-10,Sunday,5,Early Morning (4-7),Activity Log
a0275,2021-10-24,Run,10.755,89.53,103.23,90,7.21,12.15,,1461,377,46,8,1,No,9133832,,2021,2021-10,Sunday,6,Early Morning (4-7),Activity Log
a0276,2021-10-25,Run,12.068,60.15,60.15,0,12.04,40.88,,1616,14,30,11,0,Yes,9133832,,2021,2021-10,Monday,22,Night (20-4),Activity Log
a0277,2021-10-26,Run,12.122,62.9,62.9,0,11.56,41.32,,1623,14,34,3,0,Yes,9133832,,2021,2021-10,Tuesday,17,Evening (17-20),Activity Log
a0278,2021-10-27,Walk,2.431,40.75,41.12,23.2,3.58,5.38,,308,9,29,2,0,No,9133832,,2021,2021-10,Wednesday,18,Evening (17-20),Activity Log
a0279,2021-10-27,Run,22.055,69.98,69.98,0,18.91,37.59,,2954,17,33,6,0,Yes,9133832,,2021,2021-10,Wednesday,19,Evening (17-20),Activity Log
a0280,2021-10-28,Run,17.924,61.87,61.87,0,17.38,36.44,,2401,15,30,1,0,Yes,9133832,,2021,2021-10,Thursday,5,Early Morning (4-7),Activity Log
a0281,2021-10-28,Walk,3.834,57.85,68.7,38.9,3.98,10.04,,485,10,38,0,0,No,9133832,,2021,2021-10,Thursday,18,Evening (17-20),Activity Log
a0282,2021-10-29,Walk,2.135,27.87,33.27,16.4,4.6,14.21,,286,5,24,0,0,No,9133832,,2021,2021-10,Friday,13,Midday (11-14),Activity Log
a0283,2021-10-29,Run,15.141,60.18,60.18,0,15.1,32.53,,2028,17,32,1,0,Yes,9133832,,2021,2021-10,Friday,21,Night (20-4),Activity Log
a0284,2021-10-30,Walk,10.29,101.25,106.88,79.5,6.1,10.28,,1378,146,40,1,0,No,9133832,,2021,2021-10,Saturday,6,Early Morning (4-7),Activity Log
a0285,2021-10-31,Walk,2.209,30.57,106.78,7.9,4.34,6.35,,280,5,30,0,0,No,9133832,,2021,2021-10,Sunday,16,Afternoon (14-17),Activity Log
a0286,2021-10-31,Walk,1.466,25.68,26.55,17,3.43,5.16,,186,4,29,0,0,No,9133832,,2021,2021-10,Sunday,20,Night (20-4),Activity Log
a0287,2021-10-31,Run,15.137,62.02,62.02,0,14.64,41.45,,2027,26,35,1,0,Yes,9133832,,2021,2021-10,Sunday,21,Night (20-4),Activity Log
a0288,2021-11-01,Run,15.526,106.95,106.95,0,8.71,30.44,,2079,22,33,17,0,Yes,9133832,,2021,2021-11,Monday,7,Morning (7-11),Activity Log
a0289,2021-11-01,Walk,6.76,94.25,98.35,66.3,4.3,7.2,,905,18,42,3,0,No,9133832,,2021,2021-11,Monday,17,Evening (17-20),Activity Log
a0290,2021-11-02,Run,15.084,74.13,74.13,0,12.21,41.16,,2020,39,39,3,0,Yes,9133832,,2021,2021-11,Tuesday,5,Early Morning (4-7),Activity Log
a0291,2021-11-02,Walk,6.291,16.65,96.28,43.9,22.67,86.99,49.7,843,,33,0,0,No,9133832,,2021,2021-11,Tuesday,17,Evening (17-20),Activity Log
a0292,2021-11-03,Run,6.509,44.42,44.82,0,8.79,18.53,,811,9,41,2,0,Yes,9133832,,2021,2021-11,Wednesday,21,Night (20-4),Activity Log
a0293,2021-11-03,Run,6.015,35.95,54.52,0,10.04,18.19,,728,10,34,2,0,Yes,9133832,,2021,2021-11,Wednesday,22,Night (20-4),Activity Log
a0294,2021-11-04,Run,12.104,69.78,71.43,0,10.41,19.77,,1463,19,37,7,0,Yes,9133832,,2021,2021-11,Thursday,6,Early Morning (4-7),Activity Log
a0295,2021-11-05,Walk,0.674,11.22,12.1,7.3,3.61,7.18,,101,1,21,1,0,No,9133832,,2021,2021-11,Friday,18,Evening (17-20),Activity Log
a0296,2021-11-05,Run,1.714,10.48,10.48,0,9.81,15.34,,202,1,22,0,0,Yes,9133832,,2021,2021-11,Friday,19,Evening (17-20),Activity Log
a0297,2021-11-05,Run,13.002,76.97,77.67,0,10.14,20.21,,1565,14,35,2,0,Yes,9133832,,2021,2021-11,Friday,20,Night (20-4),Activity Log
a0298,2021-11-06,Run,21.224,121.13,125.13,0,10.51,17.85,,2556,26,44,7,0,Yes,9133832,,2021,2021-11,Saturday,8,Morning (7-11),Activity Log
a0299,2021-11-06,Walk,0.996,16.98,20.07,9.2,3.52,5.89,,133,2,27,2,0,No,9133832,,2021,2021-11,Saturday,12,Midday (11-14),Activity Log
a0300,2021-11-06,Walk,1.702,26.82,29.47,4.4,3.81,7.63,,228,5,37,3,0,No,9133832,,2021,2021-11,Saturday,16,Afternoon (14-17),Activity Log
a0301,2021-11-06,Walk,1.699,27.73,29.97,14.5,3.68,5.71,,228,4,30,0,0,No,9133832,,2021,2021-11,Saturday,19,Evening (17-20),Activity Log
a0302,2021-11-06,Walk,1.668,33.35,33.35,12.3,3,4.32,,223,6,30,0,0,No,9133832,,2021,2021-11,Saturday,21,Night (20-4),Activity Log
a0303,2021-11-07,Run,10.124,78.23,78.47,74.1,7.76,12.18,,1367,276,55,12,10,No,9133832,,2021,2021-11,Sunday,6,Early Morning (4-7),Activity Log
a0304,2021-11-08,Run,15.003,88,88,0,10.23,38.04,,2009,16,49,0,0,Yes,9133832,,2021,2021-11,Monday,4,Early Morning (4-7),Activity Log
a0305,2021-11-08,Walk,5.551,64.32,68.97,131.9,5.18,8.68,,743,57,42,0,0,No,9133832,,2021,2021-11,Monday,17,Evening (17-20),Activity Log
a0306,2021-11-09,Run,15.037,81.03,81.03,0,11.13,42.79,,2014,16,42,0,0,Yes,9133832,,2021,2021-11,Tuesday,22,Night (20-4),Activity Log
a0307,2021-11-10,Run,10.072,55.8,55.8,0,10.83,41.73,,1349,70,43,2,0,Yes,9133832,,2021,2021-11,Wednesday,19,Evening (17-20),Activity Log
a0308,2021-11-11,Run,10.135,72.02,72.02,0,8.44,27.56,,1357,12,34,0,0,Yes,9133832,,2021,2021-11,Thursday,20,Night (20-4),Activity Log
a0309,2021-11-12,Walk,4.241,65.13,81.87,32.1,3.91,5.71,,568,12,33,0,0,No,9133832,,2021,2021-11,Friday,17,Evening (17-20),Activity Log
a0310,2021-11-12,Run,10.07,51.95,51.95,0,11.63,38.67,,1349,10,41,0,0,Yes,9133832,,2021,2021-11,Friday,19,Evening (17-20),Activity Log
a0311,2021-11-13,Run,12.126,69.63,69.63,0,10.45,37.14,,1624,16,36,7,0,Yes,9133832,,2021,2021-11,Saturday,7,Morning (7-11),Activity Log
a0312,2021-11-13,Walk,4.659,65.57,65.57,18.7,4.26,7.51,,624,17,30,0,0,No,9133832,,2021,2021-11,Saturday,18,Evening (17-20),Activity Log
a0313,2021-11-14,Walk,5.065,67.32,68.08,27.5,4.51,7.17,,678,10,43,1,0,No,9133832,,2021,2021-11,Sunday,17,Evening (17-20),Activity Log
a0314,2021-11-14,Run,9.002,54.02,54.02,0,10,42.68,,1206,147,44,1,0,Yes,9133832,,2021,2021-11,Sunday,19,Evening (17-20),Activity Log
a0315,2021-11-15,Run,12.047,62.45,62.45,0,11.57,34.73,,1613,130,49,3,0,Yes,9133832,,2021,2021-11,Monday,7,Morning (7-11),Activity Log
a0316,2021-11-16,Run,12.049,71.02,71.02,0,10.18,32.85,,1614,36,42,6,0,Yes,9133832,,2021,2021-11,Tuesday,7,Morning (7-11),Activity Log
a0317,2021-11-16,Ride,0,21,21,0,0,0,,,24,24,0,0,Yes,,,2021,2021-11,Tuesday,18,Evening (17-20),Activity Log
a0318,2021-11-16,Ride,0,9.9,9.9,0,0,0,,,10,27,1,0,Yes,,,2021,2021-11,Tuesday,18,Evening (17-20),Activity Log
a0319,2021-11-16,Run,2.203,17.6,17.6,0,7.51,42.4,,295,30,28,0,0,Yes,9133832,,2021,2021-11,Tuesday,19,Evening (17-20),Activity Log
a0320,2021-11-16,Ride,0,30.45,30.45,0,0,0,,,60,33,2,0,Yes,,,2021,2021-11,Tuesday,19,Evening (17-20),Activity Log
a0321,2021-11-17,Run,11.871,95.2,112.22,63.9,7.48,13.25,,1596,235,72,3,1,No,9133832,,2021,2021-11,Wednesday,6,Early Morning (4-7),Activity Log
a0322,2021-11-18,Run,5.019,34.12,34.12,0,8.83,41.91,,672,42,33,0,0,Yes,9133832,,2021,2021-11,Thursday,22,Night (20-4),Activity Log
a0323,2021-11-19,Run,8.01,68.78,88.08,44.6,6.99,10.31,,1077,147,74,0,0,No,9133832,,2021,2021-11,Friday,6,Early Morning (4-7),Activity Log
a0324,2021-11-19,Walk,4.534,68.67,77.8,30.6,3.96,6.71,,607,11,37,0,0,No,9133832,,2021,2021-11,Friday,18,Evening (17-20),Activity Log
a0325,2021-11-20,Run,21.236,112.37,112.37,0,11.34,38.4,,2844,122,54,8,0,Yes,9133832,,2021,2021-11,Saturday,6,Early Morning (4-7),Activity Log
a0326,2021-11-20,Walk,3.966,53.38,53.92,11.3,4.46,8.86,,502,9,45,0,0,No,9133832,,2021,2021-11,Saturday,9,Morning (7-11),Activity Log
a0327,2021-11-21,Walk,7.803,121.83,122.27,70.7,3.84,6.69,,1045,26,47,3,0,No,9133832,,2021,2021-11,Sunday,17,Evening (17-20),Activity Log
a0328,2021-11-22,Run,7.046,40.57,40.57,0,10.42,38.65,,944,6,42,0,0,Yes,9133832,,2021,2021-11,Monday,16,Afternoon (14-17),Activity Log
a0329,2021-11-22,Ride,0,69.17,69.17,0,0,0,,,70,40,0,0,Yes,,,2021,2021-11,Monday,17,Evening (17-20),Activity Log
a0330,2021-11-23,Run,15.016,81.17,81.17,0,11.1,39.81,,2011,21,44,1,0,Yes,9133832,,2021,2021-11,Tuesday,5,Early Morning (4-7),Activity Log
a0331,2021-11-23,Walk,4.924,77.58,94.52,37.4,3.81,8.51,,659,14,39,1,0,No,9133832,,2021,2021-11,Tuesday,17,Evening (17-20),Activity Log
a0332,2021-11-24,Run,12.349,60.2,60.2,0,12.31,38.24,,1654,12,27,3,0,Yes,9133832,,2021,2021-11,Wednesday,20,Night (20-4),Activity Log
a0333,2021-11-25,Ride,0,41.47,41.47,0,0,0,,,35,27,0,0,Yes,,,2021,2021-11,Thursday,17,Evening (17-20),Activity Log
a0334,2021-11-25,Walk,4.322,50.02,50.02,0,5.18,34.74,,579,37,28,0,0,Yes,9133832,,2021,2021-11,Thursday,18,Evening (17-20),Activity Log
a0335,2021-11-25,Walk,2.475,49.2,50.07,12.9,3.02,4.33,,332,10,31,0,0,No,9133832,,2021,2021-11,Thursday,19,Evening (17-20),Activity Log
a0336,2021-11-26,Run,12.085,62,62,0,11.7,38.51,,1619,120,42,5,0,Yes,9133832,,2021,2021-11,Friday,21,Night (20-4),Activity Log
a0337,2021-11-27,Run,12.082,59.98,59.98,0,12.09,113.94,,1618,203,43,3,0,Yes,9133832,,2021,2021-11,Saturday,8,Morning (7-11),Activity Log
a0338,2021-11-27,Walk,5.656,85.83,94.18,40.5,3.95,6.69,,758,14,35,1,0,No,9133832,,2021,2021-11,Saturday,17,Evening (17-20),Activity Log
a0339,2021-11-28,Run,24.112,118.92,118.92,0,12.17,41.66,,3229,141,42,3,0,Yes,9133832,,2021,2021-11,Sunday,7,Morning (7-11),Activity Log
a0340,2021-11-28,Walk,3.131,44.92,44.92,8.2,4.18,7.89,,389,7,37,0,0,No,9624836,,2021,2021-11,Sunday,15,Afternoon (14-17),Activity Log
a0341,2021-11-28,Walk,2.659,37.43,38.45,10.1,4.26,9.78,,330,6,39,0,0,No,9624836,,2021,2021-11,Sunday,16,Afternoon (14-17),Activity Log
a0342,2021-11-29,Run,15.019,85.63,85.63,0,10.52,40.37,,1864,18,44,2,0,Yes,9624836,,2021,2021-11,Monday,6,Early Morning (4-7),Activity Log
a0343,2021-11-29,Walk,5.949,84.53,91.98,24.3,4.22,6.06,,738,16,34,0,0,No,9624836,,2021,2021-11,Monday,18,Evening (17-20),Activity Log
a0344,2021-11-30,Run,12.044,60.13,60.13,0,12.02,41.1,,1495,150,37,1,0,Yes,9624836,,2021,2021-11,Tuesday,5,Early Morning (4-7),Activity Log
a0345,2021-11-30,Walk,7.078,60.17,60.17,0,7.06,37.44,,878,28,25,0,0,Yes,9624836,,2021,2021-11,Tuesday,18,Evening (17-20),Activity Log
a0346,2021-12-01,Run,15.136,75.4,75.4,0,12.04,42.42,,1878,15,32,8,0,Yes,9624836,,2021,2021-12,Wednesday,6,Early Morning (4-7),Activity Log
a0347,2021-12-01,Walk,6.104,83.93,89.37,56.5,4.36,12.61,,758,35,39,2,0,No,9624836,,2021,2021-12,Wednesday,17,Evening (17-20),Activity Log
a0348,2021-12-01,Walk,2.598,37.03,37.33,19.4,4.21,7.11,,322,7,29,4,0,No,9624836,,2021,2021-12,Wednesday,19,Evening (17-20),Activity Log
a0349,2021-12-02,Run,10.015,54.9,54.9,0,10.95,42.78,,1243,99,29,8,0,Yes,9624836,,2021,2021-12,Thursday,22,Night (20-4),Activity Log
a0350,2021-12-03,Run,21.309,107.57,107.57,0,11.89,32.08,,2644,162,45,6,0,Yes,9624836,,2021,2021-12,Friday,9,Morning (7-11),Activity Log
a0351,2021-12-04,Run,9.919,78.83,79.33,90,7.55,11.46,,1245,306,56,6,2,No,9624836,,2021,2021-12,Saturday,5,Early Morning (4-7),Activity Log
a0352,2021-12-05,Run,6.109,34.53,34.53,0,10.61,42.53,,758,13,36,0,0,Yes,9624836,,2021,2021-12,Sunday,22,Night (20-4),Activity Log
a0353,2021-12-06,Run,15.046,85.32,85.32,0,10.58,16.75,,1867,126,49,0,0,Yes,9624836,,2021,2021-12,Monday,6,Early Morning (4-7),Activity Log
a0354,2021-12-07,Run,15.141,89.4,89.4,0,10.16,40.95,,1879,170,44,2,0,Yes,9624836,,2021,2021-12,Tuesday,5,Early Morning (4-7),Activity Log
a0355,2021-12-07,Walk,10.085,147.9,161.75,85.4,4.09,7.48,,1252,24,35,2,0,No,9624836,,2021,2021-12,Tuesday,17,Evening (17-20),Activity Log
a0356,2021-12-08,Run,15.207,90.08,90.08,0,10.13,39.33,,1887,123,41,2,0,Yes,9624836,,2021,2021-12,Wednesday,7,Morning (7-11),Activity Log
a0357,2021-12-08,Walk,7.054,101.03,109.6,64,4.19,24.35,,893,17,42,1,0,No,9624836,,2021,2021-12,Wednesday,17,Evening (17-20),Activity Log
a0358,2021-12-09,Run,12.017,105.62,117.9,141.5,6.83,14.31,,1523,282,70,2,0,No,9624836,,2021,2021-12,Thursday,6,Early Morning (4-7),Activity Log
a0359,2021-12-09,Walk,5.698,79.35,86.53,41.2,4.31,11.22,,707,15,41,0,0,No,9624836,,2021,2021-12,Thursday,18,Evening (17-20),Activity Log
a0360,2021-12-10,Walk,1.811,33.98,34.28,24.4,3.2,4.38,,225,5,25,1,0,No,9624836,,2021,2021-12,Friday,21,Night (20-4),Activity Log
a0361,2021-12-11,Walk,2.651,34.38,40.37,14.5,4.63,11.06,,329,27,40,1,0,No,9624836,,2021,2021-12,Saturday,18,Evening (17-20),Activity Log
a0362,2021-12-13,Run,30.089,152,152,0,11.88,42.86,,3734,236,47,6,0,Yes,9624836,,2021,2021-12,Monday,19,Evening (17-20),Activity Log
a0363,2021-12-14,Run,30.034,150.25,150.25,0,11.99,42.87,,3727,185,40,0,0,Yes,9624836,,2021,2021-12,Tuesday,19,Evening (17-20),Activity Log
a0364,2021-12-15,Run,15.52,77.22,77.22,0,12.06,41.37,,1926,46,40,1,0,Yes,9624836,,2021,2021-12,Wednesday,7,Morning (7-11),Activity Log
a0365,2021-12-15,Walk,5.047,83.67,84.03,38.7,3.62,6.72,,626,17,39,0,0,No,9624836,,2021,2021-12,Wednesday,18,Evening (17-20),Activity Log
a0366,2021-12-16,Run,15.05,106.38,106.38,0,8.49,38.93,,1868,24,35,2,0,Yes,9624836,,2021,2021-12,Thursday,20,Night (20-4),Activity Log
a0367,2021-12-17,Walk,3.488,59.9,107.77,47.9,3.49,12.08,,407,12,32,0,0,No,9624836,,2021,2021-12,Friday,17,Evening (17-20),Activity Log
a0368,2021-12-17,Run,10.059,51.42,51.42,0,11.74,41.83,,1248,12,27,0,0,Yes,9624836,,2021,2021-12,Friday,22,Night (20-4),Activity Log
a0369,2021-12-19,Walk,0.148,2.27,15.33,0,3.93,5.31,,18,0,29,0,0,No,9624836,,2021,2021-12,Sunday,6,Early Morning (4-7),Activity Log
a0370,2021-12-19,TrailRun,10.53,104.55,188.22,201.1,6.04,14.34,,1406,125,56,2,0,No,9624836,,2021,2021-12,Sunday,7,Morning (7-11),Activity Log
a0371,2021-12-20,Run,15.013,80.08,80.08,0,11.25,68.3,,1863,87,54,0,0,Yes,9624836,,2021,2021-12,Monday,7,Morning (7-11),Activity Log
a0372,2021-12-21,Run,15.069,82.8,82.8,0,10.92,35.78,,1870,122,47,0,0,Yes,9624836,,2021,2021-12,Tuesday,10,Morning (7-11),Activity Log
a0373,2021-12-21,Walk,4.131,47.27,80.5,18,5.24,7.96,,513,7,26,0,0,No,9624836,,2021,2021-12,Tuesday,18,Evening (17-20),Activity Log
a0374,2021-12-21,Walk,3.331,46.68,62.3,30.6,4.28,8.83,,413,9,34,0,0,No,9624836,,2021,2021-12,Tuesday,19,Evening (17-20),Activity Log
a0375,2021-12-22,Walk,2.514,40.25,78.28,21.4,3.75,7.18,,312,6,29,0,0,No,9624836,,2021,2021-12,Wednesday,13,Midday (11-14),Activity Log
a0376,2021-12-22,Run,15.05,97.88,97.88,0,9.23,35.3,,1868,16,23,0,0,Yes,9624836,,2021,2021-12,Wednesday,17,Evening (17-20),Activity Log
a0377,2021-12-22,Walk,3.2,44.87,56.75,25.8,4.28,7.59,,397,8,34,0,0,No,9624836,,2021,2021-12,Wednesday,19,Evening (17-20),Activity Log
a0378,2021-12-22,Run,15.105,77.17,77.17,0,11.74,38.55,,1875,43,34,0,0,Yes,9624836,,2021,2021-12,Wednesday,21,Night (20-4),Activity Log
a0379,2021-12-23,Run,16.113,88.17,88.17,0,10.97,65.5,,2000,69,34,0,0,Yes,9624836,,2021,2021-12,Thursday,5,Early Morning (4-7),Activity Log
a0380,2021-12-23,Walk,3.016,39.87,79.22,25,4.54,13.26,,374,7,33,0,0,No,9624836,,2021,2021-12,Thursday,18,Evening (17-20),Activity Log
a0381,2021-12-24,Run,21.127,120.92,120.92,0,10.48,106.49,,2622,42,40,2,0,Yes,9624836,,2021,2021-12,Friday,4,Early Morning (4-7),Activity Log
a0382,2021-12-24,Walk,11.725,184.73,232.82,229.3,3.81,10.58,,1455,29,37,2,0,No,9624836,,2021,2021-12,Friday,10,Morning (7-11),Activity Log
a0383,2021-12-26,Run,11.724,161.27,212.72,357,4.36,10.86,,1647,29,46,9,0,No,9624836,,2021,2021-12,Sunday,15,Afternoon (14-17),Activity Log
a0384,2021-12-27,Run,2.732,34.18,59.67,61.1,4.79,7.98,,379,5,35,2,0,No,9624836,,2021,2021-12,Monday,15,Afternoon (14-17),Activity Log
a0385,2021-12-28,Walk,1.186,26.8,35.23,19.8,2.65,5.48,,147,4,34,2,0,No,9624836,,2021,2021-12,Tuesday,11,Midday (11-14),Activity Log
a0386,2021-12-29,Workout,0,46.22,46.22,0,0,0,,,9,35,0,0,Yes,,,2021,2021-12,Wednesday,10,Morning (7-11),Activity Log
a0387,2021-12-29,Workout,0,27.58,27.58,0,0,0,,,7,26,0,0,Yes,,,2021,2021-12,Wednesday,12,Midday (11-14),Activity Log
a0388,2021-12-29,Workout,0,76.42,76.42,0,0,0,,,14,40,0,0,Yes,,,2021,2021-12,Wednesday,12,Midday (11-14),Activity Log
a0389,2021-12-30,Run,30.024,166.05,166.05,0,10.85,106.13,,3726,76,46,0,0,Yes,9624836,,2021,2021-12,Thursday,4,Early Morning (4-7),Activity Log
a0390,2021-12-31,Run,30.072,153.75,153.75,0,11.74,140.63,,3732,179,45,1,0,Yes,9624836,,2021,2021-12,Friday,6,Early Morning (4-7),Activity Log
a0391,2022-01-01,Walk,2.5,48.92,70.85,85.8,3.07,9.12,,310,10,32,1,0,No,9624836,,2022,2022-01,Saturday,16,Afternoon (14-17),Activity Log
a0392,2022-01-02,Run,21.36,102.28,102.28,0,12.53,42.26,,2651,85,34,14,0,Yes,9624836,,2022,2022-01,Sunday,4,Early Morning (4-7),Activity Log
a0393,2022-01-02,Walk,7.148,118.18,143.23,301.7,3.63,10.07,,887,29,46,2,0,No,9624836,,2022,2022-01,Sunday,17,Evening (17-20),Activity Log
a0394,2022-01-03,Walk,1.494,31.13,66.83,103.7,2.88,19.92,,189,6,39,5,0,No,9624836,,2022,2022-01,Monday,16,Afternoon (14-17),Activity Log
a0395,2022-01-05,Walk,3.599,48.02,49.68,44.9,4.5,6.87,,447,10,37,0,0,No,9624836,,2022,2022-01,Wednesday,14,Afternoon (14-17),Activity Log
a0396,2022-01-06,Walk,3.207,52.95,59.27,25.7,3.63,6.1,,398,11,38,1,0,No,9624836,,2022,2022-01,Thursday,18,Evening (17-20),Activity Log
a0397,2022-01-06,Run,18.51,168.85,168.85,0,6.58,42.8,,2297,155,48,10,0,Yes,9624836,,2022,2022-01,Thursday,20,Night (20-4),Activity Log
a0398,2022-01-07,Run,21.11,110.73,110.73,0,11.44,35.97,,2620,159,57,11,0,Yes,9624836,,2022,2022-01,Friday,7,Morning (7-11),Activity Log
a0399,2022-01-07,Walk,2.386,38.78,123.05,21.4,3.69,5.81,,296,7,33,2,0,No,9624836,,2022,2022-01,Friday,16,Afternoon (14-17),Activity Log
a0400,2022-01-07,Run,15.055,79.4,79.4,0,11.38,37.33,,1868,63,48,3,0,Yes,9624836,,2022,2022-01,Friday,22,Night (20-4),Activity Log
a0401,2022-01-08,Walk,3.198,47.07,47.07,20.3,,,,397,,33,4,0,No,,,2022,2022-01,Saturday,18,Evening (17-20),Activity Log
a0402,2022-01-08,Walk,3.771,19.93,19.93,0,,,,468,,25,2,0,Yes,,,2022,2022-01,Saturday,22,Night (20-4),Activity Log
a0403,2022-01-09,Walk,10.312,169.08,170.32,86.2,,,,1280,,43,5,0,No,,,2022,2022-01,Sunday,16,Afternoon (14-17),Activity Log
a0404,2022-01-09,Run,16.034,84.75,84.75,0,,,,1990,,34,4,0,Yes,,,2022,2022-01,Sunday,22,Night (20-4),Activity Log
a0405,2022-01-10,Run,15.011,80.13,80.13,0,,,,1863,,33,3,0,Yes,,,2022,2022-01,Monday,20,Night (20-4),Activity Log
a0406,2022-01-12,Walk,5.698,86.05,91.5,29.1,,,,707,,41,0,0,No,,,2022,2022-01,Wednesday,17,Evening (17-20),Activity Log
a0407,2022-01-13,Run,21.021,123.12,123.12,0,,,,2609,,46,2,0,Yes,,,2022,2022-01,Thursday,19,Evening (17-20),Activity Log
a0408,2022-01-14,Workout,0,9.5,9.5,0,,,,,,21,0,0,Yes,,,2022,2022-01,Friday,20,Night (20-4),Activity Log
a0409,2022-01-15,Run,6.071,33,33,0,,,,753,,27,2,0,Yes,,,2022,2022-01,Saturday,5,Early Morning (4-7),Activity Log
a0410,2022-01-16,Walk,1.199,24.3,25.83,6.1,,,,149,,33,1,0,No,,,2022,2022-01,Sunday,20,Night (20-4),Activity Log
a0411,2022-01-17,Run,12.231,66.43,66.43,0,,,,1518,,52,1,0,Yes,,,2022,2022-01,Monday,7,Morning (7-11),Activity Log
a0412,2022-01-18,Walk,3.329,46.33,47.6,22.5,,,,413,,35,2,0,No,,,2022,2022-01,Tuesday,18,Evening (17-20),Activity Log
a0413,2022-01-19,Run,21.127,133.03,133.03,0,,,,2622,,42,8,0,Yes,,,2022,2022-01,Wednesday,20,Night (20-4),Activity Log
a0414,2022-01-20,Walk,4.929,66.18,74.52,36.6,,,,612,,30,2,0,No,,,2022,2022-01,Thursday,17,Evening (17-20),Activity Log
a0415,2022-01-20,Run,11.23,82.6,82.6,0,,,,1394,,52,2,0,Yes,,,2022,2022-01,Thursday,19,Evening (17-20),Activity Log
a0416,2022-01-21,Run,22.899,118.17,118.17,0,,,,2842,,39,5,0,Yes,,,2022,2022-01,Friday,17,Evening (17-20),Activity Log
a0417,2022-01-22,Walk,5.593,81.52,83.78,42.4,,,,694,,44,2,0,No,,,2022,2022-01,Saturday,17,Evening (17-20),Activity Log
a0418,2022-01-22,Run,15.036,78.55,78.55,0,,,,1866,,48,1,0,Yes,,,2022,2022-01,Saturday,19,Evening (17-20),Activity Log
a0419,2022-01-23,Walk,1.401,30.28,30.28,0,,,,174,,38,1,0,No,,,2022,2022-01,Sunday,19,Evening (17-20),Activity Log
a0420,2022-01-23,Run,10.044,57.23,57.23,0,,,,1246,,55,0,0,Yes,,,2022,2022-01,Sunday,21,Night (20-4),Activity Log
a0421,2022-01-24,Walk,0.367,10.27,11.87,0,,,,46,,35,0,0,No,,,2022,2022-01,Monday,8,Morning (7-11),Activity Log
a0422,2022-01-24,Walk,4.75,76.47,79.63,46.9,,,,589,,48,1,0,No,,,2022,2022-01,Monday,18,Evening (17-20),Activity Log
a0423,2022-01-25,Walk,0.251,7.45,7.45,0,,,,31,,44,0,0,No,,,2022,2022-01,Tuesday,8,Morning (7-11),Activity Log
a0424,2022-01-25,Walk,3.318,44.23,44.23,28.5,,,,412,,40,0,0,No,,,2022,2022-01,Tuesday,18,Evening (17-20),Activity Log
a0425,2022-01-25,Walk,2.277,30.32,54.87,26.7,,,,283,,47,1,0,No,,,2022,2022-01,Tuesday,19,Evening (17-20),Activity Log
a0426,2022-01-26,Run,15.035,76.92,76.92,0,,,,1866,,46,7,0,Yes,,,2022,2022-01,Wednesday,6,Early Morning (4-7),Activity Log
a0427,2022-01-26,Walk,2.572,32.37,46.4,26.7,,,,319,,35,0,0,No,,,2022,2022-01,Wednesday,17,Evening (17-20),Activity Log
a0428,2022-01-27,Run,15.117,82.72,82.72,0,,,,1876,,52,3,0,Yes,,,2022,2022-01,Thursday,7,Morning (7-11),Activity Log
a0429,2022-01-27,Run,15.065,76.23,76.23,0,,,,1869,,43,0,0,Yes,,,2022,2022-01,Thursday,18,Evening (17-20),Activity Log
a0430,2022-01-28,Run,21.128,105.9,105.9,0,,,,2622,,52,0,0,Yes,,,2022,2022-01,Friday,5,Early Morning (4-7),Activity Log
a0431,2022-01-29,Walk,1.852,31.57,37.08,78.5,,,,230,,43,1,0,No,,,2022,2022-01,Saturday,18,Evening (17-20),Activity Log
a0432,2022-01-29,Walk,1.635,25.92,26.52,4.7,,,,203,,36,0,0,No,,,2022,2022-01,Saturday,21,Night (20-4),Activity Log
a0433,2022-01-30,Run,4.999,29.52,29.52,0,,,,620,,46,1,0,Yes,,,2022,2022-01,Sunday,18,Evening (17-20),Activity Log
a0434,2022-01-30,Run,2.023,17.33,17.33,0,,,,251,,39,3,0,Yes,,,2022,2022-01,Sunday,18,Evening (17-20),Activity Log
a0435,2022-01-31,Walk,4.898,65.92,74.82,50.3,,,,608,,35,0,0,No,,,2022,2022-01,Monday,17,Evening (17-20),Activity Log
a0436,2022-01-31,Run,10.048,58.47,58.47,0,,,,1247,,39,0,0,Yes,,,2022,2022-01,Monday,20,Night (20-4),Activity Log
a0437,2022-02-01,Run,12.063,64.98,64.98,0,,,,1497,,54,4,0,Yes,,,2022,2022-02,Tuesday,7,Morning (7-11),Activity Log
a0438,2022-02-01,Walk,2.463,32.3,37.03,21.4,,,,306,,37,1,0,No,,,2022,2022-02,Tuesday,21,Night (20-4),Activity Log
a0439,2022-02-02,Walk,2.03,24.12,30.13,11.7,,,,252,,38,0,0,No,,,2022,2022-02,Wednesday,17,Evening (17-20),Activity Log
a0440,2022-02-03,Walk,2.678,40.7,41.75,31.3,,,,332,,35,1,0,No,,,2022,2022-02,Thursday,15,Afternoon (14-17),Activity Log
a0441,2022-02-03,Walk,2.878,42.8,45.47,18.5,,,,357,,26,1,0,No,,,2022,2022-02,Thursday,18,Evening (17-20),Activity Log
a0442,2022-02-03,Walk,1.466,20.17,21.4,3.5,,,,182,,42,0,0,No,,,2022,2022-02,Thursday,21,Night (20-4),Activity Log
a0443,2022-02-04,Walk,3.262,48.63,65.48,25.8,,,,405,,41,1,0,No,,,2022,2022-02,Friday,19,Evening (17-20),Activity Log
a0444,2022-02-05,Walk,3.876,56.62,71.47,45.4,,,,481,,49,1,0,No,,,2022,2022-02,Saturday,13,Midday (11-14),Activity Log
a0445,2022-02-07,Walk,3.52,55.85,56.25,39.2,,,,437,,49,1,0,No,,,2022,2022-02,Monday,18,Evening (17-20),Activity Log
a0446,2022-02-14,Walk,3.716,61.77,70.82,54.2,,,,461,,43,9,0,No,,,2022,2022-02,Monday,18,Evening (17-20),Activity Log
a0447,2022-02-16,Walk,0.179,2.43,24.07,0,,,,22,,26,0,0,No,,,2022,2022-02,Wednesday,12,Midday (11-14),Activity Log
a0448,2022-02-16,Walk,1.52,23.38,24.55,26.7,,,,192,,33,3,0,No,,,2022,2022-02,Wednesday,13,Midday (11-14),Activity Log
a0449,2022-02-18,Walk,0.545,8.35,36.28,5.1,,,,68,,32,1,0,No,,,2022,2022-02,Friday,18,Evening (17-20),Activity Log
a0450,2022-02-21,Walk,4.419,69.67,77.6,65.2,,,,548,,63,4,0,No,,,2022,2022-02,Monday,18,Evening (17-20),Activity Log
a0451,2022-02-22,Walk,5.509,81.1,85.72,87.5,,,,684,,61,2,0,No,,,2022,2022-02,Tuesday,18,Evening (17-20),Activity Log
a0452,2022-02-23,Workout,0,116.85,116.85,0,,,,,,35,1,0,Yes,,,2022,2022-02,Wednesday,11,Midday (11-14),Activity Log
a0453,2022-02-23,Walk,0.169,2.55,48.12,0,,,,21,,28,0,0,No,,,2022,2022-02,Wednesday,18,Evening (17-20),Activity Log
a0454,2022-02-24,Walk,5.743,87.88,131.42,87.6,,,,713,,41,2,0,No,,,2022,2022-02,Thursday,18,Evening (17-20),Activity Log
a0455,2022-02-25,Walk,5.495,82.9,91.05,82.8,,,,682,,40,4,0,No,,,2022,2022-02,Friday,18,Evening (17-20),Activity Log
a0456,2022-02-27,Walk,3.762,56.25,61.1,66.5,,,,467,,43,4,0,No,,,2022,2022-02,Sunday,18,Evening (17-20),Activity Log
a0457,2022-02-27,Run,6.112,37.4,37.4,0,,,,758,,45,2,0,Yes,,,2022,2022-02,Sunday,20,Night (20-4),Activity Log
a0458,2022-03-04,Walk,2.05,30.1,218.73,14.3,,,,254,,29,1,0,No,,,2022,2022-03,Friday,8,Morning (7-11),Activity Log
a0459,2022-03-04,Walk,5.484,77.23,86.42,83,,,,681,,38,2,0,No,,,2022,2022-03,Friday,18,Evening (17-20),Activity Log
a0460,2022-03-05,Run,15.113,87.77,87.77,0,,,,1875,,45,8,0,Yes,,,2022,2022-03,Saturday,17,Evening (17-20),Activity Log
a0461,2022-03-05,Walk,1.339,22.45,23.4,20.6,,,,166,,36,2,0,No,,,2022,2022-03,Saturday,20,Night (20-4),Activity Log
a0462,2022-03-06,Walk,1.825,9.72,20.5,32.5,,,,227,,35,0,0,No,,,2022,2022-03,Sunday,9,Morning (7-11),Activity Log
a0463,2022-03-06,Walk,3.353,61,83.75,39.6,,,,416,,34,0,0,No,,,2022,2022-03,Sunday,17,Evening (17-20),Activity Log
a0464,2022-03-06,Walk,0.399,9.4,62.85,10.9,,,,49,,29,0,0,No,,,2022,2022-03,Sunday,20,Night (20-4),Activity Log
a0465,2022-03-07,Walk,4.104,40.6,40.6,0,,,,509,,42,0,0,Yes,,,2022,2022-03,Monday,6,Early Morning (4-7),Activity Log
a0466,2022-03-07,Workout,0,54.82,54.82,0,,,,,,29,0,0,Yes,,,2022,2022-03,Monday,19,Evening (17-20),Activity Log
a0467,2022-03-07,Walk,4.725,69.9,107.82,34.6,,,,586,,27,0,0,No,,,2022,2022-03,Monday,21,Night (20-4),Activity Log
a0468,2022-03-08,Run,4.01,22.85,22.85,0,,,,498,,35,0,0,Yes,,,2022,2022-03,Tuesday,7,Morning (7-11),Activity Log
a0469,2022-03-08,Walk,0.824,19.95,107,12.5,,,,102,,29,0,0,No,,,2022,2022-03,Tuesday,19,Evening (17-20),Activity Log
a0470,2022-03-09,Walk,0.29,6.47,56.93,17.7,,,,36,,33,0,0,No,,,2022,2022-03,Wednesday,20,Night (20-4),Activity Log
a0471,2022-03-10,Workout,0,30.25,30.25,0,,,,,,30,1,0,Yes,,,2022,2022-03,Thursday,19,Evening (17-20),Activity Log
a0472,2022-03-11,Walk,0.821,13.87,80.98,6.5,,,,102,,31,0,0,No,,,2022,2022-03,Friday,19,Evening (17-20),Activity Log
a0473,2022-03-11,Workout,0,73.15,73.15,0,,,,,,25,4,0,Yes,,,2022,2022-03,Friday,20,Night (20-4),Activity Log
a0474,2022-03-12,Walk,0.2,1.9,19.43,0,,,,25,,29,0,0,No,,,2022,2022-03,Saturday,9,Morning (7-11),Activity Log
a0475,2022-03-12,Walk,0.691,10.52,13.7,4.2,,,,86,,34,1,0,No,,,2022,2022-03,Saturday,11,Midday (11-14),Activity Log
a0476,2022-03-12,Walk,4.422,71.7,72.83,67.2,,,,549,,38,10,0,No,,,2022,2022-03,Saturday,18,Evening (17-20),Activity Log
a0477,2022-03-12,Crossfit,0,25.77,25.77,0,,,,,,33,0,0,Yes,,,2022,2022-03,Saturday,19,Evening (17-20),Activity Log
a0478,2022-03-13,Workout,0,31.93,31.93,0,,,,,,25,4,0,Yes,,,2022,2022-03,Sunday,18,Evening (17-20),Activity Log
a0479,2022-03-15,Run,21.254,116.98,116.98,0,,,,2638,,45,15,0,Yes,,,2022,2022-03,Tuesday,18,Evening (17-20),Activity Log
a0480,2022-03-15,Workout,0,17.05,17.05,0,,,,,,24,0,0,Yes,,,2022,2022-03,Tuesday,20,Night (20-4),Activity Log
a0481,2022-03-16,Run,7.014,43.77,43.77,0,,,,870,,45,3,0,Yes,,,2022,2022-03,Wednesday,5,Early Morning (4-7),Activity Log
a0482,2022-03-17,Run,10.099,57.28,57.28,0,,,,1253,,40,0,0,Yes,,,2022,2022-03,Thursday,18,Evening (17-20),Activity Log
a0483,2022-03-17,Workout,0,15.1,15.1,0,,,,,,29,0,0,Yes,,,2022,2022-03,Thursday,20,Night (20-4),Activity Log
a0484,2022-03-18,Run,12.03,70.75,70.75,0,,,,1493,,33,1,0,Yes,,,2022,2022-03,Friday,18,Evening (17-20),Activity Log
a0485,2022-03-18,Workout,0,22.88,22.88,0,,,,,,24,0,0,Yes,,,2022,2022-03,Friday,20,Night (20-4),Activity Log
a0486,2022-03-18,Walk,2.748,71.6,78.37,15.6,,,,348,,33,0,0,No,,,2022,2022-03,Friday,23,Night (20-4),Activity Log
a0487,2022-03-19,Walk,5.42,88.47,96.6,82.6,,,,673,,45,1,0,No,,,2022,2022-03,Saturday,18,Evening (17-20),Activity Log
a0488,2022-03-19,Workout,0,20.18,20.18,0,,,,,,27,0,0,Yes,,,2022,2022-03,Saturday,20,Night (20-4),Activity Log
a0489,2022-03-22,Run,6.055,38.53,38.53,0,,,,751,,40,11,0,Yes,,,2022,2022-03,Tuesday,20,Night (20-4),Activity Log
a0490,2022-03-22,Workout,0,17.22,17.22,0,,,,,,26,1,0,Yes,,,2022,2022-03,Tuesday,21,Night (20-4),Activity Log
a0491,2022-03-23,Workout,0,22.08,22.08,0,,,,,,28,2,0,Yes,,,2022,2022-03,Wednesday,11,Midday (11-14),Activity Log
a0492,2022-03-24,Run,12.132,68.45,68.45,0,,,,1505,,32,10,0,Yes,,,2022,2022-03,Thursday,19,Evening (17-20),Activity Log
a0493,2022-03-24,Workout,0,28.15,28.15,0,,,,,,31,0,0,Yes,,,2022,2022-03,Thursday,21,Night (20-4),Activity Log
a0494,2022-03-25,Run,12.093,61.95,61.95,0,,,,1501,,44,3,0,Yes,,,2022,2022-03,Friday,20,Night (20-4),Activity Log
a0495,2022-03-25,Workout,0,26.28,26.28,0,,,,,,21,0,0,Yes,,,2022,2022-03,Friday,21,Night (20-4),Activity Log
a0496,2022-03-26,Run,12.071,64.9,64.9,0,,,,1498,,38,6,0,Yes,,,2022,2022-03,Saturday,6,Early Morning (4-7),Activity Log
a0497,2022-03-27,Walk,0.959,15.8,42.3,4.6,,,,119,,24,0,0,No,,,2022,2022-03,Sunday,2,Night (20-4),Activity Log
a0498,2022-03-27,Walk,3.349,48.3,48.3,10,,,,416,,41,1,0,No,,,2022,2022-03,Sunday,18,Evening (17-20),Activity Log
a0499,2022-03-28,Run,12.005,62,62,0,,,,1490,,41,3,0,Yes,,,2022,2022-03,Monday,5,Early Morning (4-7),Activity Log
a0500,2022-03-28,Workout,0,32.13,32.13,0,,,,,,28,0,0,Yes,,,2022,2022-03,Monday,7,Morning (7-11),Activity Log
a0501,2022-03-31,Walk,8.024,42.23,42.23,0,11.4,40.5,,996,7,30,2,0,Yes,,,2022,2022-03,Thursday,7,Morning (7-11),Activity Log
a0502,2022-03-31,Workout,0,44.43,44.43,0,,,,,3,29,1,0,Yes,,,2022,2022-03,Thursday,8,Morning (7-11),Activity Log
a0503,2022-03-31,Walk,2.201,30.32,30.32,23.8,4.36,8.16,,273,6,34,0,0,No,,,2022,2022-03,Thursday,20,Night (20-4),Activity Log
a0504,2022-04-01,Run,21.334,120.62,120.62,0,10.61,185.37,,2700,131,40,14,0,Yes,,,2022,2022-04,Friday,19,Evening (17-20),Activity Log
a0505,2022-04-01,Workout,0,15.8,15.8,0,,,,,2,23,0,0,Yes,,,2022,2022-04,Friday,21,Night (20-4),Activity Log
a0506,2022-04-02,Run,7.02,91.23,132.42,38.8,4.62,8.1,,879,17,42,3,0,No,,,2022,2022-04,Saturday,8,Morning (7-11),Activity Log
a0507,2022-04-02,Workout,0,22.03,22.03,0,,,,,2,31,2,0,Yes,,,2022,2022-04,Saturday,10,Morning (7-11),Activity Log
a0508,2022-04-03,Run,15.222,83.53,83.53,0,10.93,36.75,,1889,49,41,3,0,Yes,,,2022,2022-04,Sunday,6,Early Morning (4-7),Activity Log
a0509,2022-04-03,Walk,5.149,73.35,90.55,32.6,4.21,6.28,,652,12,45,2,0,No,,,2022,2022-04,Sunday,17,Evening (17-20),Activity Log
a0510,2022-04-04,Run,12.121,79.78,79.78,0,9.12,30.62,,1504,27,30,3,0,Yes,,,2022,2022-04,Monday,6,Early Morning (4-7),Activity Log
a0511,2022-04-04,Walk,4.997,73.25,95.9,33.8,4.09,7.78,,620,15,38,2,0,No,,,2022,2022-04,Monday,18,Evening (17-20),Activity Log
a0512,2022-04-04,Workout,0,15.6,15.6,0,,,,,1,23,0,0,Yes,,,2022,2022-04,Monday,20,Night (20-4),Activity Log
a0513,2022-04-05,Run,5.046,31.73,31.73,0,9.54,40.89,,626,5,38,0,0,Yes,,,2022,2022-04,Tuesday,6,Early Morning (4-7),Activity Log
a0514,2022-04-05,Workout,0,28.87,28.87,0,,,,,2,28,0,0,Yes,,,2022,2022-04,Tuesday,7,Morning (7-11),Activity Log
a0515,2022-04-05,Run,5.207,30.32,30.32,0,10.3,53.02,,646,6,34,0,0,Yes,,,2022,2022-04,Tuesday,19,Evening (17-20),Activity Log
a0516,2022-04-06,Run,10.035,54.67,54.67,0,11.01,37.92,,1245,146,43,1,0,Yes,,,2022,2022-04,Wednesday,7,Morning (7-11),Activity Log
a0517,2022-04-06,Workout,0,15.12,15.12,0,,,,,3,31,0,0,Yes,,,2022,2022-04,Wednesday,8,Morning (7-11),Activity Log
a0518,2022-04-06,Walk,8.94,114.28,120.42,112.3,4.69,9.19,,1131,43,53,4,0,No,,,2022,2022-04,Wednesday,17,Evening (17-20),Activity Log
a0519,2022-04-07,Run,7.114,42.32,42.32,0,10.09,34.2,,883,7,41,0,0,Yes,,,2022,2022-04,Thursday,6,Early Morning (4-7),Activity Log
a0520,2022-04-07,Workout,0,15.2,15.2,0,,,,,2,35,0,0,Yes,,,2022,2022-04,Thursday,7,Morning (7-11),Activity Log
a0521,2022-04-07,Walk,0.804,11.82,14.05,25,4.08,5.96,,100,3,27,0,0,No,,,2022,2022-04,Thursday,18,Evening (17-20),Activity Log
a0522,2022-04-08,Walk,4.615,50.6,88.22,49.3,5.47,6.27,,573,9,40,2,0,No,,,2022,2022-04,Friday,18,Evening (17-20),Activity Log
a0523,2022-04-09,Workout,0,76.52,76.52,0,,,,,14,24,4,0,Yes,,,2022,2022-04,Saturday,9,Morning (7-11),Activity Log
a0524,2022-04-09,Walk,3.672,65.2,74.43,74.1,3.38,21.54,,456,11,42,5,0,No,,,2022,2022-04,Saturday,17,Evening (17-20),Activity Log
a0525,2022-04-10,Run,18.054,93.33,93.33,0,11.61,56.93,,2240,15,43,10,0,Yes,,,2022,2022-04,Sunday,5,Early Morning (4-7),Activity Log
a0526,2022-04-10,Walk,3.639,49.77,49.77,48.5,4.39,6.78,,452,9,37,3,0,No,,,2022,2022-04,Sunday,18,Evening (17-20),Activity Log
a0527,2022-04-11,Run,8.056,56.2,56.2,0,8.6,69.46,,1000,79,39,6,0,Yes,,,2022,2022-04,Monday,20,Night (20-4),Activity Log
a0528,2022-04-11,Workout,0,21.18,21.18,0,,,,,2,26,0,0,Yes,,,2022,2022-04,Monday,21,Night (20-4),Activity Log
a0529,2022-04-12,Run,12.114,77.57,77.57,0,9.37,39.43,,1503,14,43,3,0,Yes,,,2022,2022-04,Tuesday,18,Evening (17-20),Activity Log
a0530,2022-04-12,Workout,0,16.53,16.53,0,,,,,1,30,0,0,Yes,,,2022,2022-04,Tuesday,20,Night (20-4),Activity Log
a0531,2022-04-13,Run,12.447,75.88,75.88,0,9.84,43.85,,1545,20,41,5,0,Yes,,,2022,2022-04,Wednesday,20,Night (20-4),Activity Log
a0532,2022-04-13,Workout,0,15.37,15.37,0,,,,,2,35,2,0,Yes,,,2022,2022-04,Wednesday,21,Night (20-4),Activity Log
a0533,2022-04-14,Run,12.024,74.17,74.17,0,9.73,5.1,,1492,12,34,0,0,Yes,,,2022,2022-04,Thursday,21,Night (20-4),Activity Log
a0534,2022-04-14,Workout,0,16.03,16.03,0,,,,,1,23,0,0,Yes,,,2022,2022-04,Thursday,22,Night (20-4),Activity Log
a0535,2022-04-16,Walk,2.123,23.7,27.4,0,5.37,45.52,,263,3,32,0,0,No,,,2022,2022-04,Saturday,12,Midday (11-14),Activity Log
a0536,2022-04-17,Walk,11.41,153.85,172.45,151.6,4.45,6.31,,1416,31,54,5,0,No,,,2022,2022-04,Sunday,7,Morning (7-11),Activity Log
a0537,2022-04-17,Walk,3.292,49.33,51.52,16.3,4,31.85,47.9,409,,42,1,0,No,,,2022,2022-04,Sunday,18,Evening (17-20),Activity Log
a0538,2022-04-18,Walk,1.451,19.58,19.58,0,4.45,5.72,,180,3,35,4,0,No,,,2022,2022-04,Monday,8,Morning (7-11),Activity Log
a0539,2022-04-19,Walk,6.484,87.45,113,46.3,4.45,10.81,,805,13,54,0,0,No,,,2022,2022-04,Tuesday,18,Evening (17-20),Activity Log
a0540,2022-04-20,Run,6.021,32.73,32.73,0,11.04,37.19,,747,7,47,0,0,Yes,,,2022,2022-04,Wednesday,7,Morning (7-11),Activity Log
a0541,2022-04-20,Workout,0,16.83,16.83,0,,,,,3,31,0,0,Yes,,,2022,2022-04,Wednesday,8,Morning (7-11),Activity Log
a0542,2022-04-20,Run,5.247,38.28,38.28,0,8.22,72.75,,651,16,45,2,0,Yes,,,2022,2022-04,Wednesday,19,Evening (17-20),Activity Log
a0543,2022-04-21,Run,12.113,68.15,68.15,0,10.66,143.57,,1503,32,51,0,0,Yes,,,2022,2022-04,Thursday,6,Early Morning (4-7),Activity Log
a0544,2022-04-21,Workout,0,16.83,16.83,0,,,,,4,36,0,0,Yes,,,2022,2022-04,Thursday,7,Morning (7-11),Activity Log
a0545,2022-04-21,Run,5.106,27.87,27.87,0,10.99,79.8,,634,5,38,1,0,Yes,,,2022,2022-04,Thursday,20,Night (20-4),Activity Log
a0546,2022-04-22,Run,12.065,53.28,53.28,0,13.59,40.72,,1497,19,45,5,0,Yes,,,2022,2022-04,Friday,7,Morning (7-11),Activity Log
a0547,2022-04-22,Workout,0,25.45,25.45,0,,,,,3,28,0,0,Yes,,,2022,2022-04,Friday,8,Morning (7-11),Activity Log
a0548,2022-04-22,Walk,2.359,35.15,36.33,17.5,4.03,7.16,,293,6,33,2,0,No,,,2022,2022-04,Friday,19,Evening (17-20),Activity Log
a0549,2022-04-23,Run,5.011,35.83,35.83,0,8.39,54.87,,622,6,40,0,0,Yes,,,2022,2022-04,Saturday,23,Night (20-4),Activity Log
a0550,2022-04-23,Workout,0,17.17,17.17,0,,,,,2,27,0,0,Yes,,,2022,2022-04,Saturday,23,Night (20-4),Activity Log
a0551,2022-04-24,Run,12.126,60.02,60.02,0,12.12,42.43,,1505,46,48,4,0,Yes,,,2022,2022-04,Sunday,8,Morning (7-11),Activity Log
a0552,2022-04-24,Workout,0,16.58,16.58,0,,,,,4,32,0,0,Yes,,,2022,2022-04,Sunday,9,Morning (7-11),Activity Log
a0553,2022-04-24,Run,10.099,60.05,60.05,0,10.09,47.63,,1253,12,41,2,0,Yes,,,2022,2022-04,Sunday,19,Evening (17-20),Activity Log
a0554,2022-04-25,Run,20.2,130.2,130.2,0,9.31,78.84,,2507,446,36,0,0,Yes,,,2022,2022-04,Monday,18,Evening (17-20),Activity Log
a0555,2022-04-25,Workout,0,38.68,38.68,0,,,,,7,21,0,0,Yes,,,2022,2022-04,Monday,20,Night (20-4),Activity Log
a0556,2022-04-26,Walk,6.507,94.42,123.12,46,4.13,8.63,,807,19,47,0,0,No,,,2022,2022-04,Tuesday,9,Morning (7-11),Activity Log
a0557,2022-04-26,Run,20.014,102,102,0,11.77,175.2,,2484,20,44,7,0,Yes,,,2022,2022-04,Tuesday,19,Evening (17-20),Activity Log
a0558,2022-04-26,Workout,0,17.25,17.25,0,,,,,2,31,0,0,Yes,,,2022,2022-04,Tuesday,21,Night (20-4),Activity Log
a0559,2022-04-27,Run,10.037,49.8,49.8,0,12.09,36.98,,1246,13,50,2,0,Yes,,,2022,2022-04,Wednesday,6,Early Morning (4-7),Activity Log
a0560,2022-04-27,Workout,0,20.6,20.6,0,,,,,2,37,0,0,Yes,,,2022,2022-04,Wednesday,7,Morning (7-11),Activity Log
a0561,2022-04-27,Walk,1.013,11.23,11.6,9,5.41,26.66,50.2,126,,38,0,0,No,,,2022,2022-04,Wednesday,8,Morning (7-11),Activity Log
a0562,2022-04-27,Walk,2.284,32.58,33.48,25.6,4.21,7.22,,283,9,31,0,0,No,,,2022,2022-04,Wednesday,17,Evening (17-20),Activity Log
a0563,2022-04-27,Run,10.106,46.67,46.67,0,12.99,155.14,,1254,9,39,1,0,Yes,,,2022,2022-04,Wednesday,20,Night (20-4),Activity Log
a0564,2022-04-28,Run,20.152,89.23,89.23,0,13.55,28.09,,2501,17,29,3,0,Yes,,,2022,2022-04,Thursday,21,Night (20-4),Activity Log
a0565,2022-04-28,Workout,0,16,16,0,,,,,3,24,2,0,Yes,,,2022,2022-04,Thursday,23,Night (20-4),Activity Log
a0566,2022-04-29,Run,15.298,73.8,73.8,0,12.44,10.34,,1898,17,33,4,0,Yes,,,2022,2022-04,Friday,20,Night (20-4),Activity Log
a0567,2022-04-29,Workout,0,15,15,0,,,,,1,19,0,0,Yes,,,2022,2022-04,Friday,21,Night (20-4),Activity Log
a0568,2022-05-01,Run,42.748,176.73,176.73,0,14.51,41.84,,5305,705,46,20,0,Yes,,,2022,2022-05,Sunday,7,Morning (7-11),Activity Log
a0569,2022-05-02,Walk,0.607,8.93,19.75,5.1,4.08,5.44,,75,1,30,0,0,No,,,2022,2022-05,Monday,14,Afternoon (14-17),Activity Log
a0570,2022-05-03,Run,12.018,58.13,58.13,0,12.4,106.26,,1491,238,39,4,0,Yes,,,2022,2022-05,Tuesday,3,Night (20-4),Activity Log
a0571,2022-05-03,Walk,2.525,53.78,74.03,8.3,2.82,5.55,,313,10,30,4,0,No,,,2022,2022-05,Tuesday,17,Evening (17-20),Activity Log
a0572,2022-05-03,Walk,0.594,8.22,8.22,5.4,4.34,5.53,,74,1,32,1,0,No,,,2022,2022-05,Tuesday,19,Evening (17-20),Activity Log
a0573,2022-05-05,Run,17.014,90.47,90.47,0,11.28,35.18,,2111,38,47,8,0,Yes,,,2022,2022-05,Thursday,20,Night (20-4),Activity Log
a0574,2022-05-07,Walk,10.173,142.12,159.83,60.5,4.29,7.71,,1287,31,30,14,0,No,,,2022,2022-05,Saturday,17,Evening (17-20),Activity Log
a0575,2022-05-08,Run,21.692,110.07,110.07,0,11.83,34.21,,2692,31,40,11,0,Yes,,,2022,2022-05,Sunday,7,Morning (7-11),Activity Log
a0576,2022-05-08,Walk,1.338,17.9,17.9,11.6,4.49,6.39,,166,3,33,1,0,No,,,2022,2022-05,Sunday,18,Evening (17-20),Activity Log
a0577,2022-05-09,Run,10.124,55.03,55.03,0,11.04,71.36,,1256,88,54,5,0,Yes,,,2022,2022-05,Monday,4,Early Morning (4-7),Activity Log
a0578,2022-05-10,Run,11.56,60.03,60.03,0,11.55,56.12,,1435,258,41,2,0,Yes,,,2022,2022-05,Tuesday,6,Early Morning (4-7),Activity Log
a0579,2022-05-10,Walk,1.813,27.85,28.18,16.5,3.91,5.33,,225,7,40,0,0,No,,,2022,2022-05,Tuesday,22,Night (20-4),Activity Log
a0580,2022-05-11,Run,10.139,50.88,50.88,0,11.96,138.11,,1258,9,49,0,0,Yes,,,2022,2022-05,Wednesday,19,Evening (17-20),Activity Log
a0581,2022-05-12,Run,10.033,51.33,51.33,0,11.73,54.98,,1245,9,46,0,0,Yes,,,2022,2022-05,Thursday,7,Morning (7-11),Activity Log
a0582,2022-05-13,Run,10.079,59.83,59.83,0,10.11,46.96,,1251,11,47,3,0,Yes,,,2022,2022-05,Friday,16,Afternoon (14-17),Activity Log
a0583,2022-05-14,Walk,6.963,98.08,123.92,664.9,4.26,10.09,,881,25,45,4,0,No,,,2022,2022-05,Saturday,7,Morning (7-11),Activity Log
a0584,2022-05-14,Walk,9.114,130.2,158.28,126,4.2,11.54,,1131,81,54,2,0,No,,,2022,2022-05,Saturday,9,Morning (7-11),Activity Log
a0585,2022-05-16,Run,7.007,41.55,41.55,0,10.12,41.56,,818,7,44,4,0,Yes,,,2022,2022-05,Monday,10,Morning (7-11),Activity Log
a0586,2022-05-16,Run,10.219,57.1,57.1,0,10.74,45.29,,1193,15,44,5,0,Yes,,,2022,2022-05,Monday,18,Evening (17-20),Activity Log
a0587,2022-05-17,Run,7.608,49.57,49.57,0,9.21,112.76,,888,100,43,3,0,Yes,,,2022,2022-05,Tuesday,16,Afternoon (14-17),Activity Log
a0588,2022-05-18,Walk,2.818,39.02,40.4,30.9,4.33,6.13,,329,13,29,0,0,No,,,2022,2022-05,Wednesday,17,Evening (17-20),Activity Log
a0589,2022-05-18,Run,22.457,120,120,0,11.23,242.31,,2621,33,50,10,0,Yes,,,2022,2022-05,Wednesday,18,Evening (17-20),Activity Log
a0590,2022-05-19,Run,5.283,29.03,29.03,0,10.92,39.52,,617,7,30,1,0,Yes,,,2022,2022-05,Thursday,20,Night (20-4),Activity Log
a0591,2022-05-19,Run,5.02,25.95,25.95,0,11.61,45.36,,586,12,35,2,0,Yes,,,2022,2022-05,Thursday,21,Night (20-4),Activity Log
a0592,2022-05-20,Walk,3.222,40.42,40.42,12.8,4.78,7.07,,376,8,31,0,0,No,,,2022,2022-05,Friday,15,Afternoon (14-17),Activity Log
a0593,2022-05-20,Walk,5.513,80.43,81.35,9.6,4.11,6.97,,698,15,39,0,0,No,,,2022,2022-05,Friday,17,Evening (17-20),Activity Log
a0594,2022-05-21,Run,10.332,52.37,52.37,0,11.84,43,,1206,19,42,0,0,Yes,,,2022,2022-05,Saturday,10,Morning (7-11),Activity Log
a0595,2022-05-21,Workout,0,28.72,28.72,0,,,,,5,31,0,0,Yes,,,2022,2022-05,Saturday,11,Midday (11-14),Activity Log
a0596,2022-05-21,Run,5.198,25.28,25.28,0,12.34,90.26,,607,90,43,2,0,Yes,,,2022,2022-05,Saturday,19,Evening (17-20),Activity Log
a0597,2022-05-21,Walk,5.071,28.8,28.8,0,10.56,72.47,,592,6,40,1,0,Yes,,,2022,2022-05,Saturday,19,Evening (17-20),Activity Log
a0598,2022-05-22,Walk,2.584,34.95,34.95,11.6,4.44,7.28,,302,6,30,2,0,No,,,2022,2022-05,Sunday,17,Evening (17-20),Activity Log
a0599,2022-05-22,Walk,1.778,23.67,25.27,22.7,4.51,6.29,,207,5,35,0,0,No,,,2022,2022-05,Sunday,18,Evening (17-20),Activity Log
a0600,2022-05-22,Walk,3.042,41.07,42.2,13.3,4.44,6.19,,355,9,33,0,0,No,,,2022,2022-05,Sunday,20,Night (20-4),Activity Log
a0601,2022-05-23,Run,15.068,82.18,82.18,0,11,60.11,,1759,19,44,4,0,Yes,,,2022,2022-05,Monday,5,Early Morning (4-7),Activity Log
a0602,2022-05-24,Run,12.153,69.87,69.87,0,10.44,59.07,,1419,14,41,5,0,Yes,,,2022,2022-05,Tuesday,5,Early Morning (4-7),Activity Log
a0603,2022-05-24,Walk,5.979,88,106.28,43.1,4.08,7.75,,698,15,47,5,0,No,,,2022,2022-05,Tuesday,17,Evening (17-20),Activity Log
a0604,2022-05-25,Run,12.127,68.37,68.37,0,10.64,71.87,,1415,47,44,3,0,Yes,,,2022,2022-05,Wednesday,5,Early Morning (4-7),Activity Log
a0605,2022-05-26,Run,12.166,61.78,61.78,0,11.82,101.36,,1420,12,27,3,0,Yes,,,2022,2022-05,Thursday,5,Early Morning (4-7),Activity Log
a0606,2022-05-27,Run,12.094,73.73,73.73,0,9.84,42.85,,1412,30,29,0,0,Yes,,,2022,2022-05,Friday,4,Early Morning (4-7),Activity Log
a0607,2022-05-28,Run,21.705,105.42,105.42,0,12.35,115.66,,2533,41,30,9,0,Yes,,,2022,2022-05,Saturday,6,Early Morning (4-7),Activity Log
a0608,2022-05-31,Run,12.304,64.57,64.57,0,11.43,118.23,,1436,131,43,3,0,Yes,,,2022,2022-05,Tuesday,5,Early Morning (4-7),Activity Log
a0609,2022-06-01,Run,21.232,103.73,103.73,0,12.28,39.84,,2478,30,40,14,0,Yes,,,2022,2022-06,Wednesday,5,Early Morning (4-7),Activity Log
a0610,2022-06-02,Run,10.107,48.68,48.68,0,12.46,49.91,,1180,189,50,3,0,Yes,,,2022,2022-06,Thursday,7,Morning (7-11),Activity Log
a0611,2022-06-03,Walk,1.212,21.77,22.57,0,3.34,6.83,44.5,141,,30,1,0,No,,,2022,2022-06,Friday,11,Midday (11-14),Activity Log
a0612,2022-06-03,Walk,2.003,33.35,34.57,9.7,3.6,19.42,46.3,234,,33,3,0,No,,,2022,2022-06,Friday,13,Midday (11-14),Activity Log
a0613,2022-06-03,Walk,1.721,32.48,34.13,4.9,3.18,9.28,,201,5,24,15,0,No,,,2022,2022-06,Friday,17,Evening (17-20),Activity Log
a0614,2022-06-03,Walk,5.137,71.17,72.52,20.4,4.33,7.85,,600,25,37,0,0,No,,,2022,2022-06,Friday,19,Evening (17-20),Activity Log
a0615,2022-06-03,Walk,1.444,23.17,24.37,3.7,3.74,19.45,45.5,169,,24,1,0,No,,,2022,2022-06,Friday,22,Night (20-4),Activity Log
a0616,2022-06-04,Walk,1.906,28.45,29.98,10.6,4.02,27.07,,222,4,10,3,0,No,,,2022,2022-06,Saturday,10,Morning (7-11),Activity Log
a0617,2022-06-08,Run,5.038,25.87,25.87,0,11.69,37.95,,588,33,35,3,0,Yes,,,2022,2022-06,Wednesday,6,Early Morning (4-7),Activity Log
a0618,2022-06-09,Run,5.027,29.47,29.47,0,10.24,52.78,,587,5,38,7,0,Yes,,,2022,2022-06,Thursday,23,Night (20-4),Activity Log
a0619,2022-06-10,Run,20.052,115.17,115.17,0,10.45,55.36,,2341,48,50,11,0,Yes,,,2022,2022-06,Friday,4,Early Morning (4-7),Activity Log
a0620,2022-06-11,Run,21.376,103.3,103.3,0,12.42,199.51,,2495,410,60,8,0,Yes,,,2022,2022-06,Saturday,10,Morning (7-11),Activity Log
a0621,2022-06-12,Walk,5.734,76.25,80.73,36.5,4.51,9.45,,669,14,44,0,0,No,,,2022,2022-06,Sunday,17,Evening (17-20),Activity Log
a0622,2022-06-12,Run,20.136,104.32,104.32,0,11.58,32.19,,2350,20,48,6,0,Yes,,,2022,2022-06,Sunday,19,Evening (17-20),Activity Log
a0623,2022-06-13,Run,10.597,54.98,54.98,0,11.56,112.12,,1237,85,44,4,0,Yes,,,2022,2022-06,Monday,22,Night (20-4),Activity Log
a0624,2022-06-14,Run,20.267,105.1,105.1,0,11.57,103.17,,2366,21,45,15,0,Yes,,,2022,2022-06,Tuesday,20,Night (20-4),Activity Log
a0625,2022-06-16,Walk,0.739,10.72,10.97,25,4.14,5.95,,86,2,26,0,0,No,,,2022,2022-06,Thursday,16,Afternoon (14-17),Activity Log
a0626,2022-06-17,Walk,5.012,75.45,87.95,72.7,3.99,8.05,,634,11,36,3,0,No,,,2022,2022-06,Friday,14,Afternoon (14-17),Activity Log
a0627,2022-06-18,Run,10.018,52.62,52.62,0,11.42,57.49,,1169,93,48,2,0,Yes,,,2022,2022-06,Saturday,4,Early Morning (4-7),Activity Log
a0628,2022-06-20,Run,10.042,55.93,55.93,0,10.77,39.14,,1172,13,35,2,0,Yes,,,2022,2022-06,Monday,21,Night (20-4),Activity Log
a0629,2022-06-20,Run,3.319,18.17,18.17,0,10.96,10.9,,387,4,31,0,0,Yes,,,2022,2022-06,Monday,22,Night (20-4),Activity Log
a0630,2022-06-21,Walk,5.064,72.08,75.67,106,4.22,8.88,,591,35,54,2,0,No,,,2022,2022-06,Tuesday,17,Evening (17-20),Activity Log
a0631,2022-06-21,Run,12.036,60.62,60.62,0,11.91,88.72,,1405,25,52,0,0,Yes,,,2022,2022-06,Tuesday,20,Night (20-4),Activity Log
a0632,2022-06-22,Walk,8.321,125.8,134.1,163.2,3.97,7.52,,971,25,51,8,0,No,,,2022,2022-06,Wednesday,17,Evening (17-20),Activity Log
a0633,2022-06-22,Run,10.505,57.87,57.87,0,10.89,38.16,,1226,10,27,2,0,Yes,,,2022,2022-06,Wednesday,23,Night (20-4),Activity Log
a0634,2022-06-23,Hike,11.317,205.27,262.07,1425.4,3.31,11.01,,1321,106,37,2,0,No,,,2022,2022-06,Thursday,7,Morning (7-11),Activity Log
a0635,2022-06-23,TrailRun,1.056,7.7,66.92,175.7,8.22,21.62,37.3,244,,26,0,0,No,,,2022,2022-06,Thursday,12,Midday (11-14),Activity Log
a0636,2022-06-23,Hike,0.726,14.55,15.75,11,2.99,10.25,,85,0,19,2,0,No,,,2022,2022-06,Thursday,13,Midday (11-14),Activity Log
a0637,2022-06-24,Run,21.204,112.72,112.72,0,11.29,55.89,,2475,59,41,7,0,Yes,,,2022,2022-06,Friday,4,Early Morning (4-7),Activity Log
a0638,2022-06-24,Walk,3.184,50.35,50.35,82.6,3.79,5.9,,372,10,32,4,0,No,,,2022,2022-06,Friday,18,Evening (17-20),Activity Log
a0639,2022-06-26,Walk,6.624,98.35,98.98,165.4,4.04,6.43,,773,18,39,10,0,No,,,2022,2022-06,Sunday,17,Evening (17-20),Activity Log
a0640,2022-06-26,Run,10.05,61.45,61.45,0,9.81,125.38,,1173,206,32,2,0,Yes,,,2022,2022-06,Sunday,20,Night (20-4),Activity Log
a0641,2022-06-26,Run,10.184,55.77,55.77,0,10.96,74,,1189,9,37,1,0,Yes,,,2022,2022-06,Sunday,21,Night (20-4),Activity Log
a0642,2022-06-28,Walk,3.24,51.05,51.05,82.6,3.81,8.25,,378,10,35,1,0,No,,,2022,2022-06,Tuesday,18,Evening (17-20),Activity Log
a0643,2022-06-28,Run,19.305,112.3,112.3,0,10.31,127.53,,2253,20,47,5,0,Yes,,,2022,2022-06,Tuesday,21,Night (20-4),Activity Log
a0644,2022-06-29,Run,10.2,50.02,50.02,0,12.24,88.2,,1191,115,46,0,0,Yes,,,2022,2022-06,Wednesday,6,Early Morning (4-7),Activity Log
a0645,2022-06-29,Run,20.062,112.57,112.57,0,10.69,42.13,,2342,22,41,0,0,Yes,,,2022,2022-06,Wednesday,19,Evening (17-20),Activity Log
a0646,2022-06-30,Run,17.032,76.52,76.52,0,13.36,79.17,,1988,17,46,0,0,Yes,,,2022,2022-06,Thursday,6,Early Morning (4-7),Activity Log
a0647,2022-06-30,Run,12.224,59.75,59.75,0,12.28,52.6,,1427,27,39,4,0,Yes,,,2022,2022-06,Thursday,17,Evening (17-20),Activity Log
a0648,2022-07-02,Run,30.031,150.92,150.92,0,11.94,74.17,,3505,238,42,13,0,Yes,,,2022,2022-07,Saturday,9,Morning (7-11),Activity Log
a0649,2022-07-03,Walk,10.07,140.62,144.83,78.6,4.3,6.32,,1175,30,48,5,0,No,,,2022,2022-07,Sunday,17,Evening (17-20),Activity Log
a0650,2022-07-04,Run,11.155,53.13,53.13,0,12.6,90.46,,1302,11,51,2,0,Yes,,,2022,2022-07,Monday,18,Evening (17-20),Activity Log
a0651,2022-07-05,Run,11.387,54.05,54.05,0,12.64,83.46,,1329,196,47,0,0,Yes,,,2022,2022-07,Tuesday,7,Morning (7-11),Activity Log
a0652,2022-07-06,Run,6.119,30.52,30.52,0,12.03,42.04,,714,104,38,0,0,Yes,,,2022,2022-07,Wednesday,6,Early Morning (4-7),Activity Log
a0653,2022-07-07,Run,8.579,53.95,53.95,0,9.54,91.4,,1001,131,46,0,0,Yes,,,2022,2022-07,Thursday,4,Early Morning (4-7),Activity Log
a0654,2022-07-07,Walk,11.371,113.72,127.78,138.4,6,9.93,,1327,297,85,2,0,No,,,2022,2022-07,Thursday,6,Early Morning (4-7),Activity Log
a0655,2022-07-07,Run,7.085,34.17,34.17,0,12.44,75.37,,827,7,41,0,0,Yes,,,2022,2022-07,Thursday,20,Night (20-4),Activity Log
a0656,2022-07-09,Run,10.042,50.8,50.8,0,11.86,40.48,,1172,11,46,2,0,Yes,,,2022,2022-07,Saturday,5,Early Morning (4-7),Activity Log
a0657,2022-07-09,Walk,0.999,15.98,23.53,33,3.75,5.77,,126,3,38,0,0,No,,,2022,2022-07,Saturday,16,Afternoon (14-17),Activity Log
a0658,2022-07-10,Run,10.025,49.68,49.68,0,12.11,42.4,,1170,191,50,0,0,Yes,,,2022,2022-07,Sunday,6,Early Morning (4-7),Activity Log
a0659,2022-07-10,Walk,0.909,15.85,17.42,0,3.44,5.72,,106,5,30,0,0,No,,,2022,2022-07,Sunday,18,Evening (17-20),Activity Log
a0660,2022-07-11,Walk,5.036,74.45,80.8,47,4.06,7.36,,588,11,42,0,0,No,,,2022,2022-07,Monday,11,Midday (11-14),Activity Log
a0661,2022-07-11,Walk,6.314,100.88,143.38,107,3.76,8.85,,799,17,38,0,0,No,,,2022,2022-07,Monday,13,Midday (11-14),Activity Log
a0662,2022-07-12,Run,10.071,51.23,51.23,0,11.79,42.44,,1176,193,43,3,0,Yes,,,2022,2022-07,Tuesday,6,Early Morning (4-7),Activity Log
a0663,2022-07-13,Run,20.097,111.18,111.18,0,10.85,133.76,,2346,19,49,0,0,Yes,,,2022,2022-07,Wednesday,6,Early Morning (4-7),Activity Log
a0664,2022-07-13,Walk,4.009,65.55,66.47,99.2,3.67,8,,468,14,40,3,0,No,,,2022,2022-07,Wednesday,18,Evening (17-20),Activity Log
a0665,2022-07-14,Run,15.115,86.28,86.28,0,10.51,57.03,,1764,32,41,2,0,Yes,,,2022,2022-07,Thursday,5,Early Morning (4-7),Activity Log
a0666,2022-07-14,Walk,2.036,23.6,52.32,37.3,5.18,32.43,,238,3,39,0,0,No,,,2022,2022-07,Thursday,12,Midday (11-14),Activity Log
a0667,2022-07-15,Run,5.082,27.4,27.4,0,11.13,43.44,,593,4,33,0,0,Yes,,,2022,2022-07,Friday,22,Night (20-4),Activity Log
a0668,2022-07-15,Run,5.147,33.72,33.72,0,9.16,18.73,,601,5,38,0,0,Yes,,,2022,2022-07,Friday,22,Night (20-4),Activity Log
a0669,2022-07-16,Run,10.209,46.67,46.67,0,13.13,76.09,,1192,13,41,0,0,Yes,,,2022,2022-07,Saturday,7,Morning (7-11),Activity Log
a0670,2022-07-16,Walk,6.402,100.42,127.67,149.4,3.83,9.59,,747,18,51,2,0,No,,,2022,2022-07,Saturday,18,Evening (17-20),Activity Log
a0671,2022-07-17,Walk,1.004,17.28,19.68,13.2,3.49,10.31,44.4,117,,41,0,0,No,,,2022,2022-07,Sunday,19,Evening (17-20),Activity Log
a0672,2022-07-17,Run,5.576,26.67,26.67,0,12.55,13.77,,651,5,46,1,0,Yes,,,2022,2022-07,Sunday,22,Night (20-4),Activity Log
a0673,2022-07-19,Run,15.023,91.48,91.48,0,9.85,62.47,,1754,253,50,2,0,Yes,,,2022,2022-07,Tuesday,6,Early Morning (4-7),Activity Log
a0674,2022-07-19,Walk,1.799,31.28,35.48,50.1,3.45,7.01,,210,6,47,2,0,No,,,2022,2022-07,Tuesday,9,Morning (7-11),Activity Log
a0675,2022-07-20,Walk,1.027,18.87,18.87,7.1,3.27,7.48,41.9,120,,56,2,0,No,,,2022,2022-07,Wednesday,1,Night (20-4),Activity Log
a0676,2022-07-23,Walk,1.033,12.75,12.75,26.2,4.86,39.09,,121,2,44,0,0,No,,,2022,2022-07,Saturday,12,Midday (11-14),Activity Log
a0677,2022-07-23,Walk,1.224,19.63,23.17,25,3.74,6.51,,143,4,50,0,0,No,,,2022,2022-07,Saturday,12,Midday (11-14),Activity Log
a0678,2022-07-23,Walk,6.271,96.7,140.17,98.9,3.89,7.38,,732,18,58,0,0,No,,,2022,2022-07,Saturday,12,Midday (11-14),Activity Log
a0679,2022-07-25,Run,10.058,70.7,70.7,0,8.54,150.57,,1174,39,53,0,0,Yes,,,2022,2022-07,Monday,6,Early Morning (4-7),Activity Log
a0680,2022-07-25,Run,10.063,50.33,50.33,0,12,197.96,,1175,15,36,2,0,Yes,,,2022,2022-07,Monday,19,Evening (17-20),Activity Log
a0681,2022-07-26,Run,10.141,52.37,52.37,0,11.62,18.69,,1184,15,40,0,0,Yes,,,2022,2022-07,Tuesday,5,Early Morning (4-7),Activity Log
a0682,2022-07-26,Run,10.148,40.9,40.9,0,14.89,76.35,,1185,9,42,0,0,Yes,,,2022,2022-07,Tuesday,19,Evening (17-20),Activity Log
a0683,2022-07-27,Run,10.355,50.88,50.88,0,12.21,119.1,,1209,17,40,0,0,Yes,,,2022,2022-07,Wednesday,7,Morning (7-11),Activity Log
a0684,2022-07-27,Run,10.099,53.37,53.37,0,11.35,42.18,,1179,10,41,0,0,Yes,,,2022,2022-07,Wednesday,18,Evening (17-20),Activity Log
a0685,2022-07-28,Run,10.329,54.67,54.67,0,11.34,95.5,,1206,10,47,1,0,Yes,,,2022,2022-07,Thursday,5,Early Morning (4-7),Activity Log
a0686,2022-07-28,Run,10.028,58.3,58.3,0,10.32,63.8,,1171,11,42,2,0,Yes,,,2022,2022-07,Thursday,20,Night (20-4),Activity Log
a0687,2022-07-29,Run,10.075,48.48,48.48,0,12.47,40.13,,1176,146,43,2,0,Yes,,,2022,2022-07,Friday,4,Early Morning (4-7),Activity Log
a0688,2022-07-29,Run,10.197,49.07,49.07,0,12.47,14.55,,1190,133,35,0,0,Yes,,,2022,2022-07,Friday,21,Night (20-4),Activity Log
a0689,2022-07-30,Run,7.753,48.73,48.73,0,9.55,13.83,,905,22,50,0,0,Yes,,,2022,2022-07,Saturday,8,Morning (7-11),Activity Log
a0690,2022-07-30,Walk,5.092,69.93,80.93,36.7,4.37,7.67,,594,14,41,0,0,No,,,2022,2022-07,Saturday,9,Morning (7-11),Activity Log
a0691,2022-07-30,Run,10.813,46.67,46.67,0,13.9,103.03,,1262,60,47,3,0,Yes,,,2022,2022-07,Saturday,18,Evening (17-20),Activity Log
a0692,2022-07-31,Walk,10.222,120.85,124.6,82.3,5.08,7.09,,1193,26,56,1,0,No,,,2022,2022-07,Sunday,6,Early Morning (4-7),Activity Log
a0693,2022-08-01,Run,11.095,51.53,51.53,0,12.92,112.77,,1295,9,53,6,0,Yes,,,2022,2022-08,Monday,20,Night (20-4),Activity Log
a0694,2022-08-03,Run,3.028,15.05,15.05,0,12.07,57.76,,353,40,37,0,0,Yes,,,2022,2022-08,Wednesday,7,Morning (7-11),Activity Log
a0695,2022-08-03,Run,8.001,46.83,46.83,0,10.25,38.66,,934,40,37,0,0,Yes,,,2022,2022-08,Wednesday,20,Night (20-4),Activity Log
a0696,2022-08-05,Run,10.04,52.42,52.42,0,11.49,69.58,,1172,198,49,1,0,Yes,,,2022,2022-08,Friday,19,Evening (17-20),Activity Log
a0697,2022-08-05,Run,5.037,24.5,24.5,0,12.33,62.29,,588,49,41,0,0,Yes,,,2022,2022-08,Friday,21,Night (20-4),Activity Log
a0698,2022-08-10,Run,5.194,24.4,24.4,0,12.77,13.57,,606,99,50,1,0,Yes,,,2022,2022-08,Wednesday,7,Morning (7-11),Activity Log
a0699,2022-08-10,Run,23.076,120.32,120.32,0,11.51,65.21,,2694,21,63,8,0,Yes,,,2022,2022-08,Wednesday,20,Night (20-4),Activity Log
a0700,2022-08-12,Run,24.106,121.7,121.7,0,11.88,83.56,,2814,26,50,5,0,Yes,,,2022,2022-08,Friday,5,Early Morning (4-7),Activity Log
a0701,2022-08-13,Run,22.052,121.07,121.07,0,10.93,24.49,,2574,117,49,6,0,Yes,,,2022,2022-08,Saturday,5,Early Morning (4-7),Activity Log
a0702,2022-08-14,Walk,10.049,81.17,89.18,20.5,7.43,12.21,,1173,263,72,0,0,No,,,2022,2022-08,Sunday,6,Early Morning (4-7),Activity Log
a0703,2022-08-15,Run,2.094,8.63,8.63,0,14.55,50.48,,244,2,52,0,0,Yes,,,2022,2022-08,Monday,7,Morning (7-11),Activity Log
a0704,2022-08-16,Run,11.319,57.03,57.03,0,11.91,65.71,,1321,166,52,2,0,Yes,,,2022,2022-08,Tuesday,19,Evening (17-20),Activity Log
a0705,2022-08-18,Run,10.071,52.45,52.45,0,11.52,104.68,,1176,14,45,0,0,Yes,,,2022,2022-08,Thursday,21,Night (20-4),Activity Log
a0706,2022-08-19,Walk,2.588,31.22,31.22,9.3,4.97,7.38,,302,6,41,0,0,No,,,2022,2022-08,Friday,15,Afternoon (14-17),Activity Log
a0707,2022-08-20,TrailRun,18.595,202.55,229.08,972.8,5.51,14.76,,3057,96,92,11,7,No,,,2022,2022-08,Saturday,6,Early Morning (4-7),Activity Log
a0708,2022-08-21,Run,5.206,30,30,0,10.41,58.97,,608,6,55,0,0,Yes,,,2022,2022-08,Sunday,21,Night (20-4),Activity Log
a0709,2022-08-26,Run,24.341,120.68,120.68,0,12.1,81.12,,2841,27,36,10,0,Yes,,,2022,2022-08,Friday,3,Night (20-4),Activity Log
a0710,2022-08-27,Run,21.214,119.98,119.98,0,10.61,81.28,,2476,23,53,4,0,Yes,,,2022,2022-08,Saturday,8,Morning (7-11),Activity Log
a0711,2022-08-28,Run,10.514,60.82,60.82,0,10.37,12.68,,1227,130,57,0,0,Yes,,,2022,2022-08,Sunday,16,Afternoon (14-17),Activity Log
a0712,2022-08-31,Run,5.033,28.68,28.68,0,10.53,90.18,,587,89,39,0,0,Yes,,,2022,2022-08,Wednesday,6,Early Morning (4-7),Activity Log
a0713,2022-08-31,Workout,0,3.3,3.3,0,,,,,,22,0,0,No,,,2022,2022-08,Wednesday,7,Morning (7-11),Activity Log
a0714,2022-08-31,Walk,1.215,18.58,29.33,2.1,3.92,6.77,,142,3,28,1,0,No,,,2022,2022-08,Wednesday,21,Night (20-4),Activity Log
a0715,2022-09-01,Ride,0,16.15,16.15,0,,,,,3,28,0,0,Yes,,,2022,2022-09,Thursday,7,Morning (7-11),Activity Log
a0716,2022-09-02,Run,10.159,58.15,58.15,0,10.48,85.31,,1186,11,34,6,0,Yes,,,2022,2022-09,Friday,4,Early Morning (4-7),Activity Log
a0717,2022-09-02,Workout,0,9.12,9.12,0,,,,,,24,0,0,No,,,2022,2022-09,Friday,5,Early Morning (4-7),Activity Log
a0718,2022-09-02,Walk,3.006,40.07,40.07,0,4.5,40.26,,351,8,36,2,0,Yes,,,2022,2022-09,Friday,5,Early Morning (4-7),Activity Log
a0719,2022-09-03,Run,10.125,60.5,60.5,0,10.04,16.1,,1182,87,38,5,0,Yes,,,2022,2022-09,Saturday,10,Morning (7-11),Activity Log
a0720,2022-09-03,Workout,0,13.48,13.48,0,,,,,,34,0,0,No,,,2022,2022-09,Saturday,11,Midday (11-14),Activity Log
a0721,2022-09-03,Workout,0,6.28,6.28,0,,,,,,31,1,0,No,,,2022,2022-09,Saturday,11,Midday (11-14),Activity Log
a0722,2022-09-04,Run,10.185,48.63,48.63,0,12.57,22.09,,1189,10,43,1,0,Yes,,,2022,2022-09,Sunday,10,Morning (7-11),Activity Log
a0723,2022-09-04,Walk,2.232,29.05,29.05,3.5,4.61,7.01,,260,5,37,2,0,No,,,2022,2022-09,Sunday,12,Midday (11-14),Activity Log
a0724,2022-09-04,Walk,0.84,11.02,13.32,3.6,4.57,6.27,,98,2,35,0,0,No,,,2022,2022-09,Sunday,13,Midday (11-14),Activity Log
a0725,2022-09-04,Walk,0.646,8.9,8.9,0,4.36,6.08,,75,1,38,0,0,No,,,2022,2022-09,Sunday,14,Afternoon (14-17),Activity Log
a0726,2022-09-05,Walk,1.021,12.15,14.13,7.9,5.04,39.02,,119,2,39,0,0,No,,,2022,2022-09,Monday,19,Evening (17-20),Activity Log
a0727,2022-09-06,Walk,1.671,23.05,23.05,3.2,4.35,6.14,,211,4,37,2,0,No,,,2022,2022-09,Tuesday,15,Afternoon (14-17),Activity Log
a0728,2022-09-06,Walk,1.025,9.98,11.48,8.4,6.16,43.69,,120,1,36,0,0,No,,,2022,2022-09,Tuesday,19,Evening (17-20),Activity Log
a0729,2022-09-08,Run,5.024,25.67,25.67,0,11.75,7.75,,586,21,41,6,0,Yes,,,2022,2022-09,Thursday,7,Morning (7-11),Activity Log
a0730,2022-09-10,Walk,3.105,43,43,30.1,4.33,6.13,,362,10,42,1,0,No,,,2022,2022-09,Saturday,18,Evening (17-20),Activity Log
a0731,2022-09-12,Run,10.038,50.43,50.43,0,11.94,13.9,,1172,9,48,7,0,Yes,,,2022,2022-09,Monday,5,Early Morning (4-7),Activity Log
a0732,2022-09-12,Workout,0,13.75,13.75,0,,,,,,34,1,0,No,,,2022,2022-09,Monday,6,Early Morning (4-7),Activity Log
a0733,2022-09-13,Run,10.019,58.22,58.22,0,10.33,24.94,,1170,10,42,11,0,Yes,,,2022,2022-09,Tuesday,20,Night (20-4),Activity Log
a0734,2022-09-14,Run,10.027,60.6,60.6,0,9.93,109.97,,1170,31,35,7,0,Yes,,,2022,2022-09,Wednesday,19,Evening (17-20),Activity Log
a0735,2022-09-14,Workout,0,10.27,10.27,0,,,,,,28,0,0,No,,,2022,2022-09,Wednesday,20,Night (20-4),Activity Log
a0736,2022-09-15,Hike,1.107,30.95,57.7,95,2.15,7.71,,129,6,31,5,0,No,,,2022,2022-09,Thursday,11,Midday (11-14),Activity Log
a0737,2022-09-15,Run,5.023,30.28,30.28,0,9.95,65.14,,586,20,33,2,0,Yes,,,2022,2022-09,Thursday,21,Night (20-4),Activity Log
a0738,2022-09-16,Run,12.09,65,65,0,11.16,174.55,,1411,62,37,5,0,Yes,,,2022,2022-09,Friday,22,Night (20-4),Activity Log
a0739,2022-09-16,Workout,0,4.17,4.17,0,,,,,,25,0,0,No,,,2022,2022-09,Friday,23,Night (20-4),Activity Log
a0740,2022-09-19,Run,22.012,120.08,120.08,0,11,21.48,,2569,283,43,15,0,Yes,,,2022,2022-09,Monday,4,Early Morning (4-7),Activity Log
a0741,2022-09-19,Workout,0,15.07,15.07,0,,,,,,30,0,0,No,,,2022,2022-09,Monday,6,Early Morning (4-7),Activity Log
a0742,2022-09-19,Workout,0,15.35,15.35,0,,,,,,33,0,0,No,,,2022,2022-09,Monday,6,Early Morning (4-7),Activity Log
a0743,2022-09-20,Run,10.558,51.15,51.15,0,12.38,63.24,,1232,9,45,4,0,Yes,,,2022,2022-09,Tuesday,6,Early Morning (4-7),Activity Log
a0744,2022-09-21,Run,10.609,54.07,54.07,0,11.77,24.92,,1238,10,44,0,0,Yes,,,2022,2022-09,Wednesday,5,Early Morning (4-7),Activity Log
a0745,2022-09-22,Run,10.056,48.15,48.15,0,12.53,149.98,,1174,9,42,0,0,Yes,,,2022,2022-09,Thursday,17,Evening (17-20),Activity Log
a0746,2022-09-26,Walk,1.057,15.77,30.12,10.8,4.02,13.66,,123,2,32,0,0,No,,,2022,2022-09,Monday,8,Morning (7-11),Activity Log
a0747,2022-09-26,Walk,1.037,19.2,40.27,4.4,3.24,32.66,,121,3,17,1,0,No,,,2022,2022-09,Monday,13,Midday (11-14),Activity Log
a0748,2022-09-27,Walk,1.436,17.9,20.7,9.1,4.81,8.24,51.5,168,,29,1,0,No,,,2022,2022-09,Tuesday,9,Morning (7-11),Activity Log
a0749,2022-09-27,Workout,0,66.72,66.72,0,,,,,11,18,2,0,Yes,,,2022,2022-09,Tuesday,10,Morning (7-11),Activity Log
a0750,2022-09-27,Workout,0,146.5,146.5,0,,,,,58,26,5,0,Yes,,,2022,2022-09,Tuesday,12,Midday (11-14),Activity Log
a0751,2022-09-27,Walk,1.416,18.03,18.63,11.3,4.71,6.24,,165,4,26,0,0,No,,,2022,2022-09,Tuesday,18,Evening (17-20),Activity Log
a0752,2022-09-28,Walk,7.195,66.18,76.6,75.1,6.52,32.98,,840,24,43,0,0,No,,,2022,2022-09,Wednesday,7,Morning (7-11),Activity Log
a0753,2022-10-01,GravelRide,42.359,165.12,235.32,130.3,15.39,44.28,,734,25,64,15,0,No,,,2022,2022-10,Saturday,6,Early Morning (4-7),Activity Log
a0754,2022-10-02,Walk,4.432,84.37,163.8,86.5,3.15,6.74,45.3,517,,37,7,0,No,,,2022,2022-10,Sunday,8,Morning (7-11),Activity Log
a0755,2022-10-08,TrailRun,5.533,52.77,180.13,773.6,6.29,8.16,43.2,1221,,47,7,0,No,,,2022,2022-10,Saturday,6,Early Morning (4-7),Activity Log
a0756,2022-10-08,TrailRun,4.446,0.63,160.18,43.9,,9.24,44.3,622,,40,2,0,No,,,2022,2022-10,Saturday,10,Morning (7-11),Activity Log
a0757,2022-10-10,Walk,1.007,17.53,18.25,0,3.45,8.78,44.4,118,,31,1,0,No,,,2022,2022-10,Monday,21,Night (20-4),Activity Log
a0758,2022-10-10,Walk,1.017,20.63,21.35,0,2.96,14.47,40.8,119,,32,0,0,No,,,2022,2022-10,Monday,23,Night (20-4),Activity Log
a0759,2022-10-11,Walk,3.645,17.32,26.38,21.7,12.63,46.85,49.8,425,,37,3,0,No,,,2022,2022-10,Tuesday,20,Night (20-4),Activity Log
a0760,2022-10-12,Walk,1.079,21.87,26.63,0,2.96,12.66,45.5,126,,29,3,0,No,,,2022,2022-10,Wednesday,20,Night (20-4),Activity Log
a0761,2022-10-12,Walk,1.068,31.22,36.33,0,2.05,10.68,37,125,,30,1,0,No,,,2022,2022-10,Wednesday,22,Night (20-4),Activity Log
a0762,2022-10-15,TrailRun,9.525,57.77,86.8,323.7,9.89,69.34,47.8,1255,,44,9,3,No,,,2022,2022-10,Saturday,13,Midday (11-14),Activity Log
a0763,2022-10-16,Walk,4.077,46.05,46.37,23.7,5.31,42.5,53.7,476,,31,3,0,No,,,2022,2022-10,Sunday,17,Evening (17-20),Activity Log
a0764,2022-10-17,Walk,7.016,61.35,61.35,42.5,6.86,11.64,69.4,819,,33,9,1,No,,,2022,2022-10,Monday,6,Early Morning (4-7),Activity Log
a0765,2022-10-17,Workout,0,11.68,11.68,0,,,,,,23,0,0,No,,,2022,2022-10,Monday,7,Morning (7-11),Activity Log
a0766,2022-10-17,Workout,0,14.87,14.87,0,,,,,,27,0,0,No,,,2022,2022-10,Monday,8,Morning (7-11),Activity Log
a0767,2022-10-18,Walk,4.331,43.08,43.08,14.8,6.03,11.65,62.1,506,,35,3,1,No,,,2022,2022-10,Tuesday,6,Early Morning (4-7),Activity Log
a0768,2022-10-19,Walk,5.104,48.13,48.13,22.7,6.36,11.48,64.3,596,,32,5,0,No,,,2022,2022-10,Wednesday,6,Early Morning (4-7),Activity Log
a0769,2022-10-19,Workout,0,21.87,21.87,0,,,,,,28,2,0,No,,,2022,2022-10,Wednesday,7,Morning (7-11),Activity Log
a0770,2022-10-22,Walk,7.39,99.98,101.07,45.3,4.43,8.18,50.9,863,,37,2,1,No,,,2022,2022-10,Saturday,17,Evening (17-20),Activity Log
a0771,2022-10-23,Walk,0.752,13.42,14.15,25.2,3.36,7.13,47,88,,26,2,0,No,,,2022,2022-10,Sunday,18,Evening (17-20),Activity Log
a0772,2022-10-24,Walk,7.125,115.32,122.8,95.2,3.71,9.66,45.9,832,,40,2,0,No,,,2022,2022-10,Monday,17,Evening (17-20),Activity Log
a0773,2022-10-25,Walk,8.304,134.08,138.6,170,3.72,8.23,46.8,969,,38,5,0,No,,,2022,2022-10,Tuesday,17,Evening (17-20),Activity Log
a0774,2022-10-26,Walk,12.018,174.77,183.98,204.1,4.13,9.44,49.4,1403,,30,1,1,No,,,2022,2022-10,Wednesday,17,Evening (17-20),Activity Log
a0775,2022-10-27,Walk,8.905,135.82,145.78,75,3.93,11.03,47.5,1039,,27,0,0,No,,,2022,2022-10,Thursday,16,Afternoon (14-17),Activity Log
a0776,2022-10-27,Walk,2.136,33.67,35.27,49.5,3.81,8.38,46.5,249,,33,0,0,No,,,2022,2022-10,Thursday,20,Night (20-4),Activity Log
a0777,2022-10-31,TrailRun,6.149,59.08,60.87,21.5,6.24,14.78,62.9,724,,34,2,0,No,,,2022,2022-10,Monday,6,Early Morning (4-7),Activity Log
a0778,2022-10-31,Workout,0,9.5,9.5,0,,,,,,18,0,0,No,,,2022,2022-10,Monday,7,Morning (7-11),Activity Log
a0779,2022-11-02,Walk,4.291,51.38,51.67,14.4,5.01,8.5,53.5,501,,20,3,1,No,,,2022,2022-11,Wednesday,6,Early Morning (4-7),Activity Log
a0780,2022-11-02,Run,7.72,91.27,96.88,42.6,5.08,13.54,52.7,909,,28,4,1,No,,,2022,2022-11,Wednesday,17,Evening (17-20),Activity Log
a0781,2022-11-03,Walk,5.48,70.3,70.62,23.6,4.68,7.83,51.7,640,,30,2,0,No,,,2022,2022-11,Thursday,6,Early Morning (4-7),Activity Log
a0782,2022-11-03,Run,6.534,91.15,91.2,36.3,4.3,7.56,49.6,769,,28,2,0,No,,,2022,2022-11,Thursday,17,Evening (17-20),Activity Log
a0783,2022-11-04,Walk,6.715,79.82,79.82,36.2,5.05,11.38,54.2,784,,33,1,1,No,,,2022,2022-11,Friday,18,Evening (17-20),Activity Log
a0784,2022-11-05,Run,11.289,135.28,139.8,77.1,5.01,12.53,53.5,1334,,45,5,1,No,,,2022,2022-11,Saturday,6,Early Morning (4-7),Activity Log
a0785,2022-11-05,Workout,0,17.18,17.18,0,,,,,,26,0,0,No,,,2022,2022-11,Saturday,10,Morning (7-11),Activity Log
a0786,2022-11-05,Walk,0.646,10.28,24.52,4.8,3.77,7.39,46.6,75,,27,0,0,No,,,2022,2022-11,Saturday,16,Afternoon (14-17),Activity Log
a0787,2022-11-06,Run,6.435,78.73,85.07,33.9,4.9,8.48,52,756,,26,0,0,No,,,2022,2022-11,Sunday,17,Evening (17-20),Activity Log
a0788,2022-11-07,Walk,1.228,21.25,69.28,3.2,3.47,9.35,43.7,143,,24,0,0,No,,,2022,2022-11,Monday,10,Morning (7-11),Activity Log
a0789,2022-11-07,Walk,3.287,53.13,56.22,12.7,3.71,10.87,45.4,384,,25,0,0,No,,,2022,2022-11,Monday,18,Evening (17-20),Activity Log
a0790,2022-11-08,Walk,6.724,84.92,85.67,36.2,4.75,8.66,52.2,785,,27,2,0,No,,,2022,2022-11,Tuesday,17,Evening (17-20),Activity Log
a0791,2022-11-09,Walk,1.314,17.33,24.98,0,4.55,8.48,51.1,153,,23,1,0,No,,,2022,2022-11,Wednesday,18,Evening (17-20),Activity Log
a0792,2022-11-10,Walk,1.649,18.97,19.35,0,5.22,10.75,54.1,193,,29,0,0,No,,,2022,2022-11,Thursday,6,Early Morning (4-7),Activity Log
a0793,2022-11-10,Walk,6.347,31.33,119.43,37.8,12.15,123.07,44,741,,32,7,0,No,,,2022,2022-11,Thursday,18,Evening (17-20),Activity Log
a0794,2022-11-11,Run,6.778,73.25,77.63,25.8,5.55,14.54,55,795,,40,8,2,No,,,2022,2022-11,Friday,5,Early Morning (4-7),Activity Log
a0795,2022-11-12,Run,8.102,89.7,92.78,31.1,5.42,12.82,55.1,951,,35,9,3,No,,,2022,2022-11,Saturday,6,Early Morning (4-7),Activity Log
a0796,2022-11-13,Run,5.136,63.15,63.18,35.4,4.88,13.9,54.2,613,,34,4,1,No,,Commute,2022,2022-11,Sunday,7,Morning (7-11),Activity Log
a0797,2022-11-13,Walk,2.156,41.85,44.95,7.5,3.09,7.23,42.2,252,,27,5,0,No,,,2022,2022-11,Sunday,18,Evening (17-20),Activity Log
a0798,2022-11-15,Walk,6.821,88.97,90.15,36.3,4.6,8.44,51.7,796,,44,8,0,No,,,2022,2022-11,Tuesday,18,Evening (17-20),Activity Log
a0799,2022-11-18,Walk,6.945,83.22,83.48,38.5,5.01,10.82,55.1,811,,27,3,1,No,,,2022,2022-11,Friday,18,Evening (17-20),Activity Log
a0800,2022-11-19,Walk,0.498,11.8,20.7,0,2.53,6.22,39.6,58,,11,1,0,No,,,2022,2022-11,Saturday,11,Midday (11-14),Activity Log
a0801,2022-11-19,Walk,1.719,35.47,57.97,28.2,2.91,7.41,42.8,201,,23,2,0,No,9624843,,2022,2022-11,Saturday,12,Midday (11-14),Activity Log
a0802,2022-11-19,Run,6.941,86.32,89.17,36.2,4.82,9.29,53.1,817,,37,6,3,No,9624843,,2022,2022-11,Saturday,17,Evening (17-20),Activity Log
a0803,2022-11-21,Walk,2.368,31.77,32.13,12.4,4.47,8.42,51.2,276,,22,0,0,No,9624843,,2022,2022-11,Monday,17,Evening (17-20),Activity Log
a0804,2022-11-22,Walk,8.103,101.35,102.22,54.2,4.8,7.82,53,946,,34,6,1,No,9624843,,2022,2022-11,Tuesday,18,Evening (17-20),Activity Log
a0805,2022-11-23,Walk,5.701,66.58,66.58,30.6,5.14,9.9,60.4,665,,36,3,1,No,9624843,,2022,2022-11,Wednesday,18,Evening (17-20),Activity Log
a0806,2022-11-24,Run,5.713,68.33,70.8,30.8,5.02,8.28,53.2,673,,33,1,1,No,9624836,,2022,2022-11,Thursday,18,Evening (17-20),Activity Log
a0807,2022-11-25,Run,8.106,100.35,112.27,52.1,4.85,8.28,50.2,956,,35,2,1,No,9624836,,2022,2022-11,Friday,18,Evening (17-20),Activity Log
a0808,2022-11-26,Run,8.843,106.83,122.85,53.2,4.97,8.57,51.6,1041,,36,6,2,No,9624836,,2022,2022-11,Saturday,17,Evening (17-20),Activity Log
a0809,2022-11-27,Run,10.459,131.1,137.15,64.1,4.79,13.8,52,1233,,37,7,3,No,9624836,,2022,2022-11,Sunday,6,Early Morning (4-7),Activity Log
a0810,2022-11-28,Run,6.616,78.58,89,36.2,5.05,8.06,51.5,778,,52,2,1,No,9624836,,2022,2022-11,Monday,17,Evening (17-20),Activity Log
a0811,2022-11-30,Run,5.638,73.52,81.43,30.7,4.6,7.56,49.3,664,,37,2,0,No,9624836,,2022,2022-11,Wednesday,17,Evening (17-20),Activity Log
a0812,2022-12-01,Walk,1.905,24.38,31.88,9.3,4.69,12.89,53.1,222,,32,0,0,No,9624836,,2022,2022-12,Thursday,13,Midday (11-14),Activity Log
a0813,2022-12-01,Walk,1.713,27.68,102.77,7.5,3.71,19.4,47.2,200,,29,2,0,No,9624836,,2022,2022-12,Thursday,13,Midday (11-14),Activity Log
a0814,2022-12-02,Walk,5.673,67.57,82.9,67.3,5.04,18.76,51.1,662,,34,4,0,No,9624836,,2022,2022-12,Friday,14,Afternoon (14-17),Activity Log
a0815,2022-12-04,Walk,5.652,78,78,30.6,4.35,8.78,50.7,660,,40,0,0,No,9624836,,2022,2022-12,Sunday,18,Evening (17-20),Activity Log
a0816,2022-12-05,Walk,5.616,71.42,71.42,30.7,4.72,7.99,53.2,656,,39,3,0,No,9624836,,2022,2022-12,Monday,18,Evening (17-20),Activity Log
a0817,2022-12-06,Walk,6.306,78.5,78.5,31.6,4.82,9.18,53.5,736,,40,1,1,No,9624836,,2022,2022-12,Tuesday,6,Early Morning (4-7),Activity Log
a0818,2022-12-10,Walk,0.324,3.33,32.58,15.8,5.84,24.96,50,38,,16,0,0,No,9624836,,2022,2022-12,Saturday,13,Midday (11-14),Activity Log
a0819,2022-12-10,GravelRide,22.183,54.65,68.2,86.6,24.35,46.27,,376,,37,2,0,No,,,2022,2022-12,Saturday,18,Evening (17-20),Activity Log
a0820,2022-12-11,GravelRide,68.365,211.87,348.9,504,19.36,46.63,,1505,,58,9,0,No,,,2022,2022-12,Sunday,9,Morning (7-11),Activity Log
a0821,2022-12-12,Walk,0.624,10.97,43.23,17.5,3.42,7.74,46.4,79,,37,0,0,No,9624836,,2022,2022-12,Monday,14,Afternoon (14-17),Activity Log
a0822,2022-12-14,Walk,7.944,112.52,112.78,52.2,4.24,8.58,49.8,927,,48,3,0,No,9624836,,2022,2022-12,Wednesday,17,Evening (17-20),Activity Log
a0823,2022-12-15,Walk,5.642,71,71,30.5,4.77,9.02,52.8,659,,41,2,1,No,9624836,,2022,2022-12,Thursday,16,Afternoon (14-17),Activity Log
a0824,2022-12-16,Walk,5.746,82.27,83.22,32,4.19,7.44,49.2,671,,44,3,0,No,9624836,,2022,2022-12,Friday,18,Evening (17-20),Activity Log
a0825,2022-12-17,Walk,3.203,40.53,46.4,33.8,4.74,12.46,53.7,374,,37,2,0,No,9624836,,2022,2022-12,Saturday,13,Midday (11-14),Activity Log
a0826,2022-12-18,TrailRun,11.013,175.33,195.72,165.3,3.77,12.82,51,1359,,51,6,0,No,9624836,,2022,2022-12,Sunday,7,Morning (7-11),Activity Log
a0827,2022-12-24,Walk,1.293,20.55,24.92,22.9,3.78,10.82,47,151,,28,0,0,No,9624836,,2022,2022-12,Saturday,10,Morning (7-11),Activity Log
a0828,2022-12-24,Walk,1.918,37.23,43.18,24,3.09,10.1,41.7,224,,36,0,0,No,9624836,,2022,2022-12,Saturday,11,Midday (11-14),Activity Log
a0829,2022-12-26,Walk,3.353,69.23,84.33,59.4,2.91,6,,513,13,47,2,0,No,9624836,,2022,2022-12,Monday,15,Afternoon (14-17),Activity Log
a0830,2022-12-27,Run,10.033,66.65,66.67,0,9.03,16.3,,1236,15,42,7,0,Yes,9624836,,2022,2022-12,Tuesday,3,Night (20-4),Activity Log
a0831,2022-12-27,Walk,5.054,102.43,108.47,162.9,2.96,10.18,,653,18,28,4,0,No,9624836,,2022,2022-12,Tuesday,16,Afternoon (14-17),Activity Log
a0832,2022-12-28,Workout,0,12.57,12.57,0,0,0,,109,3,34,0,0,Yes,,,2022,2022-12,Wednesday,11,Midday (11-14),Activity Log
a0833,2022-12-30,Walk,7.906,136.78,195.8,126.6,3.47,13.66,,984,23,48,6,0,No,9624836,,2022,2022-12,Friday,16,Afternoon (14-17),Activity Log
a0834,2023-01-01,Walk,2.629,50.3,68.23,42,3.14,6.61,,403,8,32,2,0,No,9624836,,2023,2023-01,Sunday,7,Morning (7-11),Activity Log
a0835,2023-01-01,Walk,2.947,54.62,94.28,46.2,3.24,11.89,,564,9,42,4,0,No,9624836,,2023,2023-01,Sunday,17,Evening (17-20),Activity Log
a0836,2023-01-02,Walk,2.966,44.98,61.6,37.5,3.96,6.88,,389,7,30,5,0,No,9624836,,2023,2023-01,Monday,12,Midday (11-14),Activity Log
a0837,2023-01-02,Walk,5.775,96.25,102,100.7,3.6,14.16,,659,17,43,6,0,No,9624836,,2023,2023-01,Monday,18,Evening (17-20),Activity Log
a0838,2023-01-04,Workout,0,20.33,20.33,0,0,0,,215,18,30,0,0,Yes,,,2023,2023-01,Wednesday,18,Evening (17-20),Activity Log
a0839,2023-01-04,Walk,4.684,82.88,88.65,107.3,3.39,18.91,,554,14,43,0,0,No,9624836,,2023,2023-01,Wednesday,18,Evening (17-20),Activity Log
a0840,2023-01-05,Walk,2.14,41.5,46.07,54.7,3.09,5.49,,272,7,42,1,0,No,9624836,,2023,2023-01,Thursday,19,Evening (17-20),Activity Log
a0841,2023-01-06,Run,4.013,47.58,101.73,48.8,5.06,6.91,,600,7,51,0,0,No,9624836,,2023,2023-01,Friday,18,Evening (17-20),Activity Log
a0842,2023-01-08,Walk,8.697,108.18,108.93,53.2,4.82,8.6,,798,22,46,18,3,No,9624836,,2023,2023-01,Sunday,17,Evening (17-20),Activity Log
a0843,2023-01-09,Run,10.059,66.67,66.7,0,9.05,19.39,,1254,20,34,4,0,Yes,9624836,,2023,2023-01,Monday,5,Early Morning (4-7),Activity Log
a0844,2023-01-09,Workout,0,8.83,8.83,0,0,0,,,,25,0,0,No,,,2023,2023-01,Monday,6,Early Morning (4-7),Activity Log
a0845,2023-01-09,Walk,5.095,67.07,67.07,28.6,4.56,7.28,,479,13,44,1,1,No,9624836,,2023,2023-01,Monday,17,Evening (17-20),Activity Log
a0846,2023-01-11,Run,10.049,65.08,69.27,0,9.26,18.09,,1230,53,42,0,0,Yes,9624836,,2023,2023-01,Wednesday,21,Night (20-4),Activity Log
a0847,2023-01-12,Run,12.024,80.22,80.22,0,8.99,15.9,,1475,18,36,0,0,Yes,9624836,,2023,2023-01,Thursday,22,Night (20-4),Activity Log
a0848,2023-01-13,Run,12.028,79.35,79.38,0,9.1,16.36,,1479,30,44,2,0,Yes,9624836,,2023,2023-01,Friday,22,Night (20-4),Activity Log
a0849,2023-01-14,Walk,6.647,89.68,89.68,36.5,4.45,8.2,,634,19,47,0,0,No,9624836,,2023,2023-01,Saturday,18,Evening (17-20),Activity Log
a0850,2023-01-14,Run,5.04,34.77,34.77,0,8.7,16.22,,621,14,38,0,0,Yes,9624836,,2023,2023-01,Saturday,22,Night (20-4),Activity Log
a0851,2023-01-15,Walk,1.508,25.32,26.18,4.1,3.57,5.63,,170,4,32,3,0,No,9624836,,2023,2023-01,Sunday,18,Evening (17-20),Activity Log
a0852,2023-01-15,Walk,2.034,13.88,13.9,0,8.79,15.48,,245,2,35,1,0,Yes,9624836,,2023,2023-01,Sunday,20,Night (20-4),Activity Log
a0853,2023-01-15,Run,21.226,149,149.02,0,8.55,17.64,,2659,29,42,3,0,Yes,9624836,,2023,2023-01,Sunday,20,Night (20-4),Activity Log
a0854,2023-01-17,Run,5.052,37.47,37.47,0,8.09,16.23,,632,6,38,0,0,Yes,9624836,,2023,2023-01,Tuesday,21,Night (20-4),Activity Log
a0855,2023-01-18,Walk,7.614,96.9,97.4,43.1,4.71,7.69,,702,20,49,4,0,No,9624836,,2023,2023-01,Wednesday,17,Evening (17-20),Activity Log
a0856,2023-01-19,Walk,7.422,101.92,102.98,43.6,4.37,11.33,,739,28,45,3,0,No,9624836,,2023,2023-01,Thursday,18,Evening (17-20),Activity Log
a0857,2023-01-21,TrailRun,16.073,444.18,444.23,920,2.17,64.51,,4103,83,81,13,3,No,9624836,,2023,2023-01,Saturday,7,Morning (7-11),Activity Log
a0858,2023-01-22,TrailRun,22.711,294.95,518.27,1327.6,4.62,19.66,,5752,423,85,13,5,No,9624836,,2023,2023-01,Sunday,8,Morning (7-11),Activity Log
a0859,2023-01-23,Run,10.024,68.67,68.68,0,8.76,16.09,,1229,16,60,0,0,Yes,9624836,,2023,2023-01,Monday,20,Night (20-4),Activity Log
a0860,2023-01-24,Run,10.074,67.2,67.22,0,8.99,16.53,,1241,17,44,2,0,Yes,9624836,,2023,2023-01,Tuesday,21,Night (20-4),Activity Log
a0861,2023-01-26,Run,10.042,75.98,76,0,7.93,17.11,,1295,14,43,0,0,Yes,9624836,,2023,2023-01,Thursday,19,Evening (17-20),Activity Log
a0862,2023-01-28,Walk,2.578,22.78,23.95,19,6.79,73.25,,169,4,31,0,0,No,9624836,,2023,2023-01,Saturday,15,Afternoon (14-17),Activity Log
a0863,2023-01-28,Walk,2.059,31.43,34.37,0,3.93,6.97,,231,7,37,0,0,No,9624836,,2023,2023-01,Saturday,18,Evening (17-20),Activity Log
a0864,2023-01-28,Run,5.25,37.8,37.82,0,8.33,16.81,,670,8,46,1,0,Yes,9624836,,2023,2023-01,Saturday,22,Night (20-4),Activity Log
a0865,2023-02-01,Walk,7.596,97.78,97.78,42.6,4.66,7.46,,705,20,48,2,0,No,9624836,,2023,2023-02,Wednesday,17,Evening (17-20),Activity Log
a0866,2023-02-02,Run,12.051,82.93,82.95,0,8.72,16.73,,1496,26,53,1,0,Yes,9624836,,2023,2023-02,Thursday,5,Early Morning (4-7),Activity Log
a0867,2023-02-03,Run,10.059,67.5,67.53,0,8.94,17.04,,1241,18,42,1,0,Yes,9624836,,2023,2023-02,Friday,4,Early Morning (4-7),Activity Log
a0868,2023-02-04,TrailRun,16.796,360,360,0,2.8,0,,1961,,64,6,0,No,9624836,,2023,2023-02,Saturday,7,Morning (7-11),Activity Log
a0869,2023-02-04,Walk,1.578,27.22,27.72,6.3,3.48,9.75,,178,7,36,2,0,No,9624836,,2023,2023-02,Saturday,23,Night (20-4),Activity Log
a0870,2023-02-06,Run,10.065,69.95,69.97,0,8.63,16.9,,1254,16,56,2,0,Yes,9624836,,2023,2023-02,Monday,22,Night (20-4),Activity Log
a0871,2023-02-07,Run,10.272,68.43,68.45,0,9.01,17.11,,1305,56,47,7,0,Yes,9624836,,2023,2023-02,Tuesday,22,Night (20-4),Activity Log
a0872,2023-02-08,Run,10.05,60.98,61,0,9.89,16.06,,1222,15,55,0,0,Yes,9624836,,2023,2023-02,Wednesday,22,Night (20-4),Activity Log
a0873,2023-02-09,Run,10.027,62.2,62.22,0,9.67,15.72,,1226,22,76,6,0,Yes,9624836,,2023,2023-02,Thursday,22,Night (20-4),Activity Log
a0874,2023-02-11,Run,21.118,131.42,132,0,9.64,17.36,,2566,29,51,6,0,Yes,9624836,,2023,2023-02,Saturday,3,Night (20-4),Activity Log
a0875,2023-02-11,Walk,4.357,58.82,59.07,52.9,4.45,7.11,,409,12,44,0,0,No,9624836,,2023,2023-02,Saturday,13,Midday (11-14),Activity Log
a0876,2023-02-11,Workout,0,30.23,30.23,0,0,0,,229,4,35,0,0,Yes,,,2023,2023-02,Saturday,14,Afternoon (14-17),Activity Log
a0877,2023-02-12,Walk,7.398,102.3,109.22,75.7,4.34,11.16,,756,22,61,0,0,No,9624836,,2023,2023-02,Sunday,7,Morning (7-11),Activity Log
a0878,2023-02-13,Run,10.049,64.27,64.28,0,9.38,15.99,,1230,20,54,4,0,Yes,9624836,,2023,2023-02,Monday,20,Night (20-4),Activity Log
a0879,2023-02-14,Run,15.609,90.13,90.22,0,10.39,19.52,,1914,42,50,0,0,Yes,9624836,,2023,2023-02,Tuesday,20,Night (20-4),Activity Log
a0880,2023-02-17,Walk,0.908,15.67,22.3,0,3.48,18.42,45.6,115,,28,2,0,No,9624836,,2023,2023-02,Friday,21,Night (20-4),Activity Log
a0881,2023-02-18,TrailRun,10.032,463.55,463.58,922.2,1.3,12.16,,2791,41,71,8,0,No,9624836,,2023,2023-02,Saturday,7,Morning (7-11),Activity Log
a0882,2023-02-18,Workout,0,17.05,17.05,0,0,0,,,,27,0,0,No,,,2023,2023-02,Saturday,18,Evening (17-20),Activity Log
a0883,2023-02-19,TrailRun,10.753,104.15,582.15,1194.9,6.19,24.7,,5282,36,68,5,1,No,9624836,,2023,2023-02,Sunday,8,Morning (7-11),Activity Log
a0884,2023-02-20,Run,10.046,65.28,65.3,0,9.23,16.95,,1247,13,36,0,0,Yes,9624836,,2023,2023-02,Monday,21,Night (20-4),Activity Log
a0885,2023-02-21,Walk,7.647,100.13,100.13,43,4.58,13.82,,712,20,54,0,0,No,9624836,,2023,2023-02,Tuesday,18,Evening (17-20),Activity Log
a0886,2023-02-22,Run,10.079,61.6,61.65,0,9.82,18.48,,1251,19,42,0,0,Yes,9624836,,2023,2023-02,Wednesday,16,Afternoon (14-17),Activity Log
a0887,2023-02-22,Walk,9.53,122.53,126.7,22.5,4.67,9.15,50.8,1206,,52,1,0,No,9624836,,2023,2023-02,Wednesday,18,Evening (17-20),Activity Log
a0888,2023-02-23,Run,21.2,131.67,131.67,0,9.66,0,,2683,,56,0,0,No,9624836,,2023,2023-02,Thursday,4,Early Morning (4-7),Activity Log
a0889,2023-02-23,Run,3.832,47.88,48.53,5.1,4.8,7.74,,350,9,46,0,0,No,9624836,,2023,2023-02,Thursday,17,Evening (17-20),Activity Log
a0890,2023-02-24,Run,3.185,39.52,40.05,4.6,4.84,7.34,,289,8,34,0,0,No,9624836,,2023,2023-02,Friday,18,Evening (17-20),Activity Log
a0891,2023-02-25,Run,5.255,47.95,48,9.1,6.57,10.22,,621,192,40,6,2,No,9624836,,2023,2023-02,Saturday,7,Morning (7-11),Activity Log
a0892,2023-02-26,Run,21.33,240.4,272.62,345.4,5.32,15.84,,2064,245,125,19,18,No,9624836,,2023,2023-02,Sunday,6,Early Morning (4-7),Activity Log
a0893,2023-02-27,Run,10.221,60.12,76.65,0,10.2,17.37,,1229,20,64,0,0,Yes,9624836,,2023,2023-02,Monday,4,Early Morning (4-7),Activity Log
a0894,2023-02-27,Walk,6.529,97.35,99.9,112.3,4.02,8.41,,679,18,47,0,0,No,9624836,,2023,2023-02,Monday,19,Evening (17-20),Activity Log
a0895,2023-02-28,Run,10.517,60.03,81.58,0,10.51,16.81,,1269,15,53,0,0,Yes,9624836,,2023,2023-02,Tuesday,6,Early Morning (4-7),Activity Log
a0896,2023-02-28,Walk,5.81,92.03,119.27,90.7,3.79,12.18,,626,16,53,2,0,No,9624836,,2023,2023-02,Tuesday,18,Evening (17-20),Activity Log
a0897,2023-03-01,Walk,10.051,148.6,222.32,149.8,4.06,22.98,,1086,28,56,3,0,No,9624836,,2023,2023-03,Wednesday,18,Evening (17-20),Activity Log
a0898,2023-03-02,TrailRun,8.621,134,139.52,172.3,3.86,6.84,,1184,36,55,8,0,No,9624836,,2023,2023-03,Thursday,18,Evening (17-20),Activity Log
a0899,2023-03-03,TrailRun,8.449,125.68,129.8,209.1,4.03,16.63,,1170,44,59,6,0,No,9624836,,2023,2023-03,Friday,18,Evening (17-20),Activity Log
a0900,2023-03-04,TrailRun,25.68,347.85,350.6,435.8,4.43,20.74,,3313,152,76,24,9,No,9624836,,2023,2023-03,Saturday,6,Early Morning (4-7),Activity Log
a0901,2023-03-05,Run,3.943,45.98,66.78,135.8,5.15,55.44,,432,8,46,0,0,No,9624836,,2023,2023-03,Sunday,19,Evening (17-20),Activity Log
a0902,2023-03-06,TrailRun,8.484,74.08,295.38,825.3,6.87,10.8,38.8,1575,,60,4,0,No,9624836,,2023,2023-03,Monday,14,Afternoon (14-17),Activity Log
a0903,2023-03-06,Workout,0,272.65,272.65,0,0,0,,2515,89,34,1,0,Yes,,,2023,2023-03,Monday,14,Afternoon (14-17),Activity Log
a0904,2023-03-07,TrailRun,12.604,97.77,457.48,1037.4,7.74,8.5,38.6,2223,,59,2,0,No,9624836,,2023,2023-03,Tuesday,8,Morning (7-11),Activity Log
a0905,2023-03-07,Workout,0,459.17,459.17,0,0,0,,4750,292,31,1,0,Yes,,,2023,2023-03,Tuesday,8,Morning (7-11),Activity Log
a0906,2023-03-08,TrailRun,9.303,64.52,445.52,1017.3,8.65,6.05,38,1876,,62,0,0,No,9624836,,2023,2023-03,Wednesday,8,Morning (7-11),Activity Log
a0907,2023-03-08,Workout,0,385.63,385.63,0,0,0,,1910,92,10,3,0,Yes,,,2023,2023-03,Wednesday,9,Morning (7-11),Activity Log
a0908,2023-03-08,TrailRun,5.417,17.6,1040.15,980.9,18.47,10.7,49.5,1583,,62,1,0,No,9624836,,2023,2023-03,Wednesday,22,Night (20-4),Activity Log
a0909,2023-03-09,TrailRun,9.643,88.95,241.75,10.9,6.5,9.14,44.5,1134,,59,0,0,No,9624836,,2023,2023-03,Thursday,16,Afternoon (14-17),Activity Log
a0910,2023-03-10,MountainBikeRide,34.633,74.77,91.67,631.9,27.79,79.78,,811,,71,1,0,No,,,2023,2023-03,Friday,8,Morning (7-11),Activity Log
a0911,2023-03-11,Workout,0,79.72,79.72,0,0,0,,621,13,48,0,0,Yes,,,2023,2023-03,Saturday,20,Night (20-4),Activity Log
a0912,2023-03-13,Walk,8.006,104.12,104.12,51.7,4.61,6.85,,732,19,70,3,0,No,9624836,,2023,2023-03,Monday,18,Evening (17-20),Activity Log
a0913,2023-03-14,Run,10.062,67.1,68.87,0,9,16.92,,1247,12,60,3,0,Yes,9624836,,2023,2023-03,Tuesday,21,Night (20-4),Activity Log
a0914,2023-03-15,Run,10.116,60.23,60.23,0,10.08,17.47,,1227,11,46,3,0,Yes,9624836,,2023,2023-03,Wednesday,23,Night (20-4),Activity Log
a0915,2023-03-16,Walk,8.059,115.67,115.67,51.6,4.18,6.71,47.5,793,19,45,3,0,No,9624836,,2023,2023-03,Thursday,17,Evening (17-20),Activity Log
a0916,2023-03-17,Run,10.036,59,59.02,0,10.21,17.9,,1234,11,47,0,0,Yes,9624836,,2023,2023-03,Friday,5,Early Morning (4-7),Activity Log
a0917,2023-03-18,GravelRide,10.853,49.02,110.03,64.8,13.28,32.69,,546,6,61,0,0,No,,,2023,2023-03,Saturday,7,Morning (7-11),Activity Log
a0918,2023-03-18,GravelRide,33.14,107.13,195.83,225.6,18.56,42.93,,1282,12,64,0,0,No,,,2023,2023-03,Saturday,10,Morning (7-11),Activity Log
a0919,2023-03-18,TrailRun,3.22,36.02,102.38,64.3,5.36,20.38,47.3,452,,53,2,0,No,9624836,,2023,2023-03,Saturday,17,Evening (17-20),Activity Log
a0920,2023-03-19,Run,5.214,52.93,54.63,24.8,5.91,11.23,59.1,524,39,57,0,0,No,9624836,,2023,2023-03,Sunday,6,Early Morning (4-7),Activity Log
a0921,2023-03-19,GravelRide,75.348,201.18,256.38,305,22.47,58.09,,1159,22,80,17,0,No,,,2023,2023-03,Sunday,10,Morning (7-11),Activity Log
a0922,2023-03-20,Walk,8.021,115.88,116.18,51.6,4.15,6.61,47.9,791,19,50,0,0,No,9624836,,2023,2023-03,Monday,17,Evening (17-20),Activity Log
a0923,2023-03-21,Workout,0,16.13,16.13,0,0,0,,,,37,0,0,No,,,2023,2023-03,Tuesday,7,Morning (7-11),Activity Log
a0924,2023-03-21,Walk,1.242,18.08,21.83,8.3,4.12,20.93,49.3,157,,38,0,0,No,9624836,,2023,2023-03,Tuesday,9,Morning (7-11),Activity Log
a0925,2023-03-22,Run,5.082,31.18,31.2,0,9.78,16.96,,611,5,54,0,0,Yes,9624836,,2023,2023-03,Wednesday,21,Night (20-4),Activity Log
a0926,2023-03-23,Walk,8.053,108.72,113.07,51.6,4.44,6.47,49.9,772,19,63,1,0,No,9624836,,2023,2023-03,Thursday,7,Morning (7-11),Activity Log
a0927,2023-03-24,Run,25.044,162.22,162.23,0,9.26,17.5,,3068,31,59,8,0,Yes,9624836,,2023,2023-03,Friday,19,Evening (17-20),Activity Log
a0928,2023-03-25,Run,25.077,161.97,161.98,0,9.29,17.27,,3087,34,59,4,0,Yes,9624836,,2023,2023-03,Saturday,19,Evening (17-20),Activity Log
a0929,2023-03-26,Run,25.055,150.18,153.98,0,10.01,17.06,,3033,30,65,8,0,Yes,9624836,,2023,2023-03,Sunday,18,Evening (17-20),Activity Log
a0930,2023-03-27,Run,25.113,152.57,157.13,0,9.88,18.4,,3071,30,65,2,0,Yes,9624836,,2023,2023-03,Monday,19,Evening (17-20),Activity Log
a0931,2023-03-29,Workout,0,12.6,12.6,0,0,0,,,,36,0,0,No,,,2023,2023-03,Wednesday,22,Night (20-4),Activity Log
a0932,2023-03-29,Run,4.97,35.28,35.52,0,8.45,16.48,,620,6,45,2,0,Yes,9624836,,2023,2023-03,Wednesday,23,Night (20-4),Activity Log
a0933,2023-03-29,Workout,0,9.27,9.27,0,0,0,,,,36,0,0,No,,,2023,2023-03,Wednesday,23,Night (20-4),Activity Log
a0934,2023-03-30,Workout,0,15.68,15.68,0,0,0,,,,28,0,0,No,,,2023,2023-03,Thursday,22,Night (20-4),Activity Log
a0935,2023-03-31,Walk,12.13,82.02,82.05,0,8.87,17.28,,1499,24,52,2,0,Yes,9624836,,2023,2023-03,Friday,19,Evening (17-20),Activity Log
a0936,2023-04-02,Run,10.057,65.1,65.13,0,9.27,17.42,,1252,17,68,6,0,Yes,9624836,,2023,2023-04,Sunday,21,Night (20-4),Activity Log
a0937,2023-04-06,Run,5.046,33.23,40.65,0,9.11,16.83,,620,5,55,2,0,Yes,9624836,,2023,2023-04,Thursday,4,Early Morning (4-7),Activity Log
a0938,2023-04-06,Workout,0,18.53,18.53,0,0,0,,,,45,0,0,No,,,2023,2023-04,Thursday,6,Early Morning (4-7),Activity Log
a0939,2023-04-07,Walk,4.79,78.7,81,107.4,3.65,7.08,45.2,525,14,57,1,0,No,9624836,,2023,2023-04,Friday,18,Evening (17-20),Activity Log
a0940,2023-04-08,TrailRun,9.417,127.18,158.6,132.2,4.44,11.09,46.8,1041,26,61,12,0,No,9624836,,2023,2023-04,Saturday,18,Evening (17-20),Activity Log
a0941,2023-04-09,GravelRide,40.891,81.23,104.75,382.7,30.2,73.3,,1545,,70,8,0,No,,,2023,2023-04,Sunday,14,Afternoon (14-17),Activity Log
a0942,2023-04-09,Walk,1.029,24.3,29.9,5.4,2.54,6.85,42.4,130,,49,0,0,No,9624836,,2023,2023-04,Sunday,18,Evening (17-20),Activity Log
a0943,2023-04-10,Run,8.087,106.88,110.93,51.7,4.54,7.2,49.4,774,22,55,5,1,No,9624836,,2023,2023-04,Monday,18,Evening (17-20),Activity Log
a0944,2023-04-11,Workout,0,68.43,68.43,0,0,0,,494,8,37,0,0,Yes,,,2023,2023-04,Tuesday,18,Evening (17-20),Activity Log
a0945,2023-04-12,Run,5.021,30.05,30.1,0,10.03,16.54,,599,6,49,2,0,Yes,9624836,,2023,2023-04,Wednesday,20,Night (20-4),Activity Log
a0946,2023-04-15,MountainBikeRide,10.917,13.47,13.47,314.6,48.64,73.49,,717,,50,1,0,No,,,2023,2023-04,Saturday,9,Morning (7-11),Activity Log
a0947,2023-04-15,Walk,4.382,60.83,61.23,54.3,4.32,8.42,50.6,555,,39,0,0,No,9624836,,2023,2023-04,Saturday,16,Afternoon (14-17),Activity Log
a0948,2023-04-16,Run,5.03,32.95,32.97,0,9.16,17.32,,625,10,41,0,0,Yes,9624836,,2023,2023-04,Sunday,19,Evening (17-20),Activity Log
a0949,2023-04-18,Run,5.035,32.78,32.8,0,9.21,17.36,,614,6,42,1,0,Yes,9624836,,2023,2023-04,Tuesday,21,Night (20-4),Activity Log
a0950,2023-04-19,Run,5.011,30.85,30.87,0,9.75,16.66,,606,6,41,0,0,Yes,9624836,,2023,2023-04,Wednesday,21,Night (20-4),Activity Log
a0951,2023-04-20,Run,5.427,35.07,35.08,0,9.29,15.3,,665,34,39,4,0,Yes,9624836,,2023,2023-04,Thursday,21,Night (20-4),Activity Log
a0952,2023-04-21,Run,5.053,31.78,31.82,0,9.54,17.48,,623,9,36,0,0,Yes,9624836,,2023,2023-04,Friday,8,Morning (7-11),Activity Log
a0953,2023-04-21,Workout,0,7.67,7.67,0,0,0,,,,26,0,0,No,,,2023,2023-04,Friday,8,Morning (7-11),Activity Log
a0954,2023-04-21,Workout,0,13.85,13.85,0,0,0,,,,26,0,0,No,,,2023,2023-04,Friday,9,Morning (7-11),Activity Log
a0955,2023-04-21,Run,5.067,34.3,34.32,0,8.86,16.62,,635,13,45,2,0,Yes,9624836,,2023,2023-04,Friday,19,Evening (17-20),Activity Log
a0956,2023-04-21,Workout,0,8,8,0,0,0,,,,32,0,0,No,,,2023,2023-04,Friday,20,Night (20-4),Activity Log
a0957,2023-04-22,Walk,10.345,135.62,135.62,66.2,4.58,12.04,51.2,975,27,45,4,1,No,9624836,,2023,2023-04,Saturday,7,Morning (7-11),Activity Log
a0958,2023-04-22,Run,5.023,29.98,30.02,0,10.05,17.69,,611,8,41,0,0,Yes,9624836,,2023,2023-04,Saturday,20,Night (20-4),Activity Log
a0959,2023-04-22,Workout,0,11.45,11.45,0,0,0,,,,31,0,0,No,,,2023,2023-04,Saturday,20,Night (20-4),Activity Log
a0960,2023-04-23,Run,22.03,139.68,139.7,0,9.46,17.28,,2733,97,52,11,0,Yes,9624836,,2023,2023-04,Sunday,14,Afternoon (14-17),Activity Log
a0961,2023-04-23,Walk,8.051,107.93,107.93,51.5,4.48,6.49,51.1,765,26,43,5,0,No,9624836,,2023,2023-04,Sunday,17,Evening (17-20),Activity Log
a0962,2023-04-23,Workout,0,9.05,9.05,0,0,0,,,,32,0,0,No,,,2023,2023-04,Sunday,20,Night (20-4),Activity Log
a0963,2023-04-23,Workout,0,12.9,12.9,0,0,0,,,,31,0,0,No,,,2023,2023-04,Sunday,20,Night (20-4),Activity Log
a0964,2023-04-23,Workout,0,12.13,12.13,0,0,0,,,,29,2,0,No,,,2023,2023-04,Sunday,20,Night (20-4),Activity Log
a0965,2023-04-24,Run,5.185,31.78,31.8,0,9.79,16.34,,633,7,38,4,0,Yes,9624836,,2023,2023-04,Monday,7,Morning (7-11),Activity Log
a0966,2023-04-24,Workout,0,20.02,20.02,0,0,0,,,,30,0,0,No,,,2023,2023-04,Monday,8,Morning (7-11),Activity Log
a0967,2023-04-24,Run,5.023,33.02,33.03,0,9.13,17.64,,630,10,43,0,0,Yes,9624836,,2023,2023-04,Monday,21,Night (20-4),Activity Log
a0968,2023-04-25,Workout,0,4.1,4.1,0,0,0,,,,34,0,0,No,,,2023,2023-04,Tuesday,7,Morning (7-11),Activity Log
a0969,2023-04-25,Run,5.054,30.55,30.58,0,9.93,17.45,,625,9,55,0,0,Yes,9624836,,2023,2023-04,Tuesday,8,Morning (7-11),Activity Log
a0970,2023-04-25,Run,5.02,30.55,30.57,0,9.86,17.82,,615,6,36,0,0,Yes,9624836,,2023,2023-04,Tuesday,23,Night (20-4),Activity Log
a0971,2023-04-27,Run,5.014,33.78,36.05,0,8.91,17.3,,615,6,44,0,0,Yes,9624836,Workout,2023,2023-04,Thursday,20,Night (20-4),Activity Log
a0972,2023-04-28,Run,5.035,31.52,31.53,0,9.59,15.39,,612,7,44,0,0,Yes,9624836,Workout,2023,2023-04,Friday,7,Morning (7-11),Activity Log
a0973,2023-04-28,Walk,1.515,22.98,24.25,4.4,3.96,7.11,48.7,192,,36,0,0,No,9624836,,2023,2023-04,Friday,17,Evening (17-20),Activity Log
a0974,2023-04-29,Walk,1.21,12.58,17.42,40.2,5.77,15.59,45.3,153,,17,0,0,No,9624836,,2023,2023-04,Saturday,19,Evening (17-20),Activity Log
a0975,2023-04-30,Hike,17.239,518.48,1235.38,1718.3,1.99,11.7,40.6,2182,,47,1,0,No,9624836,,2023,2023-04,Sunday,5,Early Morning (4-7),Activity Log
a0976,2023-05-02,Run,5.022,30.13,30.15,0,10,18.53,,616,11,53,3,0,Yes,9624836,,2023,2023-05,Tuesday,8,Morning (7-11),Activity Log
a0977,2023-05-02,Workout,0,13.72,13.72,0,0,0,,,,36,0,0,No,,,2023,2023-05,Tuesday,8,Morning (7-11),Activity Log
a0978,2023-05-02,Walk,1.277,20.63,41.13,3,3.71,20.4,44.8,162,,49,0,0,No,9624836,,2023,2023-05,Tuesday,14,Afternoon (14-17),Activity Log
a0979,2023-05-03,Walk,8.023,104.87,105.12,51.6,4.59,8.38,51.1,747,22,63,6,0,No,9624836,,2023,2023-05,Wednesday,17,Evening (17-20),Activity Log
a0980,2023-05-04,Walk,1.252,19.42,42.62,3,3.87,17.1,45.6,158,,38,2,0,No,9624836,,2023,2023-05,Thursday,12,Midday (11-14),Activity Log
a0981,2023-05-05,Run,5.089,35.33,35.35,0,8.64,17.65,,632,6,35,5,0,Yes,9624836,,2023,2023-05,Friday,22,Night (20-4),Activity Log
a0982,2023-05-06,Run,5.034,32.52,32.53,0,9.29,16.29,,614,6,39,7,0,Yes,9624836,,2023,2023-05,Saturday,22,Night (20-4),Activity Log
a0983,2023-05-08,TrailRun,8.156,105.43,117.42,51.8,4.64,7.78,48.8,1043,,46,18,0,No,9624836,,2023,2023-05,Monday,17,Evening (17-20),Activity Log
a0984,2023-05-10,Run,5.025,29.8,29.83,0,10.12,18.08,,611,5,48,5,0,Yes,9624836,,2023,2023-05,Wednesday,7,Morning (7-11),Activity Log
a0985,2023-05-10,Ride,10.652,19.63,19.77,56.9,32.55,67.09,,298,,55,0,0,No,,,2023,2023-05,Wednesday,12,Midday (11-14),Activity Log
a0986,2023-05-10,GravelRide,62.231,128.78,188.03,384.5,28.99,86.07,,3597,,57,8,0,No,,,2023,2023-05,Wednesday,13,Midday (11-14),Activity Log
a0987,2023-05-11,TrailRun,8.113,102.88,120.25,51.7,4.73,7.4,48.4,1038,,53,3,0,No,13383023,,2023,2023-05,Thursday,17,Evening (17-20),Activity Log
a0988,2023-05-12,Run,15.019,95.07,109.18,0,9.48,17.92,,1822,20,49,6,0,Yes,13383023,,2023,2023-05,Friday,3,Night (20-4),Activity Log
a0989,2023-05-13,Run,15.078,92.2,92.23,0,9.81,16.47,,1841,18,44,3,0,Yes,13383023,,2023,2023-05,Saturday,23,Night (20-4),Activity Log
a0990,2023-05-15,Walk,8.143,108.65,109.57,51.7,4.5,8.57,50.5,1031,,51,4,0,No,13383023,,2023,2023-05,Monday,17,Evening (17-20),Activity Log
a0991,2023-05-16,Run,5.011,31.98,32,0,9.4,17.33,,615,5,41,3,0,Yes,13383023,,2023,2023-05,Tuesday,21,Night (20-4),Activity Log
a0992,2023-05-21,Walk,6.868,95.95,98.6,40.4,4.3,6.45,49.6,668,18,59,3,0,No,13383023,,2023,2023-05,Sunday,17,Evening (17-20),Activity Log
a0993,2023-05-22,Walk,1.024,16.78,92.12,5.5,3.66,15.34,33,511,2,27,0,0,No,13383023,,2023,2023-05,Monday,15,Afternoon (14-17),Activity Log
a0994,2023-05-23,Run,10.046,60.93,60.95,0,9.89,18.31,,1213,72,45,12,4,Yes,13383023,,2023,2023-05,Tuesday,19,Evening (17-20),Activity Log
a0995,2023-05-24,Run,10.018,59.52,59.53,0,10.1,16.78,,1196,13,42,2,0,Yes,13383023,,2023,2023-05,Wednesday,20,Night (20-4),Activity Log
a0996,2023-05-30,Workout,0,15.28,15.28,0,0,0,,113,2,24,1,0,Yes,,,2023,2023-05,Tuesday,21,Night (20-4),Activity Log
a0997,2023-05-31,Run,21.201,139.57,139.57,0,9.11,18.45,,2592,35,47,18,4,Yes,13383023,,2023,2023-05,Wednesday,18,Evening (17-20),Activity Log
a0998,2023-05-31,Workout,0,6.55,6.55,0,0,0,,,,33,0,0,No,,,2023,2023-05,Wednesday,20,Night (20-4),Activity Log
a0999,2023-06-01,Run,10.037,68.57,68.57,0,8.78,17.67,,1238,18,47,8,0,Yes,13383023,,2023,2023-06,Thursday,20,Night (20-4),Activity Log
a1000,2023-06-02,Walk,6.878,99.62,100.12,40.4,4.14,7.74,48.7,667,20,46,6,0,No,13383023,,2023,2023-06,Friday,17,Evening (17-20),Activity Log
a1001,2023-06-03,Walk,1.075,17.4,17.88,6.5,3.71,7.01,44.9,116,3,36,2,0,No,,,2023,2023-06,Saturday,13,Midday (11-14),Activity Log
a1002,2023-06-03,Run,10.018,60.48,60.48,0,9.94,16.57,,1200,26,43,9,2,Yes,,,2023,2023-06,Saturday,20,Night (20-4),Activity Log
a1003,2023-06-04,Run,10.041,61.53,61.53,0,9.79,18.14,,1210,20,49,9,6,Yes,,,2023,2023-06,Sunday,6,Early Morning (4-7),Activity Log
a1004,2023-06-04,Workout,0,78.02,78.02,0,,,,541,8,33,2,0,Yes,,,2023,2023-06,Sunday,17,Evening (17-20),Activity Log
a1005,2023-06-05,Walk,1.408,18.23,34.13,3.8,4.63,11.1,46,178,,34,0,0,No,,,2023,2023-06,Monday,13,Midday (11-14),Activity Log
a1006,2023-06-05,Run,10.065,63.68,63.7,0,9.48,16.82,,1213,25,47,2,0,Yes,,,2023,2023-06,Monday,19,Evening (17-20),Activity Log
a1007,2023-06-06,Run,5.142,32.45,68.57,0,9.51,16.68,,612,10,37,0,0,Yes,,,2023,2023-06,Tuesday,21,Night (20-4),Activity Log
a1008,2023-06-09,Run,10.099,59.77,59.8,0,10.14,16.81,,1217,36,42,11,8,Yes,,,2023,2023-06,Friday,4,Early Morning (4-7),Activity Log
a1009,2023-06-10,Run,10.027,70,70.13,0,8.6,17.43,,1239,15,40,5,0,Yes,,,2023,2023-06,Saturday,19,Evening (17-20),Activity Log
a1010,2023-06-11,Walk,10.061,127.87,133.23,101.6,4.72,10.77,50.6,959,40,61,3,0,No,,,2023,2023-06,Sunday,6,Early Morning (4-7),Activity Log
a1011,2023-06-12,TrailRun,5.303,65.42,77.7,20.8,4.86,8.45,48.5,675,,42,1,1,No,,,2023,2023-06,Monday,18,Evening (17-20),Activity Log
a1012,2023-06-15,Run,5.032,32.15,32.18,0,9.39,16,,605,10,37,1,0,Yes,,,2023,2023-06,Thursday,22,Night (20-4),Activity Log
a1013,2023-06-16,Run,6.038,39.22,39.23,0,9.24,16.09,,720,8,33,3,0,Yes,,,2023,2023-06,Friday,22,Night (20-4),Activity Log
a1014,2023-06-19,Walk,1.029,12.4,33.42,3.1,4.98,35.22,49.8,130,,36,0,0,No,,,2023,2023-06,Monday,12,Midday (11-14),Activity Log
a1015,2023-06-19,Walk,5.251,72.48,72.85,20.8,4.35,11.11,49.6,665,,44,5,0,No,,,2023,2023-06,Monday,17,Evening (17-20),Activity Log
a1016,2023-06-20,Walk,5.616,79.82,80.93,25.8,4.22,8.22,49.3,711,,41,5,0,No,,,2023,2023-06,Tuesday,17,Evening (17-20),Activity Log
a1017,2023-06-22,Walk,1.132,15.93,32.88,3.3,4.26,10.12,51.2,143,,39,0,0,No,,,2023,2023-06,Thursday,13,Midday (11-14),Activity Log
a1018,2023-06-24,Walk,2.701,35.32,72.23,8.1,4.59,28.23,46.8,342,,32,1,0,No,,,2023,2023-06,Saturday,17,Evening (17-20),Activity Log
a1019,2023-06-25,Run,10.232,0,117.72,48.5,,13.1,,900,30,61,4,2,No,,,2023,2023-06,Sunday,6,Early Morning (4-7),Activity Log
a1020,2023-06-26,Walk,1.074,14.72,30.08,3.1,4.38,18.98,46.5,136,,34,0,0,No,,,2023,2023-06,Monday,12,Midday (11-14),Activity Log
a1021,2023-06-26,Walk,5.119,76.08,78.47,22.8,4.04,6.36,47.5,514,14,44,0,0,No,,,2023,2023-06,Monday,17,Evening (17-20),Activity Log
a1022,2023-06-29,Walk,5.829,81.62,81.62,31.6,4.29,13.52,49.2,738,,34,2,0,No,,,2023,2023-06,Thursday,8,Morning (7-11),Activity Log
a1023,2023-07-01,Walk,0.357,5.45,5.77,6.3,3.93,7.31,46.6,45,,23,0,0,No,,,2023,2023-07,Saturday,10,Morning (7-11),Activity Log
a1024,2023-07-02,Walk,0.408,5.95,7.47,5.1,4.12,7.57,48.4,52,,30,0,0,No,,,2023,2023-07,Sunday,9,Morning (7-11),Activity Log
a1025,2023-07-06,Walk,4.391,58.47,59.07,54.6,4.51,8.27,50.5,556,,37,1,0,No,,,2023,2023-07,Thursday,14,Afternoon (14-17),Activity Log
a1026,2023-07-07,Walk,1.424,18.88,19.17,8,4.53,7.88,50.2,180,,39,1,0,No,,,2023,2023-07,Friday,9,Morning (7-11),Activity Log
a1027,2023-07-08,Walk,1.518,19.92,24.82,8.8,4.57,7.44,50.2,192,,32,2,0,No,,,2023,2023-07,Saturday,10,Morning (7-11),Activity Log
a1028,2023-07-09,Walk,1.428,16.12,17.3,8.9,5.32,8.61,55.1,181,,38,0,0,No,,,2023,2023-07,Sunday,10,Morning (7-11),Activity Log
a1029,2023-07-11,Walk,1.447,17.92,18.9,8.8,4.85,8.04,52.3,183,,33,0,0,No,,,2023,2023-07,Tuesday,10,Morning (7-11),Activity Log
a1030,2023-07-11,Ride,14.035,17.55,17.55,21.8,47.98,77.43,,260,,43,2,0,No,,,2023,2023-07,Tuesday,15,Afternoon (14-17),Activity Log
a1031,2023-07-12,Walk,1.104,18.82,32.67,3.1,3.52,19.46,,140,,30,0,0,No,,,2023,2023-07,Wednesday,12,Midday (11-14),Activity Log
a1032,2023-07-14,Workout,0,99.92,99.92,0,,,,699,12,34,5,0,Yes,,,2023,2023-07,Friday,19,Evening (17-20),Activity Log
a1033,2023-07-20,Walk,5.053,70.02,70.3,38.7,4.33,8.65,49.7,640,,42,8,0,No,,,2023,2023-07,Thursday,18,Evening (17-20),Activity Log
a1034,2023-07-21,Run,5.025,33.52,33.82,0,8.99,17.03,,411,17,34,4,0,Yes,,,2023,2023-07,Friday,23,Night (20-4),Activity Log
a1035,2023-07-23,Walk,10.243,128.68,129.15,84.2,4.78,14.14,52.4,935,29,4,0,0,No,,,2023,2023-07,Sunday,6,Early Morning (4-7),Activity Log
a1036,2023-07-23,Run,10.296,122.57,129.03,82,5.04,9.5,53.5,1316,,62,12,3,No,,,2023,2023-07,Sunday,6,Early Morning (4-7),Activity Log
a1037,2023-07-28,Walk,4.542,29.93,55.6,51.5,9.11,40.25,,575,,25,0,0,No,,,2023,2023-07,Friday,13,Midday (11-14),Activity Log
a1038,2023-07-31,Workout,0,12.57,12.57,0,,,,,,23,0,0,No,,,2023,2023-07,Monday,17,Evening (17-20),Activity Log
a1039,2023-07-31,Workout,0,12.15,12.15,0,,,,,,21,2,0,No,,,2023,2023-07,Monday,18,Evening (17-20),Activity Log
a1040,2023-07-31,Run,5.021,36.25,36.27,0,8.31,15.83,,611,13,38,2,0,Yes,,,2023,2023-07,Monday,18,Evening (17-20),Activity Log
a1041,2023-08-04,Walk,1.307,28.6,43.37,36.7,2.74,9.02,43.1,165,,22,0,0,No,,,2023,2023-08,Friday,17,Evening (17-20),Activity Log
a1042,2023-08-05,Hike,7.901,168.2,285.92,613.6,2.82,17.33,46.5,1000,,39,0,0,No,,,2023,2023-08,Saturday,10,Morning (7-11),Activity Log
a1043,2023-08-08,Walk,4.05,76.38,92.32,30.1,3.18,24.09,42.9,513,,41,3,0,No,,,2023,2023-08,Tuesday,11,Midday (11-14),Activity Log
a1044,2023-08-12,Walk,2.644,35.33,52.9,4.5,4.49,23.43,49.9,335,,33,0,0,No,,,2023,2023-08,Saturday,15,Afternoon (14-17),Activity Log
a1045,2023-08-13,Run,10.077,104.48,106.93,20.2,5.79,9.43,56.7,1279,,66,11,0,No,,,2023,2023-08,Sunday,6,Early Morning (4-7),Activity Log
a1046,2023-08-13,Walk,10.015,107.12,110.05,20.2,5.61,11.7,,859,217,24,6,3,No,,,2023,2023-08,Sunday,6,Early Morning (4-7),Activity Log
a1047,2023-08-14,Run,5.026,32.68,32.7,0,9.23,15.83,,595,8,44,0,0,Yes,,,2023,2023-08,Monday,22,Night (20-4),Activity Log
a1048,2023-08-19,Hike,1.133,14.52,14.82,18,4.68,7.4,,146,6,27,2,0,No,,,2023,2023-08,Saturday,6,Early Morning (4-7),Activity Log
a1049,2023-08-19,TrailRun,18.749,205.1,361.08,1059.8,5.48,11.74,50.4,3174,,74,18,1,No,,,2023,2023-08,Saturday,6,Early Morning (4-7),Activity Log
a1050,2023-08-19,Hike,18.39,293.62,357.27,952.1,3.76,12.24,,4620,644,29,6,0,No,,,2023,2023-08,Saturday,6,Early Morning (4-7),Activity Log
a1051,2023-08-19,Walk,1.124,18.42,18.8,44,3.66,9.64,45.1,142,,32,0,0,No,,,2023,2023-08,Saturday,12,Midday (11-14),Activity Log
a1052,2023-08-20,TrailRun,18.169,161.95,470.23,1036.6,6.73,39.42,45.8,2995,,57,5,2,No,,,2023,2023-08,Sunday,8,Morning (7-11),Activity Log
a1053,2023-08-22,Walk,4.752,73.97,76.43,104.4,3.85,10.35,46.9,601,,51,3,0,No,,,2023,2023-08,Tuesday,18,Evening (17-20),Activity Log
a1054,2023-08-23,Walk,8.406,149.75,158.37,152.5,3.37,8.33,44,1064,,46,5,0,No,,,2023,2023-08,Wednesday,18,Evening (17-20),Activity Log
a1055,2023-08-24,Walk,0.801,17.37,17.65,26.9,2.77,7.78,42,101,,0,0,0,No,,,2023,2023-08,Thursday,13,Midday (11-14),Activity Log
a1056,2023-08-24,Walk,1.417,24.88,102.7,24.7,3.42,36.04,44.3,179,,29,1,0,No,,,2023,2023-08,Thursday,17,Evening (17-20),Activity Log
a1057,2023-08-24,Walk,1.66,29.85,35.38,51.3,3.34,12.79,42.8,210,,40,0,0,No,,,2023,2023-08,Thursday,20,Night (20-4),Activity Log
a1058,2023-08-25,Walk,15.673,180.88,223.77,211.3,5.2,53.93,44.8,1983,,42,1,0,No,,,2023,2023-08,Friday,16,Afternoon (14-17),Activity Log
a1059,2023-08-26,Run,11.255,116.65,118.63,45.5,5.79,15.13,57.5,1431,,46,15,8,No,,,2023,2023-08,Saturday,22,Night (20-4),Activity Log
a1060,2023-08-26,Run,11.011,116.27,116.92,45.3,5.68,13.05,,923,190,0,12,8,No,,,2023,2023-08,Saturday,22,Night (20-4),Activity Log
a1061,2023-09-02,Walk,5.012,64.95,65.47,26.8,4.63,7.65,50.4,458,12,39,4,0,No,,,2023,2023-09,Saturday,18,Evening (17-20),Activity Log
a1062,2023-09-03,Run,10.153,66.67,66.7,0,9.14,17.72,,1218,16,38,8,0,Yes,,,2023,2023-09,Sunday,6,Early Morning (4-7),Activity Log
a1063,2023-09-03,Walk,5.04,72.03,72.03,26.8,4.2,6.59,49.5,485,13,33,4,0,No,,,2023,2023-09,Sunday,17,Evening (17-20),Activity Log
a1064,2023-09-04,Walk,1.111,19.1,39.6,5.2,3.49,13.75,40.4,236,2,24,0,0,No,,,2023,2023-09,Monday,13,Midday (11-14),Activity Log
a1065,2023-09-04,Workout,0,11.52,11.52,0,,,,,,26,0,0,No,,,2023,2023-09,Monday,20,Night (20-4),Activity Log
a1066,2023-09-04,Run,5.047,35.97,35.98,0,8.42,15.7,,611,7,37,7,0,Yes,,,2023,2023-09,Monday,20,Night (20-4),Activity Log
a1067,2023-09-05,Walk,6.716,89.52,90.07,34.2,4.5,7.55,50.6,626,17,35,6,0,No,,,2023,2023-09,Tuesday,17,Evening (17-20),Activity Log
a1068,2023-09-06,Walk,2.025,29.73,135.03,11.5,4.09,12.86,39.5,751,5,24,1,0,No,,,2023,2023-09,Wednesday,13,Midday (11-14),Activity Log
a1069,2023-09-08,Walk,4.712,78.45,97.08,97.8,3.6,5.93,45.4,602,15,36,1,0,No,,,2023,2023-09,Friday,18,Evening (17-20),Activity Log
a1070,2023-09-09,TrailRun,15.156,184.95,371.82,213.9,4.92,36.22,45,2261,33,52,6,0,No,,,2023,2023-09,Saturday,14,Afternoon (14-17),Activity Log
a1071,2023-09-10,Walk,1.038,15.48,15.48,27.8,4.02,30.38,43.9,95,2,24,1,0,No,,,2023,2023-09,Sunday,8,Morning (7-11),Activity Log
a1072,2023-09-18,Walk,4.514,71.67,72.32,16.2,3.78,6.64,46.9,468,12,30,1,0,No,,,2023,2023-09,Monday,17,Evening (17-20),Activity Log
a1073,2023-09-19,Walk,0.493,8,9.15,7.8,3.7,6.61,49.3,62,,23,0,0,No,,,2023,2023-09,Tuesday,18,Evening (17-20),Activity Log
a1074,2023-09-21,GravelRide,28.156,64.88,66.53,278.1,26.04,72.91,,986,,42,1,0,No,,,2023,2023-09,Thursday,18,Evening (17-20),Activity Log
a1075,2023-09-23,Walk,2.162,48.77,55.25,3.4,2.66,6.13,50.7,274,,23,3,0,No,,,2023,2023-09,Saturday,18,Evening (17-20),Activity Log
a1076,2023-09-30,GravelRide,32.119,120.43,152.18,55.5,16,45.42,,640,,34,3,0,No,,,2023,2023-09,Saturday,6,Early Morning (4-7),Activity Log
a1077,2023-09-30,Canoeing,8.163,69.67,80.67,90.6,7.03,17.16,,,,48,0,0,No,,,2023,2023-09,Saturday,12,Midday (11-14),Activity Log
a1078,2023-10-03,Workout,0,45.08,45.08,0,,,,565,90,26,0,0,Yes,,,2023,2023-10,Tuesday,18,Evening (17-20),Activity Log
a1079,2023-10-04,Walk,1.865,12.13,13.25,11.3,9.22,37.89,52.2,236,,27,0,0,No,,,2023,2023-10,Wednesday,7,Morning (7-11),Activity Log
a1080,2023-10-05,Walk,0.737,10.37,12.9,8.7,4.27,7.86,49.5,93,,25,0,0,No,,,2023,2023-10,Thursday,17,Evening (17-20),Activity Log
a1081,2023-10-07,Walk,1.631,27.57,27.57,9.6,3.55,7.24,50.2,206,,29,1,0,No,,,2023,2023-10,Saturday,11,Midday (11-14),Activity Log
a1082,2023-10-07,Walk,1.262,21.72,21.72,2.6,3.49,8.28,45.1,160,,29,2,0,No,,,2023,2023-10,Saturday,21,Night (20-4),Activity Log
a1083,2023-10-08,Run,5.081,33,33,0,9.24,16.13,,602,7,33,7,0,Yes,,,2023,2023-10,Sunday,9,Morning (7-11),Activity Log
a1084,2023-10-09,Walk,1.813,29.72,34.98,6.4,3.66,15.97,45.8,229,,30,0,0,No,,,2023,2023-10,Monday,7,Morning (7-11),Activity Log
a1085,2023-10-11,Sail,80.237,73.07,107.97,7.4,65.89,56.51,,,,37,0,0,No,,,2023,2023-10,Wednesday,9,Morning (7-11),Activity Log
a1086,2023-10-11,Walk,4.148,47.37,196.37,29.5,5.25,129.05,42.6,525,,36,0,0,No,,,2023,2023-10,Wednesday,17,Evening (17-20),Activity Log
a1087,2023-10-12,Ride,0,35.42,35.42,0,,,,335,15,32,0,0,Yes,,,2023,2023-10,Thursday,6,Early Morning (4-7),Activity Log
a1088,2023-10-12,Walk,2.352,27.45,66.73,14,5.14,24.8,43.2,298,,33,0,0,No,,,2023,2023-10,Thursday,15,Afternoon (14-17),Activity Log
a1089,2023-10-13,Sail,9.589,67.18,217.6,14.3,8.56,12.21,,,,31,1,0,No,,,2023,2023-10,Friday,10,Morning (7-11),Activity Log
a1090,2023-10-14,Sail,79.71,98.1,105.17,9.5,48.75,82.5,,,,31,2,0,No,,,2023,2023-10,Saturday,9,Morning (7-11),Activity Log
a1091,2023-10-22,Walk,3.141,18.65,20.83,51.9,10.1,36.66,50.9,397,,32,0,0,No,,,2023,2023-10,Sunday,10,Morning (7-11),Activity Log
a1092,2023-10-22,Walk,1.072,16.37,83.78,14.3,3.93,9.29,48.9,136,,27,0,0,No,,,2023,2023-10,Sunday,16,Afternoon (14-17),Activity Log
a1093,2023-10-23,Walk,1.181,19.17,89.73,20.7,3.7,8.04,46.7,150,,22,1,0,No,,,2023,2023-10,Monday,16,Afternoon (14-17),Activity Log
a1094,2023-10-23,Walk,0.608,8.35,8.35,0,4.37,8.51,49.7,77,,22,0,0,No,,,2023,2023-10,Monday,19,Evening (17-20),Activity Log
a1095,2023-10-24,Walk,1.614,28.75,90.3,24,3.37,9.15,46.4,204,,26,0,0,No,,,2023,2023-10,Tuesday,14,Afternoon (14-17),Activity Log
a1096,2023-10-26,Walk,1.72,28.18,147.32,33.3,3.66,8.86,44.8,218,,27,1,0,No,,,2023,2023-10,Thursday,15,Afternoon (14-17),Activity Log
a1097,2023-10-26,Walk,1.201,20.83,23.47,26.5,3.46,6.66,45.1,152,,26,0,0,No,,,2023,2023-10,Thursday,19,Evening (17-20),Activity Log
a1098,2023-10-27,Walk,1.677,31.62,93,33.8,3.18,9.68,46.8,212,,24,8,0,No,,,2023,2023-10,Friday,16,Afternoon (14-17),Activity Log
a1099,2023-10-28,Walk,1.505,27.82,77.77,25.1,3.25,7.32,44.2,190,,22,3,0,No,,,2023,2023-10,Saturday,16,Afternoon (14-17),Activity Log
a1100,2023-10-29,Walk,3.279,42.78,44.83,22.6,4.6,8.96,52.1,415,,38,8,0,No,,Commute,2023,2023-10,Sunday,16,Afternoon (14-17),Activity Log
a1101,2023-11-01,Run,10.032,67.73,67.77,0,8.89,15.48,,1203,61,39,19,0,Yes,13383023,,2023,2023-11,Wednesday,20,Night (20-4),Activity Log
a1102,2023-11-02,Run,2.175,15.02,15.08,0,8.69,16.16,,265,3,23,2,0,Yes,13383023,,2023,2023-11,Thursday,21,Night (20-4),Activity Log
a1103,2023-11-12,Walk,4.382,70.75,83.08,81.7,3.72,19.39,46.2,555,,38,0,0,No,13383023,,2023,2023-11,Sunday,18,Evening (17-20),Activity Log
a1104,2023-11-13,Walk,5.624,98.98,115.95,94,3.41,7.81,43.9,712,,39,1,0,No,13383023,,2023,2023-11,Monday,18,Evening (17-20),Activity Log
a1105,2023-11-14,Run,5.029,33.85,33.87,0,8.91,15.29,,602,26,24,12,0,Yes,,,2023,2023-11,Tuesday,21,Night (20-4),Activity Log
a1106,2023-11-15,Run,5.943,70.53,122.47,91.6,5.06,12.96,50,792,,27,7,0,No,15459065,,2023,2023-11,Wednesday,15,Afternoon (14-17),Activity Log
a1107,2023-11-15,Walk,9.462,147.3,168.78,133.7,3.85,8.22,47.8,1197,,30,5,0,No,15459065,Commute,2023,2023-11,Wednesday,17,Evening (17-20),Activity Log
a1108,2023-11-16,Walk,8.232,147.97,262.45,105.2,3.34,8.86,44.4,1042,,39,2,0,No,15459065,Commute,2023,2023-11,Thursday,14,Afternoon (14-17),Activity Log
a1109,2023-11-17,Walk,6.744,114.52,152.27,103.1,3.53,16.34,46.5,853,,28,2,0,No,15459065,Commute,2023,2023-11,Friday,17,Evening (17-20),Activity Log
a1110,2023-11-18,TrailRun,14.088,142.18,296.28,167.7,5.94,12.62,45.5,1827,,67,4,0,No,14532663,,2023,2023-11,Saturday,14,Afternoon (14-17),Activity Log
a1111,2023-11-19,TrailRun,9.166,102.53,178.1,172.9,5.36,8.56,46.1,1220,,48,2,0,No,14532663,,2023,2023-11,Sunday,17,Evening (17-20),Activity Log
a1112,2023-11-20,TrailRun,14.018,126.07,242.13,180.9,6.67,55.71,45.9,1847,,48,1,0,No,14532663,,2023,2023-11,Monday,16,Afternoon (14-17),Activity Log
a1113,2023-11-21,TrailRun,2.716,28.92,55.83,68.9,5.63,9.89,43.5,379,,45,1,0,No,14532663,,2023,2023-11,Tuesday,18,Evening (17-20),Activity Log
a1114,2023-11-22,TrailRun,2.393,29.38,34.27,2.2,4.89,8.32,50.1,291,,35,0,0,No,14532663,,2023,2023-11,Wednesday,11,Midday (11-14),Activity Log
a1115,2023-11-23,TrailRun,0.714,5.68,27.62,17.4,7.54,8.05,40.4,96,,31,0,0,No,14532663,,2023,2023-11,Thursday,8,Morning (7-11),Activity Log
a1116,2023-11-24,TrailRun,1.86,18.98,44.3,58.8,5.88,8.12,45.4,268,,36,0,0,No,14532663,,2023,2023-11,Friday,14,Afternoon (14-17),Activity Log
a1117,2023-12-03,Run,10.02,65.18,65.22,0,9.22,16.26,,1204,106,46,10,0,Yes,,,2023,2023-12,Sunday,6,Early Morning (4-7),Activity Log
a1118,2023-12-03,Run,5.02,32.55,32.57,0,9.25,16.37,,596,31,47,0,0,Yes,,,2023,2023-12,Sunday,21,Night (20-4),Activity Log
a1119,2023-12-07,Run,10.021,70.73,70.75,0,8.5,15.91,,1216,39,40,5,0,Yes,,,2023,2023-12,Thursday,20,Night (20-4),Activity Log
a1120,2023-12-08,Run,5.053,33.48,33.5,0,9.05,14.03,,602,8,33,2,0,Yes,,,2023,2023-12,Friday,7,Morning (7-11),Activity Log
a1121,2023-12-08,Run,10.142,70.25,70.27,0,8.66,15.65,,1219,18,32,5,0,Yes,,,2023,2023-12,Friday,18,Evening (17-20),Activity Log
a1122,2023-12-11,Run,5.141,34.5,34.55,0,8.94,14.25,,412,32,33,1,0,Yes,,,2023,2023-12,Monday,17,Evening (17-20),Activity Log
a1123,2023-12-11,Walk,5.173,75.45,75.45,25.7,4.11,6.93,48.2,502,15,32,5,0,No,15459065,,2023,2023-12,Monday,18,Evening (17-20),Activity Log
a1124,2023-12-13,Run,10.024,62.88,62.9,0,9.56,13.53,,1195,53,42,4,0,Yes,,,2023,2023-12,Wednesday,7,Morning (7-11),Activity Log
a1125,2023-12-13,Workout,0,8.02,8.02,0,0,0,,,,21,0,0,No,,,2023,2023-12,Wednesday,9,Morning (7-11),Activity Log
a1126,2023-12-16,GravelRide,32.973,150.7,238.07,544.6,13.13,44.71,,1195,,9,0,0,No,,,2023,2023-12,Saturday,10,Morning (7-11),Activity Log
a1127,2023-12-20,Walk,5.018,74.95,74.95,23.2,4.02,6,48,495,14,30,0,0,No,15459065,,2023,2023-12,Wednesday,17,Evening (17-20),Activity Log
a1128,2023-12-23,TrailRun,7.02,73.68,162.1,69.6,5.72,30.13,46.2,914,,40,1,0,No,14532663,,2023,2023-12,Saturday,17,Evening (17-20),Activity Log
a1129,2023-12-27,Walk,10.216,139.72,140.12,100,4.39,8.88,50.7,1293,,31,3,0,No,15459065,,2023,2023-12,Wednesday,11,Midday (11-14),Activity Log
a1130,2023-12-27,Walk,10.017,175.48,184.93,305.3,3.42,5.78,44.7,1179,39,42,5,0,No,15459065,,2023,2023-12,Wednesday,16,Afternoon (14-17),Activity Log
a1131,2023-12-30,Walk,6.435,95.3,102.32,75.6,4.05,6.16,46.9,686,20,37,4,0,No,15459065,,2023,2023-12,Saturday,12,Midday (11-14),Activity Log
a1132,2024-01-02,TrailRun,10.018,128.12,190.65,270.3,4.69,7.78,47.7,1308,39,58,14,0,No,15459065,,2024,2024-01,Tuesday,16,Afternoon (14-17),Activity Log
a1133,2024-01-04,TrailRun,1.203,7.13,73.57,24.2,10.12,8.14,43.1,160,,33,1,0,No,14532663,,2024,2024-01,Thursday,9,Morning (7-11),Activity Log
a1134,2024-01-05,Walk,3.544,49.97,61.87,42,4.26,53.16,37.7,387,8,35,2,0,No,15459065,,2024,2024-01,Friday,14,Afternoon (14-17),Activity Log
a1135,2024-01-06,TrailRun,22.671,284.92,305.87,401.3,4.77,7.98,,2100,87,63,24,3,No,14532663,,2024,2024-01,Saturday,6,Early Morning (4-7),Activity Log
a1136,2024-01-07,TrailRun,10.32,124.27,157.92,126.9,4.98,41.17,,1043,29,58,5,1,No,14532663,,2024,2024-01,Sunday,16,Afternoon (14-17),Activity Log
a1137,2024-01-07,Walk,1.598,24.85,28.45,49.5,3.86,13.69,45.9,202,,40,0,0,No,15459065,,2024,2024-01,Sunday,19,Evening (17-20),Activity Log
a1138,2024-01-09,TrailRun,10.739,142.67,188.25,137.4,4.52,9,45.8,1209,31,39,3,0,No,15459065,,2024,2024-01,Tuesday,17,Evening (17-20),Activity Log
a1139,2024-01-12,Workout,0,84.33,84.33,0,0,0,,691,16,28,3,0,Yes,,,2024,2024-01,Friday,9,Morning (7-11),Activity Log
a1140,2024-01-13,TrailRun,34.776,461.3,494.48,841.4,4.52,13.1,49.6,3386,204,70,10,7,No,15459065,,2024,2024-01,Saturday,7,Morning (7-11),Activity Log
a1141,2024-01-14,TrailRun,10.011,133.28,142.2,211.8,4.51,9.41,,971,50,50,4,0,No,14532663,,2024,2024-01,Sunday,17,Evening (17-20),Activity Log
a1142,2024-01-15,Walk,1.354,28.83,28.83,44.9,2.82,5,44.6,185,5,29,0,0,No,15459065,,2024,2024-01,Monday,17,Evening (17-20),Activity Log
a1143,2024-01-15,Walk,3.975,81.63,95.77,108.3,2.92,9.56,43.4,503,,36,3,0,No,15459065,,2024,2024-01,Monday,18,Evening (17-20),Activity Log
a1144,2024-01-18,Walk,7.275,121.65,227.08,114.9,3.59,50.67,39,1334,19,39,9,0,No,15459065,,2024,2024-01,Thursday,12,Midday (11-14),Activity Log
a1145,2024-01-20,TrailRun,1.119,7.12,35.62,8.2,9.44,7.42,40.2,145,,32,0,0,No,15459065,,2024,2024-01,Saturday,17,Evening (17-20),Activity Log
a1146,2024-01-22,Walk,8.713,157.92,175.63,170.8,3.31,9.19,44,1118,31,47,20,0,No,15459065,,2024,2024-01,Monday,17,Evening (17-20),Activity Log
a1147,2024-01-25,Walk,0.7,17.52,24.52,17.6,2.4,5.78,46.2,89,,24,0,0,No,15459065,,2024,2024-01,Thursday,11,Midday (11-14),Activity Log
a1148,2024-01-26,Run,5.02,34.3,34.33,0,8.78,15.42,,599,8,33,8,0,Yes,,,2024,2024-01,Friday,4,Early Morning (4-7),Activity Log
a1149,2024-01-27,Run,5.022,41.5,41.52,0,7.26,15.62,,641,13,34,5,0,Yes,,,2024,2024-01,Saturday,20,Night (20-4),Activity Log
a1150,2024-01-29,Run,5.02,32.42,32.45,0,9.29,15.9,,602,29,43,0,0,Yes,,,2024,2024-01,Monday,7,Morning (7-11),Activity Log
a1151,2024-01-30,Run,5.146,34.17,34.18,0,9.04,15.05,,617,13,37,4,0,Yes,,,2024,2024-01,Tuesday,6,Early Morning (4-7),Activity Log
a1152,2024-01-31,Walk,1.016,13.7,14.35,4.3,4.45,19.38,51.6,129,,33,0,0,No,15459065,,2024,2024-01,Wednesday,19,Evening (17-20),Activity Log
a1153,2024-02-03,Walk,8.085,116.02,116.67,52,4.18,7.21,49.3,792,27,43,3,0,No,15459065,,2024,2024-02,Saturday,17,Evening (17-20),Activity Log
a1154,2024-02-06,Run,5.051,33.27,33.3,0,9.11,14.12,,601,10,52,0,0,Yes,,,2024,2024-02,Tuesday,8,Morning (7-11),Activity Log
a1155,2024-02-06,Walk,8.041,108.98,108.98,52,4.43,7.57,49.8,741,24,45,4,0,No,15459065,,2024,2024-02,Tuesday,17,Evening (17-20),Activity Log
a1156,2024-02-07,Run,5.057,32.03,32.12,0,9.47,15.03,,597,7,47,2,0,Yes,,,2024,2024-02,Wednesday,8,Morning (7-11),Activity Log
a1157,2024-02-07,Run,5.023,32.47,32.48,0,9.28,10.21,,594,11,63,2,0,Yes,,,2024,2024-02,Wednesday,21,Night (20-4),Activity Log
a1158,2024-02-08,Walk,2.379,33.95,34.6,12,4.2,7.43,49.3,301,,29,0,0,No,15459065,,2024,2024-02,Thursday,19,Evening (17-20),Activity Log
a1159,2024-02-08,Run,10.062,67.13,67.15,0,8.99,16.24,,1195,37,38,4,0,Yes,,,2024,2024-02,Thursday,22,Night (20-4),Activity Log
a1160,2024-02-09,Run,3.026,21.32,21.33,0,8.52,16.44,,368,8,49,0,0,Yes,,,2024,2024-02,Friday,10,Morning (7-11),Activity Log
a1161,2024-02-09,Walk,8.844,122.5,154.67,61.4,4.33,7.16,48.1,999,28,45,3,0,No,15459065,,2024,2024-02,Friday,17,Evening (17-20),Activity Log
a1162,2024-02-12,Walk,7.907,71.13,81.1,53.9,6.67,50.37,42.8,519,13,43,4,0,No,15459065,,2024,2024-02,Monday,18,Evening (17-20),Activity Log
a1163,2024-02-14,Run,10.017,68.27,68.28,0,8.8,14.96,,1203,50,53,5,0,Yes,,,2024,2024-02,Wednesday,8,Morning (7-11),Activity Log
a1164,2024-02-16,Walk,2.297,32.92,46.87,16.1,4.19,18.27,48.4,291,,34,3,0,No,15459065,,2024,2024-02,Friday,14,Afternoon (14-17),Activity Log
a1165,2024-02-16,Walk,3.256,50.57,51.73,21.7,3.86,14.11,47.5,347,11,38,4,0,No,15459065,,2024,2024-02,Friday,19,Evening (17-20),Activity Log
a1166,2024-02-17,TrailRun,9.092,123.23,126.17,56.4,4.43,6.96,,851,25,63,14,0,No,14532663,,2024,2024-02,Saturday,17,Evening (17-20),Activity Log
a1167,2024-02-18,Workout,0,35.92,35.92,0,0,0,,248,3,24,0,0,Yes,,,2024,2024-02,Sunday,14,Afternoon (14-17),Activity Log
a1168,2024-02-18,Run,5.023,31.78,31.8,0,9.48,15.5,,594,16,41,0,0,Yes,,,2024,2024-02,Sunday,19,Evening (17-20),Activity Log
a1169,2024-02-20,Walk,2.013,42.32,44.87,14,2.85,7.76,39.9,255,,34,0,0,No,15459065,,2024,2024-02,Tuesday,18,Evening (17-20),Activity Log
a1170,2024-02-23,TrailRun,7.535,100.53,104.68,48.1,4.5,8.1,50.2,963,,44,4,2,No,15459065,,2024,2024-02,Friday,17,Evening (17-20),Activity Log
a1171,2024-02-24,Run,10.01,69.12,69.13,0,8.69,17.81,,1203,26,33,0,0,Yes,,,2024,2024-02,Saturday,5,Early Morning (4-7),Activity Log
a1172,2024-02-24,TrailRun,4.694,53.28,62.32,82.6,5.29,15.89,54,626,,43,0,0,No,15459065,,2024,2024-02,Saturday,19,Evening (17-20),Activity Log
a1173,2024-02-25,Run,21.536,222.95,232.27,349,5.56,14.5,57.8,2794,,90,20,18,No,14532663,Race,2024,2024-02,Sunday,7,Morning (7-11),Activity Log
a1174,2024-02-26,Run,8.893,158.08,158.15,206.1,3.38,13.72,46,1208,,61,0,0,No,,,2024,2024-02,Monday,18,Evening (17-20),Activity Log
a1175,2024-02-28,Run,10.024,69.87,69.88,0,8.61,15.67,,1192,19,41,0,0,Yes,,,2024,2024-02,Wednesday,20,Night (20-4),Activity Log
a1176,2024-02-28,Workout,0,10.68,10.68,0,0,0,,,,26,0,0,No,,,2024,2024-02,Wednesday,21,Night (20-4),Activity Log
a1177,2024-02-29,Run,10.034,74.35,74.37,0,8.1,15.47,,1222,16,46,2,0,Yes,,,2024,2024-02,Thursday,21,Night (20-4),Activity Log
a1178,2024-02-29,Workout,0,7.05,7.05,0,0,0,,,,23,0,0,No,,,2024,2024-02,Thursday,22,Night (20-4),Activity Log
a1179,2024-03-01,GravelRide,10.141,41.23,198.38,11.8,14.76,38.47,,200,,45,0,0,No,,,2024,2024-03,Friday,17,Evening (17-20),Activity Log
a1180,2024-03-01,Walk,0.652,12.63,36.57,0,3.1,6.87,42.7,83,,37,0,0,No,15459065,,2024,2024-03,Friday,20,Night (20-4),Activity Log
a1181,2024-03-02,GravelRide,19.013,65.55,83.08,50.8,17.4,37.26,,327,,50,1,0,No,,,2024,2024-03,Saturday,14,Afternoon (14-17),Activity Log
a1182,2024-03-03,GravelRide,7.592,19.42,29.18,55.3,23.46,63.55,,199,,11,0,0,No,,,2024,2024-03,Sunday,12,Midday (11-14),Activity Log
a1183,2024-03-06,Walk,5.889,62.15,64.03,22.4,5.69,39.28,47.6,745,,44,4,0,No,15459065,,2024,2024-03,Wednesday,18,Evening (17-20),Activity Log
a1184,2024-03-08,Workout,0,35.82,35.82,0,0,0,,244,3,38,2,0,Yes,,,2024,2024-03,Friday,20,Night (20-4),Activity Log
a1185,2024-03-09,Workout,0,61.67,61.67,0,0,0,,419,5,31,3,0,Yes,,,2024,2024-03,Saturday,18,Evening (17-20),Activity Log
a1186,2024-03-13,Walk,0.961,16.43,21.17,10.2,3.51,11.54,45.1,122,,2,1,0,No,15459065,,2024,2024-03,Wednesday,17,Evening (17-20),Activity Log
a1187,2024-03-14,Walk,1.475,25.27,62.32,7.7,3.5,8.45,43.9,187,,3,1,0,No,15459065,,2024,2024-03,Thursday,18,Evening (17-20),Activity Log
a1188,2024-03-16,Walk,2.189,36.65,45.18,16.8,3.58,7.14,45.3,277,,44,0,0,No,15459065,,2024,2024-03,Saturday,18,Evening (17-20),Activity Log
a1189,2024-03-17,Walk,2.603,38.13,49.23,3.4,4.1,17.28,49.2,329,,45,9,0,No,15459065,,2024,2024-03,Sunday,10,Morning (7-11),Activity Log
a1190,2024-03-20,Workout,0,72.78,72.78,0,0,0,,496,8,34,9,0,Yes,,,2024,2024-03,Wednesday,16,Afternoon (14-17),Activity Log
a1191,2024-03-21,Walk,8.173,112.92,112.92,52.3,4.34,8.69,49.6,1034,,44,14,0,No,15459065,,2024,2024-03,Thursday,18,Evening (17-20),Activity Log
a1192,2024-03-22,Walk,8.147,107.28,107.28,54.4,4.56,7.59,51.2,1031,,44,9,1,No,15459065,,2024,2024-03,Friday,17,Evening (17-20),Activity Log
a1193,2024-03-25,Workout,0,72.67,72.67,0,0,0,,494,6,27,2,0,Yes,,,2024,2024-03,Monday,18,Evening (17-20),Activity Log
a1194,2024-03-28,Workout,0,73.47,73.47,0,0,0,,500,7,19,3,0,Yes,,,2024,2024-03,Thursday,17,Evening (17-20),Activity Log
a1195,2024-03-29,GravelRide,8.126,22.87,24.62,38.4,21.32,38.05,,144,,50,3,0,No,,,2024,2024-03,Friday,20,Night (20-4),Activity Log
a1196,2024-03-30,Walk,1.344,4.13,5.75,11.6,19.5,48.56,46.4,170,,38,0,0,No,15459065,,2024,2024-03,Saturday,23,Night (20-4),Activity Log
a1197,2024-03-31,GravelRide,43.891,69.22,99.6,260.5,38.05,75.77,,1625,,24,4,0,No,,,2024,2024-03,Sunday,13,Midday (11-14),Activity Log
a1198,2024-03-31,GravelRide,40.907,129.95,186.35,170.8,18.89,36.11,,758,,30,7,0,No,,,2024,2024-03,Sunday,16,Afternoon (14-17),Activity Log
a1199,2024-04-01,GravelRide,38.034,119.78,132.97,227.3,19.05,42.67,,706,,33,5,0,No,,,2024,2024-04,Monday,6,Early Morning (4-7),Activity Log
a1200,2024-04-01,Walk,0.363,6.05,7.25,2.4,3.6,6.08,44.1,46,,29,5,0,No,15459065,,2024,2024-04,Monday,10,Morning (7-11),Activity Log
a1201,2024-04-04,Run,10.037,68.18,68.22,0,8.83,15.72,,1191,14,41,15,0,Yes,,,2024,2024-04,Thursday,19,Evening (17-20),Activity Log
a1202,2024-04-08,Workout,0,34.05,34.05,0,,,,246,5,28,0,0,Yes,,,2024,2024-04,Monday,11,Midday (11-14),Activity Log
a1203,2024-04-10,Walk,0.731,12.35,15.83,0,3.55,22.85,43,93,,31,2,0,No,,,2024,2024-04,Wednesday,17,Evening (17-20),Activity Log
a1204,2024-04-13,Walk,0.401,6.62,7.52,0,3.63,6.36,45.2,51,,27,1,0,No,,,2024,2024-04,Saturday,16,Afternoon (14-17),Activity Log
a1205,2024-04-14,Workout,0,62.67,62.67,0,,,,428,5,34,7,0,Yes,,,2024,2024-04,Sunday,19,Evening (17-20),Activity Log
a1206,2024-04-16,Walk,7.087,111.35,114.95,44.4,3.82,11.7,46.4,897,,30,22,0,No,,,2024,2024-04,Tuesday,19,Evening (17-20),Activity Log
a1207,2024-04-18,Walk,2.459,35.8,38.05,12.4,4.12,8.85,48,311,,28,9,0,No,,,2024,2024-04,Thursday,19,Evening (17-20),Activity Log
a1208,2024-04-19,Walk,8.166,114.8,116.02,52.2,4.27,19.31,49.4,1033,,38,13,0,No,,,2024,2024-04,Friday,17,Evening (17-20),Activity Log
a1209,2024-04-20,Workout,0,57.08,57.08,0,,,,389,5,24,4,0,Yes,,,2024,2024-04,Saturday,15,Afternoon (14-17),Activity Log
a1210,2024-04-21,Workout,0,42.2,42.2,0,,,,356,10,27,4,0,Yes,,,2024,2024-04,Sunday,11,Midday (11-14),Activity Log
a1211,2024-04-21,Walk,1.003,14.2,14.2,5.6,4.24,17.13,48.8,127,,30,1,0,No,,,2024,2024-04,Sunday,17,Evening (17-20),Activity Log
a1212,2024-04-22,Walk,1.992,28.18,32.92,31.5,4.24,9.76,48.8,252,,23,5,0,No,,,2024,2024-04,Monday,12,Midday (11-14),Activity Log
a1213,2024-04-22,Walk,1.907,28.17,30.78,15,4.06,9.86,45.5,205,6,29,4,0,No,,,2024,2024-04,Monday,12,Midday (11-14),Activity Log
a1214,2024-04-24,GravelRide,7.9,29.95,37.75,44.6,15.83,45.81,,274,,37,3,0,No,,Commute,2024,2024-04,Wednesday,13,Midday (11-14),Activity Log
a1215,2024-04-24,Run,7.036,49.18,49.2,0,8.58,14.54,,833,84,40,7,0,Yes,,,2024,2024-04,Wednesday,22,Night (20-4),Activity Log
a1216,2024-04-27,GravelRide,31.693,23.83,33.63,248.1,79.79,137.79,,1377,,14,8,5,No,,,2024,2024-04,Saturday,14,Afternoon (14-17),Activity Log
a1217,2024-04-27,Walk,2.963,46.77,84.93,39.6,3.8,27.03,49.3,375,,32,8,0,No,,,2024,2024-04,Saturday,16,Afternoon (14-17),Activity Log
a1218,2024-04-28,Walk,3.105,46.63,47.25,52.5,4,7.73,48.2,393,,42,0,0,No,,,2024,2024-04,Sunday,15,Afternoon (14-17),Activity Log
a1219,2024-04-29,Walk,0.594,8.43,11.57,6.9,4.23,7.93,50.2,75,,0,1,0,No,,,2024,2024-04,Monday,8,Morning (7-11),Activity Log
a1220,2024-04-29,Walk,0.57,10.32,12.4,7.7,3.32,12.3,43,72,,0,0,0,No,,,2024,2024-04,Monday,11,Midday (11-14),Activity Log
a1221,2024-04-30,Walk,0.589,9.5,12.03,7.9,3.72,8.93,45.7,75,,0,0,0,No,,,2024,2024-04,Tuesday,9,Morning (7-11),Activity Log
a1222,2024-04-30,Walk,0.596,10.92,12.48,7.6,3.28,6.24,42.4,75,,1,0,0,No,,,2024,2024-04,Tuesday,14,Afternoon (14-17),Activity Log
a1223,2024-05-01,Walk,6.686,86.85,87.72,148.8,4.62,18.03,50.9,846,,36,6,0,No,,,2024,2024-05,Wednesday,8,Morning (7-11),Activity Log
a1224,2024-05-02,Walk,1.127,24.2,107.17,6.4,2.79,10.03,45.3,143,,0,2,0,No,,,2024,2024-05,Thursday,9,Morning (7-11),Activity Log
a1225,2024-05-02,Walk,0.8,12.38,13.62,10.4,3.88,9.94,44.2,101,,1,1,0,No,,,2024,2024-05,Thursday,13,Midday (11-14),Activity Log
a1226,2024-05-03,GravelRide,44.03,161.45,260.6,515.9,16.36,48.38,,1451,,5,9,0,No,,,2024,2024-05,Friday,9,Morning (7-11),Activity Log
a1227,2024-05-03,GravelRide,25.015,76.75,113.83,341.4,19.56,52.78,,737,,7,4,0,No,,,2024,2024-05,Friday,14,Afternoon (14-17),Activity Log
a1228,2024-05-04,GravelRide,87.392,107.97,154.6,1158.1,48.57,110.03,,4287,,21,17,6,No,,,2024,2024-05,Saturday,8,Morning (7-11),Activity Log
a1229,2024-05-05,Walk,10.223,127.03,135.12,38.2,4.83,10.9,52.3,1294,,57,14,0,No,,,2024,2024-05,Sunday,6,Early Morning (4-7),Activity Log
a1230,2024-05-07,Walk,8.161,120.63,121.62,54.4,4.06,17.65,48.6,1033,,38,4,0,No,,,2024,2024-05,Tuesday,18,Evening (17-20),Activity Log
a1231,2024-05-09,Walk,3.216,48.87,59.33,22.5,3.95,15.92,48.2,407,,47,2,0,No,,,2024,2024-05,Thursday,19,Evening (17-20),Activity Log
a1232,2024-05-10,Walk,2.959,45.48,48.7,20,3.9,14.77,46.9,374,,41,3,0,No,,,2024,2024-05,Friday,18,Evening (17-20),Activity Log
a1233,2024-05-11,Walk,10.703,134.87,135.55,69.3,4.76,9.08,51.7,1355,,43,7,0,No,,,2024,2024-05,Saturday,7,Morning (7-11),Activity Log
a1234,2024-05-11,Workout,0,72.92,72.92,0,,,,499,8,29,0,0,Yes,,,2024,2024-05,Saturday,18,Evening (17-20),Activity Log
a1235,2024-05-12,Walk,6.481,101.23,101.5,30.1,3.84,15.3,46.6,820,,30,12,0,No,,,2024,2024-05,Sunday,17,Evening (17-20),Activity Log
a1236,2024-05-13,Walk,2.83,39.57,39.95,19.9,4.29,9.36,49.5,358,,16,0,0,No,,,2024,2024-05,Monday,19,Evening (17-20),Activity Log
a1237,2024-05-14,Walk,2.574,34.67,37.27,16.5,4.46,8.06,50.1,326,,30,7,0,No,,,2024,2024-05,Tuesday,8,Morning (7-11),Activity Log
a1238,2024-05-14,Workout,0,813.25,813.25,0,,,,,104,0,1,0,Yes,,,2024,2024-05,Tuesday,20,Night (20-4),Activity Log
a1239,2024-05-15,Workout,0,46.1,46.1,0,,,,314,5,21,0,0,Yes,,,2024,2024-05,Wednesday,18,Evening (17-20),Activity Log
a1240,2024-05-17,Walk,5.516,87.35,88.17,25.9,3.79,10.3,46.6,698,,34,2,0,No,,,2024,2024-05,Friday,17,Evening (17-20),Activity Log
a1241,2024-05-18,Workout,0,62.72,62.72,0,,,,427,6,39,2,0,Yes,,,2024,2024-05,Saturday,20,Night (20-4),Activity Log
a1242,2024-05-20,Walk,2.749,40.32,45.42,16.5,4.09,11.55,48.2,348,,41,1,0,No,,,2024,2024-05,Monday,9,Morning (7-11),Activity Log
a1243,2024-05-24,Workout,0,61.92,61.92,0,,,,423,7,25,2,0,Yes,,,2024,2024-05,Friday,18,Evening (17-20),Activity Log
a1244,2024-05-24,Walk,2.455,34.05,42.13,8,4.33,32.64,47.8,311,,30,1,0,No,,,2024,2024-05,Friday,19,Evening (17-20),Activity Log
a1245,2024-05-26,Walk,2.523,37.78,40.38,16.9,4.01,7.65,48,319,,33,4,0,No,,,2024,2024-05,Sunday,9,Morning (7-11),Activity Log
a1246,2024-05-27,Walk,1.012,15.67,18.43,7.2,3.88,7.63,48.7,128,,36,1,0,No,,,2024,2024-05,Monday,19,Evening (17-20),Activity Log
a1247,2024-05-27,Workout,0,58.1,58.1,0,,,,394,7,29,3,0,Yes,,,2024,2024-05,Monday,20,Night (20-4),Activity Log
a1248,2024-05-28,GravelRide,6.703,20.38,25.08,25.3,19.73,80.07,,384,,33,4,0,No,,,2024,2024-05,Tuesday,17,Evening (17-20),Activity Log
a1249,2024-05-29,Ride,10.386,21.37,22.93,52.1,29.16,91.82,,488,,32,2,0,No,,,2024,2024-05,Wednesday,5,Early Morning (4-7),Activity Log
a1250,2024-05-29,Ride,5.237,28.77,50.17,10.8,10.92,47.36,,271,,40,0,0,No,,,2024,2024-05,Wednesday,9,Morning (7-11),Activity Log
a1251,2024-05-29,Ride,6.365,23.48,23.48,21.7,16.26,65.32,,226,,45,0,0,No,,,2024,2024-05,Wednesday,18,Evening (17-20),Activity Log
a1252,2024-05-30,GravelRide,5.556,17.55,17.88,80,19,43.26,,218,,35,0,0,No,,,2024,2024-05,Thursday,13,Midday (11-14),Activity Log
a1253,2024-05-31,Ride,10.735,33.57,39.85,21.8,19.19,74.35,,413,,33,0,0,No,,,2024,2024-05,Friday,17,Evening (17-20),Activity Log
a1254,2024-06-03,Walk,1.588,25.62,27.52,10.9,3.72,8.36,45,201,,26,0,0,No,,,2024,2024-06,Monday,16,Afternoon (14-17),Activity Log
a1255,2024-06-03,Walk,1.347,24.17,31.97,0,3.35,5.95,45.2,171,,30,3,0,No,,,2024,2024-06,Monday,17,Evening (17-20),Activity Log
a1256,2024-06-03,Walk,1.702,27.88,29.73,8.3,3.66,7.47,46.1,215,,39,1,0,No,,,2024,2024-06,Monday,19,Evening (17-20),Activity Log
a1257,2024-06-06,Run,10.243,66.02,66.03,0,9.31,15.13,,1218,44,42,9,0,Yes,,,2024,2024-06,Thursday,6,Early Morning (4-7),Activity Log
a1258,2024-06-06,Walk,2.404,34.23,37.7,17,4.21,7.74,49.6,304,,37,1,0,No,,,2024,2024-06,Thursday,9,Morning (7-11),Activity Log
a1259,2024-06-09,Walk,4.864,70.85,70.85,26.1,4.12,8.44,48.6,616,,56,5,0,No,,,2024,2024-06,Sunday,18,Evening (17-20),Activity Log
a1260,2024-06-11,Walk,1.904,31.15,31.47,12.4,3.67,7.27,45.5,241,,26,5,0,No,,,2024,2024-06,Tuesday,18,Evening (17-20),Activity Log
a1261,2024-06-12,Walk,1.167,18.67,18.67,7.3,3.75,10.93,47.9,148,,25,1,0,No,,,2024,2024-06,Wednesday,19,Evening (17-20),Activity Log
a1262,2024-06-14,GravelRide,8.206,24.43,24.72,10.2,20.15,40.32,,135,,0,1,0,No,,,2024,2024-06,Friday,17,Evening (17-20),Activity Log
a1263,2024-06-14,Walk,0.586,12.38,51.47,0,2.84,7.83,48.2,74,,0,0,0,No,,,2024,2024-06,Friday,17,Evening (17-20),Activity Log
a1264,2024-06-15,GravelRide,53.234,205.45,303.48,175.9,15.55,42.37,,1167,,4,5,0,No,,,2024,2024-06,Saturday,7,Morning (7-11),Activity Log
a1265,2024-06-15,GravelRide,28.089,107.2,197.82,136.1,15.72,36.58,,547,,5,0,0,No,,,2024,2024-06,Saturday,14,Afternoon (14-17),Activity Log
a1266,2024-06-16,GravelRide,8.264,26.87,34.53,55.9,18.46,33.54,,224,,12,2,0,No,,,2024,2024-06,Sunday,11,Midday (11-14),Activity Log
a1267,2024-06-16,EBikeRide,57.703,26.8,26.8,505.9,129.19,169.42,,1097,,26,0,0,No,,,2024,2024-06,Sunday,19,Evening (17-20),Activity Log
a1268,2024-06-16,EBikeRide,91.599,53.4,58.27,676.7,102.92,183.31,,2031,,32,7,0,No,,,2024,2024-06,Sunday,20,Night (20-4),Activity Log
a1269,2024-06-17,GravelRide,2.049,25.92,32.47,24.9,4.74,16.5,,293,,27,0,0,No,,,2024,2024-06,Monday,16,Afternoon (14-17),Activity Log
a1270,2024-06-17,Walk,1.135,19.6,23.8,0,3.48,10.19,44,144,,25,0,0,No,,,2024,2024-06,Monday,22,Night (20-4),Activity Log
a1271,2024-06-23,Walk,7.583,106.72,109.28,44.2,4.26,15.67,49.5,960,,41,9,0,No,,,2024,2024-06,Sunday,17,Evening (17-20),Activity Log
a1272,2024-06-28,Walk,0.969,14.95,14.95,7.5,3.89,13.28,48.9,123,,34,0,0,No,,,2024,2024-06,Friday,18,Evening (17-20),Activity Log
a1273,2024-06-30,Walk,18.041,272.63,332.93,256,3.97,50.81,47.8,2283,,37,18,0,No,,,2024,2024-06,Sunday,14,Afternoon (14-17),Activity Log
a1274,2024-07-01,Walk,8.511,130.58,174.88,136.1,3.91,33.73,47.6,1077,,37,5,0,No,,,2024,2024-07,Monday,17,Evening (17-20),Activity Log
a1275,2024-07-02,Walk,8.834,144.63,146.65,162.4,3.66,20.42,46.4,1118,,38,4,0,No,,,2024,2024-07,Tuesday,17,Evening (17-20),Activity Log
a1276,2024-07-03,Walk,8.066,129.12,170.88,128.4,3.75,12.52,47.3,1021,,40,8,0,No,,,2024,2024-07,Wednesday,17,Evening (17-20),Activity Log
a1277,2024-07-04,Walk,8.513,143.4,187.88,153.8,3.56,22.08,46,1077,,43,6,1,No,,,2024,2024-07,Thursday,16,Afternoon (14-17),Activity Log
a1278,2024-07-05,TrailRun,11.141,133.85,173.68,165.7,4.99,10.57,48,1467,,50,3,0,No,,,2024,2024-07,Friday,16,Afternoon (14-17),Activity Log
a1279,2024-07-06,TrailRun,5.139,50.28,93.8,44.3,6.13,10.8,44.6,669,,57,11,0,No,,,2024,2024-07,Saturday,17,Evening (17-20),Activity Log
a1280,2024-07-12,GravelRide,42.843,165.37,178.35,251.2,15.54,41.82,,980,,3,7,0,No,,,2024,2024-07,Friday,13,Midday (11-14),Activity Log
a1281,2024-07-13,GravelRide,57.947,197.82,252.7,460.3,17.58,67.67,,1800,,24,1,0,No,,,2024,2024-07,Saturday,7,Morning (7-11),Activity Log
a1282,2024-07-13,Hike,2.626,53.45,72.78,173.9,2.95,12.1,46.4,332,,40,17,0,No,,,2024,2024-07,Saturday,17,Evening (17-20),Activity Log
a1283,2024-07-14,Hike,3.601,87.03,128.6,215.1,2.48,18.71,42.2,456,,41,1,0,No,,,2024,2024-07,Sunday,14,Afternoon (14-17),Activity Log
a1284,2024-07-15,Run,5.16,33,33,0,9.38,19.14,,609,16,53,7,0,Yes,,,2024,2024-07,Monday,23,Night (20-4),Activity Log
a1285,2024-07-17,Workout,0,35.77,35.77,0,,,,242,3,21,0,0,Yes,,,2024,2024-07,Wednesday,19,Evening (17-20),Activity Log
a1286,2024-07-19,Workout,0,35.18,35.18,0,,,,240,3,24,0,0,Yes,,,2024,2024-07,Friday,19,Evening (17-20),Activity Log
a1287,2024-07-20,Run,12.046,81.43,81.47,0,8.88,14.59,,1434,23,57,8,0,Yes,,,2024,2024-07,Saturday,7,Morning (7-11),Activity Log
a1288,2024-07-20,Workout,0,11.03,11.03,0,,,,,,33,0,0,No,,,2024,2024-07,Saturday,8,Morning (7-11),Activity Log
a1289,2024-07-21,Walk,10.763,155.85,159.17,48.8,4.14,8.71,50.2,1362,,39,2,0,No,,,2024,2024-07,Sunday,16,Afternoon (14-17),Activity Log
a1290,2024-07-22,Run,10.053,62.57,62.58,0,9.64,15.38,,1188,20,48,2,0,Yes,,,2024,2024-07,Monday,4,Early Morning (4-7),Activity Log
a1291,2024-07-22,Workout,0,22.98,22.98,0,,,,,,30,0,0,No,,,2024,2024-07,Monday,5,Early Morning (4-7),Activity Log
a1292,2024-07-23,Run,10.054,67.42,67.43,0,8.95,14.52,,1189,15,32,4,0,Yes,,,2024,2024-07,Tuesday,21,Night (20-4),Activity Log
a1293,2024-07-23,Workout,0,7.98,7.98,0,,,,,,20,0,0,No,,,2024,2024-07,Tuesday,22,Night (20-4),Activity Log
a1294,2024-07-24,Run,10.022,66.38,66.4,0,9.06,16.82,,1203,23,39,6,0,Yes,,,2024,2024-07,Wednesday,21,Night (20-4),Activity Log
a1295,2024-07-24,Workout,0,11.6,11.6,0,,,,,,20,0,0,No,,,2024,2024-07,Wednesday,23,Night (20-4),Activity Log
a1296,2024-07-28,Walk,10.119,99.1,104.15,74,6.13,11.51,61,1011,387,60,4,0,No,,,2024,2024-07,Sunday,6,Early Morning (4-7),Activity Log
a1297,2024-07-29,Workout,0,11.97,11.97,0,,,,,,31,0,0,No,,,2024,2024-07,Monday,7,Morning (7-11),Activity Log
a1298,2024-08-02,Run,2.675,22.77,22.78,0,7.05,16.29,,343,21,33,4,0,Yes,,,2024,2024-08,Friday,6,Early Morning (4-7),Activity Log
a1299,2024-08-02,Run,15.029,99.37,99.38,0,9.07,15.85,,1793,38,50,10,0,Yes,,,2024,2024-08,Friday,7,Morning (7-11),Activity Log
a1300,2024-08-03,Walk,5.267,121.82,145.32,42.4,2.59,6.13,39.5,667,,39,9,0,No,,,2024,2024-08,Saturday,16,Afternoon (14-17),Activity Log
a1301,2024-08-04,Walk,3.283,71.83,117.17,27.2,2.74,5.82,40.6,415,,29,3,0,No,15459065,,2024,2024-08,Sunday,17,Evening (17-20),Activity Log
a1302,2024-08-06,Run,5.072,31.9,31.9,0,9.54,16.08,,600,15,48,1,0,Yes,,,2024,2024-08,Tuesday,7,Morning (7-11),Activity Log
a1303,2024-08-08,Run,5.026,30.25,30.28,0,9.97,17.88,,595,30,60,4,0,Yes,,,2024,2024-08,Thursday,8,Morning (7-11),Activity Log
a1304,2024-08-08,Walk,6.679,129.77,254.92,52.6,3.09,23.91,43.9,845,,36,16,0,No,15459065,,2024,2024-08,Thursday,10,Morning (7-11),Activity Log
a1305,2024-08-15,Walk,4.46,68.75,70.32,15.4,3.89,11.85,47,564,,32,11,0,No,15459065,,2024,2024-08,Thursday,17,Evening (17-20),Activity Log
a1306,2024-08-17,Run,5.056,33.2,33.2,0,9.14,0,,640,,34,2,0,No,,,2024,2024-08,Saturday,18,Evening (17-20),Activity Log
a1307,2024-08-18,Run,5.056,31.6,31.6,0,9.6,0,,640,,52,1,0,No,,,2024,2024-08,Sunday,7,Morning (7-11),Activity Log
a1308,2024-08-18,Walk,5.249,67.75,128.35,95,4.65,43.89,50.9,664,,36,1,0,No,15459065,,2024,2024-08,Sunday,18,Evening (17-20),Activity Log
a1309,2024-08-19,Run,5.035,31.07,31.08,0,9.72,11.58,,594,14,53,1,0,Yes,,,2024,2024-08,Monday,7,Morning (7-11),Activity Log
a1310,2024-08-19,Walk,10.101,141.97,145.68,185.6,4.27,9.96,50.1,1278,,41,10,0,No,15459065,,2024,2024-08,Monday,17,Evening (17-20),Activity Log
a1311,2024-08-20,Run,5.044,32.4,32.42,0,9.34,15.52,,601,8,50,9,0,Yes,,,2024,2024-08,Tuesday,7,Morning (7-11),Activity Log
a1312,2024-08-25,Walk,1.007,15.57,23.57,8.6,3.88,30.34,46.9,127,,27,0,0,No,15459065,,2024,2024-08,Sunday,9,Morning (7-11),Activity Log
a1313,2024-08-26,Workout,0,32.6,32.6,0,0,0,,222,3,27,0,0,Yes,,,2024,2024-08,Monday,20,Night (20-4),Activity Log
a1314,2024-08-28,Walk,6.683,90.25,98.75,95,4.44,15.9,50.7,846,,40,4,0,No,15459065,,2024,2024-08,Wednesday,17,Evening (17-20),Activity Log
a1315,2024-08-29,Walk,4,57.25,95.83,41.7,4.19,20.1,49,506,,24,4,0,No,15459065,,2024,2024-08,Thursday,14,Afternoon (14-17),Activity Log
a1316,2024-08-29,Ride,0,33.03,33.05,0,0,0,,385,45,25,0,0,Yes,,,2024,2024-08,Thursday,16,Afternoon (14-17),Activity Log
a1317,2024-08-30,Walk,6.021,78.68,78.68,70.5,4.59,10.12,52.2,762,,31,4,0,No,15459065,,2024,2024-08,Friday,7,Morning (7-11),Activity Log
a1318,2024-08-30,Walk,1.078,15.42,15.42,0,4.2,27.46,49.2,136,,20,0,0,No,15459065,,2024,2024-08,Friday,13,Midday (11-14),Activity Log
a1319,2024-08-30,Walk,1.217,16.07,16.75,21.4,4.55,21,49.6,154,,28,0,0,No,15459065,,2024,2024-08,Friday,15,Afternoon (14-17),Activity Log
a1320,2024-08-31,Walk,5.214,70.4,70.4,51,4.44,12.75,51.5,660,,41,3,0,No,15459065,,2024,2024-08,Saturday,6,Early Morning (4-7),Activity Log
a1321,2024-09-02,Run,10.078,68.62,68.63,0,8.81,14.88,,1208,63,56,7,0,Yes,,,2024,2024-09,Monday,6,Early Morning (4-7),Activity Log
a1322,2024-09-03,Run,10.048,67.5,67.52,0,8.93,15.07,,1204,65,44,4,0,Yes,,,2024,2024-09,Tuesday,8,Morning (7-11),Activity Log
a1323,2024-09-14,Walk,1.021,23.55,48.75,5.2,2.6,12.23,41.9,129,,30,1,0,No,15459065,,2024,2024-09,Saturday,9,Morning (7-11),Activity Log
a1324,2024-09-14,GravelRide,3.485,24.27,40.58,25.7,8.62,31.38,41.3,190,,30,1,0,No,,,2024,2024-09,Saturday,16,Afternoon (14-17),Activity Log
a1325,2024-09-15,Walk,1.621,26.02,28.4,9.4,3.74,11.71,46.6,205,,33,8,0,No,15459065,,2024,2024-09,Sunday,18,Evening (17-20),Activity Log
a1326,2024-09-20,Run,5.124,32.9,32.92,0,9.35,14.05,,606,11,43,7,0,Yes,,,2024,2024-09,Friday,7,Morning (7-11),Activity Log
a1327,2024-09-28,GravelRide,1.296,6.7,6.97,2.1,11.6,32.86,,48,,25,0,0,No,,,2024,2024-09,Saturday,21,Night (20-4),Activity Log
a1328,2024-09-29,Ride,50.055,208.22,274.8,334.5,14.42,46.01,,1844,,50,10,0,No,,,2024,2024-09,Sunday,11,Midday (11-14),Activity Log
a1329,2024-09-30,Walk,3.509,44.4,45.05,12,4.74,8.51,51.9,444,,41,15,0,No,15459065,,2024,2024-09,Monday,6,Early Morning (4-7),Activity Log
a1330,2024-09-30,Walk,1.016,15.42,20.5,0,3.96,47.35,45.1,129,,32,1,0,No,15459065,,2024,2024-09,Monday,19,Evening (17-20),Activity Log
a1331,2024-10-01,Walk,3.27,54.78,66.4,39.5,3.58,34.23,45.2,414,,42,4,0,No,15459065,,2024,2024-10,Tuesday,6,Early Morning (4-7),Activity Log
a1332,2024-10-02,Walk,5.354,76.92,78.03,14.4,4.18,8.17,48.5,678,,55,11,0,No,15459065,,2024,2024-10,Wednesday,6,Early Morning (4-7),Activity Log
a1333,2024-10-02,Walk,1.716,20.82,21.35,19.1,4.95,55.8,46.7,217,,28,4,0,No,15459065,,2024,2024-10,Wednesday,22,Night (20-4),Activity Log
a1334,2024-10-03,Walk,3.286,57.68,65.85,34.2,3.42,11.54,44.7,416,,46,9,0,No,15459065,,2024,2024-10,Thursday,6,Early Morning (4-7),Activity Log
a1335,2024-10-04,Walk,5.053,77.27,81,43.3,3.92,11.73,48.4,640,,45,4,0,No,15459065,,2024,2024-10,Friday,6,Early Morning (4-7),Activity Log
a1336,2024-10-05,Walk,4.521,73.7,73.7,17,3.68,13.62,45.1,572,,45,10,0,No,15459065,,2024,2024-10,Saturday,18,Evening (17-20),Activity Log
a1337,2024-10-09,Walk,5.053,70.9,70.9,27,4.28,11.74,49.8,640,,26,8,1,No,15459065,,2024,2024-10,Wednesday,7,Morning (7-11),Activity Log
a1338,2024-10-10,Walk,5.186,74.28,74.55,28.5,4.19,8.13,49.2,656,,25,15,0,No,15459065,,2024,2024-10,Thursday,17,Evening (17-20),Activity Log
a1339,2024-10-10,Workout,0,33.28,33.28,0,0,0,,226,3,17,4,0,Yes,,,2024,2024-10,Thursday,21,Night (20-4),Activity Log
a1340,2024-10-11,Walk,6.685,88.82,88.82,36.5,4.52,8.35,51.4,846,,34,13,0,No,15459065,,2024,2024-10,Friday,7,Morning (7-11),Activity Log
a1341,2024-10-12,GravelRide,8.263,20.42,20.42,10,24.28,48.32,,162,,33,0,0,No,,,2024,2024-10,Saturday,16,Afternoon (14-17),Activity Log
a1342,2024-10-13,GravelRide,10.719,47.85,123.1,27.8,13.44,45.92,,415,,6,4,0,No,,,2024,2024-10,Sunday,8,Morning (7-11),Activity Log
a1343,2024-10-13,GravelRide,35.398,148.37,402.38,122.5,14.32,48.13,,882,,12,8,0,No,,,2024,2024-10,Sunday,13,Midday (11-14),Activity Log
a1344,2024-10-15,Walk,5.062,72.5,73.18,29.2,4.19,8.48,49.4,641,,44,2,0,No,15459065,,2024,2024-10,Tuesday,8,Morning (7-11),Activity Log
a1345,2024-10-16,Walk,6.752,91.9,92.37,39.9,4.41,18.61,50.2,855,,33,6,0,No,15459065,,2024,2024-10,Wednesday,8,Morning (7-11),Activity Log
a1346,2024-10-16,EBikeRide,21.049,34.72,34.72,97.4,36.38,54.94,,607,,28,1,0,No,,,2024,2024-10,Wednesday,16,Afternoon (14-17),Activity Log
a1347,2024-10-17,Walk,4.305,74.68,75.7,17.8,3.46,7.89,45.1,545,,33,1,0,No,15459065,,2024,2024-10,Thursday,17,Evening (17-20),Activity Log
a1348,2024-10-19,Walk,1.387,24.8,28.97,4.4,3.36,13.23,44.5,176,,28,2,0,No,15459065,,2024,2024-10,Saturday,19,Evening (17-20),Activity Log
a1349,2024-10-19,Walk,1.729,27.65,28.22,6.5,3.75,22.11,46.6,219,,31,4,0,No,15459065,,2024,2024-10,Saturday,21,Night (20-4),Activity Log
a1350,2024-10-20,Walk,2.495,52.35,54.48,12.2,2.86,23.13,37.6,316,,28,3,0,No,15459065,,2024,2024-10,Sunday,8,Morning (7-11),Activity Log
a1351,2024-10-20,Ride,22.955,27.07,28.15,156.3,50.89,117.84,,947,,31,1,0,No,,,2024,2024-10,Sunday,14,Afternoon (14-17),Activity Log
a1352,2024-10-20,Walk,4.398,69.47,70.23,65.3,3.8,7.63,46.6,557,,30,0,0,No,15459065,,2024,2024-10,Sunday,17,Evening (17-20),Activity Log
a1353,2024-10-21,Ride,4.299,20.25,27.92,67.7,12.74,46.65,,264,,34,0,0,No,,,2024,2024-10,Monday,16,Afternoon (14-17),Activity Log
a1354,2024-10-22,Ride,10.353,26.13,30.65,151.3,23.77,62.36,,433,,27,0,0,No,,,2024,2024-10,Tuesday,9,Morning (7-11),Activity Log
a1355,2024-10-23,Ride,7.312,18.75,23.65,116.3,23.4,62.06,,268,,33,0,0,No,,,2024,2024-10,Wednesday,8,Morning (7-11),Activity Log
a1356,2024-10-24,Ride,7.424,18.02,20.53,120,24.72,64.58,,298,,31,0,0,No,,,2024,2024-10,Thursday,8,Morning (7-11),Activity Log
a1357,2024-10-25,Walk,3.945,60.6,60.6,77.7,3.91,7.49,47.6,499,,22,5,0,No,15459065,,2024,2024-10,Friday,17,Evening (17-20),Activity Log
a1358,2024-10-26,Walk,4.523,62.67,62.67,68.6,4.33,8.22,50.1,572,,24,0,0,No,15459065,,2024,2024-10,Saturday,17,Evening (17-20),Activity Log
a1359,2024-10-27,Run,4.099,29.07,29.08,0,8.46,17.01,,499,6,51,2,0,Yes,,,2024,2024-10,Sunday,20,Night (20-4),Activity Log
a1360,2024-10-28,Run,5.112,34.57,34.58,0,8.87,14.21,,602,13,61,0,0,Yes,,,2024,2024-10,Monday,7,Morning (7-11),Activity Log
a1361,2024-10-31,Run,5.016,33.17,33.18,0,9.07,14.98,,592,11,49,0,0,Yes,,,2024,2024-10,Thursday,7,Morning (7-11),Activity Log
a1362,2024-10-31,Ride,7.121,17,35.23,102.6,25.13,77.62,,317,,30,0,0,No,,,2024,2024-10,Thursday,8,Morning (7-11),Activity Log
a1363,2024-11-01,Run,5.058,33.48,33.5,0,9.06,14.9,,597,8,32,4,0,Yes,,,2024,2024-11,Friday,6,Early Morning (4-7),Activity Log
a1364,2024-11-02,Run,7.678,53.07,53.08,0,8.68,15.34,,906,31,58,5,0,Yes,,,2024,2024-11,Saturday,19,Evening (17-20),Activity Log
a1365,2024-11-03,Run,10.024,68.47,68.48,0,8.78,13.61,,1184,19,49,5,0,Yes,,,2024,2024-11,Sunday,19,Evening (17-20),Activity Log
a1366,2024-11-04,Run,5.031,32.33,32.35,0,9.34,14.4,,595,10,54,1,0,Yes,,,2024,2024-11,Monday,6,Early Morning (4-7),Activity Log
a1367,2024-11-05,Run,5.058,32.27,32.3,0,9.4,16.2,,597,8,55,1,0,Yes,,,2024,2024-11,Tuesday,7,Morning (7-11),Activity Log
a1368,2024-11-06,Run,5.045,33,33.02,0,9.17,14.83,,595,6,52,3,0,Yes,,,2024,2024-11,Wednesday,7,Morning (7-11),Activity Log
a1369,2024-11-06,Ride,6.214,13.67,15.43,95.1,27.28,74.38,,300,,36,0,0,No,,,2024,2024-11,Wednesday,8,Morning (7-11),Activity Log
a1370,2024-11-06,Walk,1.379,18.05,19.42,6.9,4.58,29.7,49.6,174,,36,1,0,No,15459065,,2024,2024-11,Wednesday,12,Midday (11-14),Activity Log
a1371,2024-11-07,Run,5.116,32.08,32.1,0,9.57,15.55,,603,6,66,0,0,Yes,,,2024,2024-11,Thursday,7,Morning (7-11),Activity Log
a1372,2024-11-08,Run,10.046,65.93,65.95,0,9.14,16.92,,1205,18,51,6,0,Yes,,,2024,2024-11,Friday,7,Morning (7-11),Activity Log
a1373,2024-11-09,Run,5.02,35.87,35.88,0,8.4,14.47,,604,7,52,3,0,Yes,,,2024,2024-11,Saturday,7,Morning (7-11),Activity Log
a1374,2024-11-10,Run,21.138,136.6,136.62,0,9.28,16.34,,2494,86,58,8,0,Yes,,,2024,2024-11,Sunday,8,Morning (7-11),Activity Log
a1375,2024-11-11,Run,5.062,34.22,34.23,0,8.88,14.33,,601,7,67,0,0,Yes,,,2024,2024-11,Monday,7,Morning (7-11),Activity Log
a1376,2024-11-12,Run,5.085,33.22,33.23,0,9.18,15.26,,601,7,76,0,0,Yes,,,2024,2024-11,Tuesday,7,Morning (7-11),Activity Log
a1377,2024-11-13,Run,5.05,31.63,31.67,0,9.58,15.55,,592,6,54,0,0,Yes,,,2024,2024-11,Wednesday,6,Early Morning (4-7),Activity Log
a1378,2024-11-13,Walk,1.247,21.05,23.08,14.8,3.55,6.7,43.1,158,,33,0,0,No,15459065,,2024,2024-11,Wednesday,12,Midday (11-14),Activity Log
a1379,2024-11-14,Run,5.036,32.03,32.05,0,9.43,14.76,,593,7,48,2,0,Yes,,,2024,2024-11,Thursday,8,Morning (7-11),Activity Log
a1380,2024-11-15,Run,5.085,32.42,32.42,0,9.41,14.76,,599,6,70,0,0,Yes,,,2024,2024-11,Friday,8,Morning (7-11),Activity Log
a1381,2024-11-16,Run,5.028,32.27,32.28,0,9.35,16.49,,594,28,64,0,0,Yes,,,2024,2024-11,Saturday,7,Morning (7-11),Activity Log
a1382,2024-11-16,Walk,4.574,77.25,77.53,65.8,3.55,6.82,45.7,579,,51,2,0,No,15459065,,2024,2024-11,Saturday,17,Evening (17-20),Activity Log
a1383,2024-11-17,Run,5.032,40.07,40.08,0,7.54,15.26,,633,9,61,0,0,Yes,,,2024,2024-11,Sunday,22,Night (20-4),Activity Log
a1384,2024-11-18,Run,5.022,32.42,32.43,0,9.29,13.9,,594,7,65,2,0,Yes,,,2024,2024-11,Monday,8,Morning (7-11),Activity Log
a1385,2024-11-19,Run,5.022,33.1,33.12,0,9.1,15.7,,597,7,60,0,0,Yes,,,2024,2024-11,Tuesday,6,Early Morning (4-7),Activity Log
a1386,2024-11-19,Ride,5.197,14.22,14.22,42.1,21.93,63.72,,207,,46,0,0,No,,,2024,2024-11,Tuesday,9,Morning (7-11),Activity Log
a1387,2024-11-20,Run,5.024,32.43,32.45,0,9.29,14.33,,591,17,58,0,0,Yes,,,2024,2024-11,Wednesday,6,Early Morning (4-7),Activity Log
a1388,2024-11-21,Run,5.035,32.33,32.35,0,9.34,15.7,,593,6,59,0,0,Yes,,,2024,2024-11,Thursday,6,Early Morning (4-7),Activity Log
a1389,2024-11-22,Run,5.059,32.35,32.35,0,9.38,15.12,,593,6,49,0,0,Yes,,,2024,2024-11,Friday,8,Morning (7-11),Activity Log
a1390,2024-11-23,Run,5.063,32.08,32.08,0,9.47,16.99,,601,7,57,2,0,Yes,,,2024,2024-11,Saturday,8,Morning (7-11),Activity Log
a1391,2024-11-23,Run,6.029,39.47,39.47,0,9.17,15.7,,715,25,48,3,0,Yes,,,2024,2024-11,Saturday,18,Evening (17-20),Activity Log
a1392,2024-11-24,Run,5.068,33.05,33.05,0,9.2,15.26,,602,7,56,1,0,Yes,,,2024,2024-11,Sunday,19,Evening (17-20),Activity Log
a1393,2024-11-25,Run,5.033,32.55,32.55,0,9.28,14.98,,594,6,57,0,0,Yes,,,2024,2024-11,Monday,6,Early Morning (4-7),Activity Log
a1394,2024-11-25,Ride,6.805,13.92,14.32,102.5,29.34,65.59,,241,,39,5,1,No,,,2024,2024-11,Monday,8,Morning (7-11),Activity Log
a1395,2024-11-26,Run,5.073,32.18,32.18,0,9.46,14.98,,596,6,64,0,0,Yes,,,2024,2024-11,Tuesday,7,Morning (7-11),Activity Log
a1396,2024-11-27,Run,5.07,31.75,31.75,0,9.58,13.68,,600,6,57,4,0,Yes,,,2024,2024-11,Wednesday,7,Morning (7-11),Activity Log
a1397,2024-11-28,Run,5.041,32.02,32.02,0,9.45,15.62,,591,27,47,1,0,Yes,,,2024,2024-11,Thursday,7,Morning (7-11),Activity Log
a1398,2024-11-29,Run,5.104,31.97,31.97,0,9.58,15.48,,602,7,39,3,0,Yes,,,2024,2024-11,Friday,19,Evening (17-20),Activity Log
a1399,2024-11-30,Run,6.043,38.37,38.37,0,9.45,15.55,,710,7,52,4,0,Yes,,,2024,2024-11,Saturday,6,Early Morning (4-7),Activity Log
a1400,2024-12-01,Run,5.204,33.85,33.85,0,9.22,15.98,,614,7,49,2,0,Yes,,,2024,2024-12,Sunday,8,Morning (7-11),Activity Log
a1401,2024-12-02,Run,5.525,34.95,34.95,0,9.48,15.77,,650,7,48,1,0,Yes,,,2024,2024-12,Monday,7,Morning (7-11),Activity Log
a1402,2024-12-02,Walk,2.784,45.43,70.72,14.8,3.68,37.08,43.5,352,,31,0,0,No,15459065,,2024,2024-12,Monday,12,Midday (11-14),Activity Log
a1403,2024-12-03,Run,5.091,33.3,33.3,0,9.17,15.55,,599,7,46,0,0,Yes,,,2024,2024-12,Tuesday,8,Morning (7-11),Activity Log
a1404,2024-12-04,Run,5.03,33.97,33.97,0,8.89,13.54,,593,7,34,1,0,Yes,,,2024,2024-12,Wednesday,6,Early Morning (4-7),Activity Log
a1405,2024-12-05,Run,5.02,32.57,32.57,0,9.25,16.13,,596,21,40,0,0,Yes,,,2024,2024-12,Thursday,7,Morning (7-11),Activity Log
a1406,2024-12-05,Walk,1.268,29.87,37.27,8.2,2.55,5.76,40.1,160,,32,0,0,No,15459065,,2024,2024-12,Thursday,18,Evening (17-20),Activity Log
a1407,2024-12-06,Walk,1.59,29.15,33.27,12.6,3.27,7.2,43.7,201,,45,1,0,No,15459065,,2024,2024-12,Friday,5,Early Morning (4-7),Activity Log
a1408,2024-12-06,Run,5.038,32.53,32.53,0,9.29,14.83,,595,7,52,0,0,Yes,,,2024,2024-12,Friday,7,Morning (7-11),Activity Log
a1409,2024-12-07,Run,5.033,32.45,32.45,0,9.31,14.62,,593,7,53,2,0,Yes,,,2024,2024-12,Saturday,6,Early Morning (4-7),Activity Log
a1410,2024-12-08,Run,10.036,67.62,67.62,0,8.91,15.41,,1196,19,59,5,0,Yes,,,2024,2024-12,Sunday,19,Evening (17-20),Activity Log
a1411,2024-12-09,Run,5.032,33.57,33.57,0,8.99,13.68,,597,9,43,0,0,Yes,,,2024,2024-12,Monday,23,Night (20-4),Activity Log
a1412,2024-12-10,Run,5.41,37.5,37.5,0,8.66,13.25,,639,7,39,2,0,Yes,,,2024,2024-12,Tuesday,23,Night (20-4),Activity Log
a1413,2024-12-11,Run,5.032,33.08,33.08,0,9.13,15.98,,596,12,44,0,0,Yes,,,2024,2024-12,Wednesday,20,Night (20-4),Activity Log
a1414,2024-12-12,Run,5.121,33.23,33.23,0,9.25,14.33,,605,7,56,0,0,Yes,,,2024,2024-12,Thursday,7,Morning (7-11),Activity Log
a1415,2024-12-13,Run,5.145,34.37,34.37,0,8.98,15.26,,603,7,55,0,0,Yes,,,2024,2024-12,Friday,8,Morning (7-11),Activity Log
a1416,2024-12-14,Run,5.072,36.08,36.08,0,8.43,15.34,,611,7,56,0,0,Yes,,,2024,2024-12,Saturday,8,Morning (7-11),Activity Log
a1417,2024-12-14,Golf,20.631,269.33,315.85,184.2,4.6,24.84,,1883,56,0,0,0,No,,,2024,2024-12,Saturday,9,Morning (7-11),Activity Log
a1418,2024-12-14,Walk,8.508,141.98,296.08,158.4,3.6,11.74,47,1077,,3,1,0,No,15459065,,2024,2024-12,Saturday,9,Morning (7-11),Activity Log
a1419,2024-12-15,Walk,6.061,106.92,131.37,42.6,3.4,8.5,45.6,767,,58,0,0,No,15459065,,2024,2024-12,Sunday,7,Morning (7-11),Activity Log
a1420,2024-12-15,Walk,7.549,125.12,130.33,41.8,3.62,12.6,33.4,841,22,0,0,0,No,15459065,,2024,2024-12,Sunday,7,Morning (7-11),Activity Log
a1421,2024-12-16,Run,5.201,34.08,34.08,0,9.16,15.41,,612,12,50,2,0,Yes,,,2024,2024-12,Monday,22,Night (20-4),Activity Log
a1422,2024-12-17,Run,5.051,34.37,34.37,0,8.82,15.62,,596,8,52,0,0,Yes,,,2024,2024-12,Tuesday,21,Night (20-4),Activity Log
a1423,2024-12-18,Run,5.148,32.73,32.73,0,9.44,13.75,,606,7,58,0,0,Yes,,,2024,2024-12,Wednesday,8,Morning (7-11),Activity Log
a1424,2024-12-19,Run,5.047,32.92,32.92,0,9.2,15.48,,622,7,48,0,0,Yes,,,2024,2024-12,Thursday,8,Morning (7-11),Activity Log
a1425,2024-12-20,Run,5.213,33.03,33.03,0,9.47,15.55,,640,7,53,0,0,Yes,,,2024,2024-12,Friday,7,Morning (7-11),Activity Log
a1426,2024-12-20,Walk,1.244,14.38,20.07,8.6,5.19,42.38,,157,,48,0,0,No,15459065,,2024,2024-12,Friday,16,Afternoon (14-17),Activity Log
a1427,2024-12-21,Workout,0,30.17,30.17,0,0,0,,232,4,33,0,0,Yes,,,2024,2024-12,Saturday,22,Night (20-4),Activity Log
a1428,2024-12-22,Workout,0,56.57,56.57,0,0,0,,387,6,40,0,0,Yes,,,2024,2024-12,Sunday,23,Night (20-4),Activity Log
a1429,2024-12-23,Walk,2.176,40.03,48.12,29.1,3.26,15.98,42.4,275,,47,2,0,No,15459065,,2024,2024-12,Monday,16,Afternoon (14-17),Activity Log
a1430,2024-12-24,Workout,0,67.88,67.88,0,0,0,,540,13,29,0,0,Yes,,,2024,2024-12,Tuesday,20,Night (20-4),Activity Log
a1431,2024-12-25,GravelRide,2.362,13.95,17.95,162,10.16,18.86,,270,,38,2,0,No,,,2024,2024-12,Wednesday,12,Midday (11-14),Activity Log
a1432,2024-12-26,Workout,0,72.55,72.55,0,0,0,,523,10,33,0,0,Yes,,,2024,2024-12,Thursday,11,Midday (11-14),Activity Log
a1433,2024-12-26,Walk,1.8,44.77,91.13,28.5,2.41,5.9,40.7,228,,42,1,0,No,15459065,,2024,2024-12,Thursday,14,Afternoon (14-17),Activity Log
a1434,2024-12-27,Workout,0,22.48,22.48,0,0,0,,154,2,38,0,0,Yes,,,2024,2024-12,Friday,20,Night (20-4),Activity Log
a1435,2024-12-28,Workout,0,36.62,36.62,0,0,0,,259,5,38,0,0,Yes,,,2024,2024-12,Saturday,11,Midday (11-14),Activity Log
a1436,2024-12-29,Walk,0.552,12.33,21.38,8.8,2.69,6.34,40.3,70,,40,0,0,No,15459065,,2024,2024-12,Sunday,10,Morning (7-11),Activity Log
a1437,2024-12-29,Walk,1.006,19.53,28.67,16.8,3.09,10.37,44.3,127,,45,1,0,No,15459065,,2024,2024-12,Sunday,15,Afternoon (14-17),Activity Log
a1438,2024-12-29,Walk,3.032,60.67,68.43,37.9,3,14.76,43.9,455,11,50,3,0,No,15459065,,2024,2024-12,Sunday,18,Evening (17-20),Activity Log
a1439,2024-12-30,Workout,0,24.22,24.22,0,0,0,,169,2,30,0,0,Yes,,,2024,2024-12,Monday,21,Night (20-4),Activity Log
a1440,2024-12-31,Walk,3.55,30.23,40.38,40.7,7.05,81.72,39.7,449,,35,3,0,No,15459065,,2024,2024-12,Tuesday,11,Midday (11-14),Activity Log
a1441,2025-01-01,Walk,2.17,41.73,45.37,36.2,3.12,8.5,44.2,275,,42,5,0,No,15459065,,2025,2025-01,Wednesday,15,Afternoon (14-17),Activity Log
a1442,2025-01-02,Walk,3.223,58.92,69.7,43.2,3.28,12.54,44,408,,53,5,0,No,15459065,,2025,2025-01,Thursday,18,Evening (17-20),Activity Log
a1443,2025-01-03,Walk,2.124,34.18,71.32,41.2,3.73,24.91,43.9,269,,44,5,0,No,15459065,,2025,2025-01,Friday,13,Midday (11-14),Activity Log
a1444,2025-01-04,Walk,1.883,25.18,78.77,10.6,4.49,28.87,43.7,238,,43,4,0,No,15459065,,2025,2025-01,Saturday,12,Midday (11-14),Activity Log
a1445,2025-01-04,Walk,3.328,55.27,84.07,56.9,3.61,19.15,44.8,421,,52,10,0,No,15459065,,2025,2025-01,Saturday,19,Evening (17-20),Activity Log
a1446,2025-01-05,Walk,2.103,40.98,44.35,26.1,3.08,7.63,41.5,266,,49,11,0,No,15459065,,2025,2025-01,Sunday,11,Midday (11-14),Activity Log
a1447,2025-01-07,Walk,8.831,145.9,153.1,140.7,3.63,9.86,46.8,1118,,45,10,0,No,15459065,,2025,2025-01,Tuesday,18,Evening (17-20),Activity Log
a1448,2025-01-08,Walk,2.703,44.27,48.82,30.5,3.66,9.07,46.4,342,,59,1,0,No,15459065,,2025,2025-01,Wednesday,18,Evening (17-20),Activity Log
a1449,2025-01-10,Walk,1.026,17.68,19.82,25.1,3.48,30.96,46.8,130,,37,0,0,No,15459065,,2025,2025-01,Friday,11,Midday (11-14),Activity Log
a1450,2025-01-10,Walk,7.316,121.63,239.75,85,3.61,75.6,44.6,926,,50,4,0,No,15459065,,2025,2025-01,Friday,11,Midday (11-14),Activity Log
a1451,2025-01-10,Walk,1.225,23.42,24.07,34.4,3.14,7.32,44.3,155,,39,0,0,No,15459065,,2025,2025-01,Friday,18,Evening (17-20),Activity Log
a1452,2025-01-11,Run,27.186,333.07,386.23,475.8,4.9,16.56,49.8,3572,,68,22,3,No,15459065,,2025,2025-01,Saturday,6,Early Morning (4-7),Activity Log
a1453,2025-01-11,Workout,0,12.55,12.55,0,0,0,,,,38,0,0,No,,,2025,2025-01,Saturday,17,Evening (17-20),Activity Log
a1454,2025-01-11,Run,3.89,38.82,73.23,83.2,6.01,9,45.1,529,,50,0,0,No,15459065,,2025,2025-01,Saturday,19,Evening (17-20),Activity Log
a1455,2025-01-12,Walk,1.319,27.58,31.25,29.7,2.87,9.07,41.7,167,,39,2,0,No,15459065,,2025,2025-01,Sunday,17,Evening (17-20),Activity Log
a1456,2025-01-13,Run,10.052,113.18,165.48,218.3,5.33,14.9,47.5,1343,,59,2,0,No,15459065,,2025,2025-01,Monday,18,Evening (17-20),Activity Log
a1457,2025-01-14,Walk,10.058,142.32,170.27,112,4.24,38.45,46.8,1273,,52,0,0,No,15459065,,2025,2025-01,Tuesday,18,Evening (17-20),Activity Log
a1458,2025-01-15,Run,12.008,137.97,239,179.7,5.22,14.76,48.4,1573,,50,2,1,No,15459065,,2025,2025-01,Wednesday,18,Evening (17-20),Activity Log
a1459,2025-01-16,EBikeRide,27.855,77.52,78.6,454.2,21.56,63.79,,854,,45,0,0,No,,,2025,2025-01,Thursday,18,Evening (17-20),Activity Log
a1460,2025-01-17,Walk,7.297,120.95,125.62,105.1,3.62,7.7,46.4,924,,55,5,0,No,15459065,,2025,2025-01,Friday,19,Evening (17-20),Activity Log
a1461,2025-01-19,Run,5.802,48.98,136.53,144,7.11,7.27,42.7,792,,60,3,0,No,15459065,,2025,2025-01,Sunday,17,Evening (17-20),Activity Log
a1462,2025-01-20,Walk,3.709,69.8,73.92,48.1,3.19,17.82,43.6,469,,38,2,0,No,15459065,,2025,2025-01,Monday,18,Evening (17-20),Activity Log
a1463,2025-01-22,Walk,2.146,47.35,68.47,28.3,2.72,14.47,38.2,272,,53,0,0,No,15459065,,2025,2025-01,Wednesday,18,Evening (17-20),Activity Log
a1464,2025-01-23,Walk,3.281,73.55,97.72,49.4,2.68,9.65,41.1,415,,45,8,0,No,15459065,,2025,2025-01,Thursday,18,Evening (17-20),Activity Log
a1465,2025-01-24,Walk,1.448,25.07,44.52,30.7,3.47,23.9,38.1,183,,42,1,0,No,15459065,,2025,2025-01,Friday,12,Midday (11-14),Activity Log
a1466,2025-01-24,Run,5.904,49.6,124.92,178,7.14,7.34,42.4,820,,50,5,1,No,15459065,,2025,2025-01,Friday,18,Evening (17-20),Activity Log
a1467,2025-01-25,TrailRun,10.251,93.48,211.85,319.3,6.58,11.88,45,1486,,64,8,0,No,15459065,,2025,2025-01,Saturday,14,Afternoon (14-17),Activity Log
a1468,2025-01-26,Walk,7.025,109,110.43,126,3.87,10.66,47.8,889,,53,5,0,No,15459065,,2025,2025-01,Sunday,19,Evening (17-20),Activity Log
a1469,2025-01-29,Walk,1.545,18.85,18.85,0,4.92,11.66,52.5,195,,44,1,0,No,15459065,,2025,2025-01,Wednesday,9,Morning (7-11),Activity Log
a1470,2025-01-30,Walk,1.032,12.22,68.88,6.3,5.07,17.64,46.7,131,,0,1,0,No,15459065,,2025,2025-01,Thursday,12,Midday (11-14),Activity Log
a1471,2025-01-31,Walk,5.333,74.6,91.78,46,4.29,22.39,40.1,675,,0,2,0,No,15459065,,2025,2025-01,Friday,10,Morning (7-11),Activity Log
a1472,2025-02-01,Sail,6.962,38.83,43.52,11.2,10.76,60.44,,,,0,0,0,No,,,2025,2025-02,Saturday,15,Afternoon (14-17),Activity Log
a1473,2025-02-02,Sail,80.178,86.05,90.78,12.4,55.91,105.4,,,,0,0,0,No,,,2025,2025-02,Sunday,12,Midday (11-14),Activity Log
a1474,2025-02-07,Walk,6.345,100.3,100.3,43.4,3.8,7.42,47.7,803,,49,0,0,No,15459065,,2025,2025-02,Friday,18,Evening (17-20),Activity Log
a1475,2025-02-08,Walk,6.414,104.32,104.7,43.5,3.69,8.21,46.4,812,,50,0,0,No,15459065,,2025,2025-02,Saturday,18,Evening (17-20),Activity Log
a1476,2025-02-10,Walk,6.164,103.38,105.95,41.4,3.58,8.14,45.9,780,,57,0,0,No,15459065,,2025,2025-02,Monday,17,Evening (17-20),Activity Log
a1477,2025-02-13,Run,11.882,134.83,188.7,99,5.29,8.1,47,1522,,55,0,0,No,15459065,,2025,2025-02,Thursday,16,Afternoon (14-17),Activity Log
a1478,2025-02-14,Run,6.41,70.17,106.9,43.6,5.48,8.35,45.8,817,,57,0,0,No,15459065,,2025,2025-02,Friday,17,Evening (17-20),Activity Log
a1479,2025-02-15,Workout,0,74.48,74.48,0,0,0,,509,5,35,0,0,Yes,,,2025,2025-02,Saturday,15,Afternoon (14-17),Activity Log
a1480,2025-02-16,Walk,4.33,72.47,82.42,89.9,3.59,8.93,45.5,548,,54,0,0,No,15459065,,2025,2025-02,Sunday,18,Evening (17-20),Activity Log
a1481,2025-02-17,Walk,1.592,32.73,38.92,30.6,2.92,21.6,40.1,201,,33,0,0,No,15459065,,2025,2025-02,Monday,17,Evening (17-20),Activity Log
a1482,2025-02-17,Walk,4.052,78.12,80.77,83,3.11,6.91,44,513,,56,0,0,No,15459065,,2025,2025-02,Monday,19,Evening (17-20),Activity Log
a1483,2025-02-18,Walk,2.058,20.48,23.97,24.8,6.03,46.86,42.6,260,,36,0,0,No,15459065,,2025,2025-02,Tuesday,16,Afternoon (14-17),Activity Log
a1484,2025-02-18,Run,12.18,112.5,275.77,161.5,6.5,41.33,46.8,1597,,48,7,4,No,15459065,,2025,2025-02,Tuesday,17,Evening (17-20),Activity Log
a1485,2025-02-19,Walk,30.032,397.33,440.52,833,4.54,75.74,48.9,3801,,51,15,2,No,15459065,,2025,2025-02,Wednesday,6,Early Morning (4-7),Activity Log
a1486,2025-02-19,Run,5.521,57.03,98.9,42.8,5.81,9.5,47.4,703,,48,0,0,No,15459065,,2025,2025-02,Wednesday,19,Evening (17-20),Activity Log
a1487,2025-02-19,Run,5.014,53.98,89.77,105.2,5.57,16.49,46.9,683,,53,0,0,No,15459065,,2025,2025-02,Wednesday,20,Night (20-4),Activity Log
a1488,2025-02-20,Run,6.881,57.18,134.42,131.7,7.22,38.45,45,935,,56,1,1,No,15459065,,2025,2025-02,Thursday,11,Midday (11-14),Activity Log
a1489,2025-02-20,Run,4.034,37.35,79.63,72.4,6.48,32.11,44.9,542,,58,0,0,No,15459065,,2025,2025-02,Thursday,15,Afternoon (14-17),Activity Log
a1490,2025-02-21,Walk,5.08,76.97,77.97,110.1,3.96,8.35,47.8,643,,41,1,0,No,15459065,,2025,2025-02,Friday,18,Evening (17-20),Activity Log
a1491,2025-02-22,Run,21.308,227.8,304.95,522.1,5.61,41.22,51.1,2932,,63,8,4,No,21909132,,2025,2025-02,Saturday,7,Morning (7-11),Activity Log
a1492,2025-02-23,Run,21.755,222.15,232.92,348.3,5.88,15.19,56.4,2824,,96,20,18,No,21909132,,2025,2025-02,Sunday,7,Morning (7-11),Activity Log
a1493,2025-02-23,Workout,0,22.6,22.6,0,0,0,,,,61,0,0,No,,,2025,2025-02,Sunday,12,Midday (11-14),Activity Log
a1494,2025-02-23,Walk,3.408,57.12,63.2,68.6,3.58,8.71,44.1,431,,66,0,0,No,21909132,,2025,2025-02,Sunday,18,Evening (17-20),Activity Log
a1495,2025-02-24,Walk,2.787,52.03,82.1,38.3,3.21,48.24,41.8,353,,46,2,0,No,21909132,,2025,2025-02,Monday,19,Evening (17-20),Activity Log
a1496,2025-02-25,Walk,1.017,14.77,15.33,2.4,4.13,28.94,48.9,129,,43,0,0,No,21909132,,2025,2025-02,Tuesday,16,Afternoon (14-17),Activity Log
a1497,2025-02-26,Walk,6.367,104.62,106.98,33.2,3.65,13.03,44.2,806,,45,0,0,No,21909132,,2025,2025-02,Wednesday,17,Evening (17-20),Activity Log
a1498,2025-02-27,Workout,0,30.27,30.27,0,0,0,,390,64,37,0,0,Yes,,,2025,2025-02,Thursday,17,Evening (17-20),Activity Log
a1499,2025-02-28,Walk,1.744,27.65,28.78,10.4,3.78,7.92,46.3,221,,33,0,0,No,21909132,,2025,2025-02,Friday,16,Afternoon (14-17),Activity Log
a1500,2025-02-28,Workout,0,30.12,30.12,0,0,0,,375,67,30,1,0,Yes,,,2025,2025-02,Friday,17,Evening (17-20),Activity Log
a1501,2025-02-28,Walk,1.86,32.83,33.18,2.6,3.4,6.98,43.5,235,,29,0,0,No,21909132,,2025,2025-02,Friday,19,Evening (17-20),Activity Log
a1502,2025-03-05,Workout,0,30.6,30.6,0,0,0,,346,36,34,0,0,Yes,,,2025,2025-03,Wednesday,10,Morning (7-11),Activity Log
a1503,2025-03-05,Crossfit,0,30.7,30.7,0,0,0,,216,51,33,0,0,Yes,,,2025,2025-03,Wednesday,10,Morning (7-11),Activity Log
a1504,2025-03-05,Walk,5.085,81.28,86.3,19.8,3.75,7.92,46.2,644,,40,2,0,No,21909132,,2025,2025-03,Wednesday,18,Evening (17-20),Activity Log
a1505,2025-03-06,Workout,0,20.85,20.85,0,0,0,,157,3,29,0,0,Yes,,,2025,2025-03,Thursday,22,Night (20-4),Activity Log
a1506,2025-03-07,Walk,5.168,83.98,83.98,17.6,3.69,12.53,46,654,,48,3,0,No,21909132,,2025,2025-03,Friday,17,Evening (17-20),Activity Log
a1507,2025-03-10,Walk,5.381,81.1,83.45,27,3.98,13.18,47.3,681,,48,8,0,No,21909132,,2025,2025-03,Monday,18,Evening (17-20),Activity Log
a1508,2025-03-11,Workout,0,72.05,72.05,0,0,0,,491,5,40,8,0,Yes,,,2025,2025-03,Tuesday,19,Evening (17-20),Activity Log
a1509,2025-03-12,Workout,0,73.07,73.07,0,0,0,,498,5,46,1,0,Yes,,,2025,2025-03,Wednesday,11,Midday (11-14),Activity Log
a1510,2025-03-13,Walk,8.541,135.5,140.1,50.1,3.78,12.38,46.4,1081,,48,13,0,No,21909132,,2025,2025-03,Thursday,16,Afternoon (14-17),Activity Log
a1511,2025-03-14,Workout,0,79.3,79.3,0,0,0,,541,6,39,0,0,Yes,,,2025,2025-03,Friday,18,Evening (17-20),Activity Log
a1512,2025-03-15,Walk,1.07,13.95,17.05,6.6,4.6,12.69,51.1,135,,33,0,0,No,21909132,,2025,2025-03,Saturday,16,Afternoon (14-17),Activity Log
a1513,2025-03-16,Sail,0.377,13.05,22.73,12.4,1.73,5.04,,,,39,2,0,No,,,2025,2025-03,Sunday,11,Midday (11-14),Activity Log
a1514,2025-03-16,Walk,1.944,40.38,81.93,33.6,2.89,22.75,42,246,,44,3,0,No,21909132,,2025,2025-03,Sunday,12,Midday (11-14),Activity Log
a1515,2025-03-16,Walk,5.084,70.85,77.75,120.3,4.31,12.6,50.2,643,,69,4,0,No,21909132,,2025,2025-03,Sunday,16,Afternoon (14-17),Activity Log
a1516,2025-03-17,Walk,3.118,57.43,63.1,51.7,3.26,13.25,44.3,395,,58,3,0,No,21909132,,2025,2025-03,Monday,11,Midday (11-14),Activity Log
a1517,2025-03-20,Walk,4.537,67.2,67.75,16.8,4.05,15.62,46.8,574,,52,8,0,No,21909132,,2025,2025-03,Thursday,18,Evening (17-20),Activity Log
a1518,2025-03-21,Workout,0,73.35,73.35,0,0,0,,500,7,41,1,0,Yes,,,2025,2025-03,Friday,15,Afternoon (14-17),Activity Log
a1519,2025-03-21,Walk,6.549,104.32,106.72,43.6,3.77,10.17,45.2,829,,52,12,0,No,21909132,,2025,2025-03,Friday,17,Evening (17-20),Activity Log
a1520,2025-03-22,Run,5.174,37.15,37.15,0,8.36,15.12,,650,9,60,7,0,Yes,21909132,,2025,2025-03,Saturday,9,Morning (7-11),Activity Log
a1521,2025-03-23,Workout,0,75.07,75.07,0,0,0,,511,7,39,0,0,Yes,,,2025,2025-03,Sunday,19,Evening (17-20),Activity Log
a1522,2025-03-24,Walk,6.379,101.52,101.52,43.5,3.77,7.34,45.6,807,,45,2,0,No,21909132,,2025,2025-03,Monday,18,Evening (17-20),Activity Log
a1523,2025-03-24,Workout,0,80.17,80.17,0,0,0,,548,8,36,0,0,Yes,,,2025,2025-03,Monday,20,Night (20-4),Activity Log
a1524,2025-03-25,Walk,5.144,76.98,77.43,28.7,4.01,15.19,47,651,,62,0,0,No,21909132,,2025,2025-03,Tuesday,17,Evening (17-20),Activity Log
a1525,2025-03-27,Walk,5.123,79.32,79.68,29.1,3.88,11.95,46,648,,55,2,0,No,21909132,,2025,2025-03,Thursday,18,Evening (17-20),Activity Log
a1526,2025-03-28,Hike,7.29,167.63,188.12,677.3,2.61,9.5,39,923,,50,3,0,No,,,2025,2025-03,Friday,12,Midday (11-14),Activity Log
a1527,2025-03-29,Hike,16.118,343.92,459.97,1979.1,2.81,49.9,41.2,2040,,59,8,0,No,,,2025,2025-03,Saturday,7,Morning (7-11),Activity Log
a1528,2025-03-30,TrailRun,7.817,71.82,169.22,47.9,6.53,11.09,46.2,1017,,51,1,0,No,,,2025,2025-03,Sunday,10,Morning (7-11),Activity Log
a1529,2025-03-31,Run,10.061,67.48,67.48,0,8.95,14.83,,1239,23,71,5,0,Yes,21909132,,2025,2025-03,Monday,8,Morning (7-11),Activity Log
a1530,2025-04-01,Walk,4.061,71.92,89.35,94.4,3.39,6.48,44.4,514,,56,0,0,No,21909132,,2025,2025-04,Tuesday,18,Evening (17-20),Activity Log
a1531,2025-04-02,Walk,0.811,12.3,12.93,28.8,3.96,9,49.3,103,,42,2,0,No,21909132,,2025,2025-04,Wednesday,11,Midday (11-14),Activity Log
a1532,2025-04-02,Walk,8.011,144.15,173.82,133.9,3.33,10.37,44.5,1014,,42,13,0,No,21909132,,2025,2025-04,Wednesday,19,Evening (17-20),Activity Log
a1533,2025-04-03,Walk,10.047,164,229.35,91.9,3.68,35.93,45.5,1272,,57,10,0,No,21909132,,2025,2025-04,Thursday,15,Afternoon (14-17),Activity Log
a1534,2025-04-05,Walk,2.633,41.83,44.6,11.2,3.78,10.58,46.8,333,,37,3,0,No,21909132,,2025,2025-04,Saturday,13,Midday (11-14),Activity Log
a1535,2025-04-06,Walk,5.572,77.83,84.9,30.1,4.3,9.43,49.8,705,,55,5,0,No,21909132,,2025,2025-04,Sunday,7,Morning (7-11),Activity Log
a1536,2025-04-07,Workout,0,36.05,36.05,0,0,0,,246,3,29,0,0,Yes,,,2025,2025-04,Monday,17,Evening (17-20),Activity Log
a1537,2025-04-08,Workout,0,38.45,38.45,0,0,0,,261,3,30,1,0,Yes,,,2025,2025-04,Tuesday,16,Afternoon (14-17),Activity Log
a1538,2025-04-08,Walk,3.649,63.65,120.88,11,3.44,47.43,42.1,462,,34,1,0,No,21909132,,2025,2025-04,Tuesday,18,Evening (17-20),Activity Log
a1539,2025-04-09,Walk,2.392,43.15,52.73,5.1,3.33,6.1,43.4,303,,40,0,0,No,21909132,,2025,2025-04,Wednesday,19,Evening (17-20),Activity Log
a1540,2025-04-18,Walk,2.782,40.7,45.13,12.6,4.1,12.64,48.9,352,,19,3,0,No,21909132,,2025,2025-04,Friday,18,Evening (17-20),Activity Log
a1541,2025-04-19,GravelRide,48.061,66.93,71.15,162.6,43.08,81.43,,1839,,0,4,0,No,,,2025,2025-04,Saturday,16,Afternoon (14-17),Activity Log
a1542,2025-04-20,GravelRide,100.757,282.88,453.82,594.9,21.37,64.22,,2765,,0,10,0,No,,,2025,2025-04,Sunday,8,Morning (7-11),Activity Log
a1543,2025-04-21,GravelRide,64.011,165.88,298.28,1171.9,23.15,61.42,,2106,,0,4,2,No,,,2025,2025-04,Monday,11,Midday (11-14),Activity Log
a1544,2025-04-24,Workout,0,31.18,31.18,0,0,0,,,,31,0,0,No,,,2025,2025-04,Thursday,7,Morning (7-11),Activity Log
a1545,2025-04-24,Workout,0,10.68,10.68,0,0,0,,,,35,0,0,No,,,2025,2025-04,Thursday,8,Morning (7-11),Activity Log
a1546,2025-04-24,Workout,0,16.05,16.05,0,0,0,,,,35,0,0,No,,,2025,2025-04,Thursday,8,Morning (7-11),Activity Log
a1547,2025-04-26,Workout,0,15.28,15.28,0,0,0,,147,8,0,2,0,Yes,,,2025,2025-04,Saturday,8,Morning (7-11),Activity Log
a1548,2025-04-30,Walk,2.35,33.97,34.62,11.9,4.15,8.21,48.3,297,,25,2,0,No,21909132,,2025,2025-04,Wednesday,19,Evening (17-20),Activity Log
a1549,2025-05-01,Walk,5.32,79.17,79.17,26.2,4.03,8.42,48,673,,37,22,0,No,21909132,,2025,2025-05,Thursday,18,Evening (17-20),Activity Log
a1550,2025-05-02,Run,5.025,33.82,33.82,0,8.92,14.98,,619,16,30,12,0,Yes,21909132,,2025,2025-05,Friday,19,Evening (17-20),Activity Log
a1551,2025-05-04,Run,10.116,71.52,71.52,0,8.49,14.98,,1251,61,43,22,0,Yes,21909132,,2025,2025-05,Sunday,18,Evening (17-20),Activity Log
a1552,2025-05-05,Walk,7.394,112.15,134.93,28.8,3.96,40.43,47,936,,34,14,0,No,21909132,,2025,2025-05,Monday,16,Afternoon (14-17),Activity Log
a1553,2025-05-06,Walk,6.697,95.73,95.73,36.4,4.2,7.99,49.2,847,,35,1,0,No,21909132,,2025,2025-05,Tuesday,17,Evening (17-20),Activity Log
a1554,2025-05-09,Walk,2.85,40.98,41.58,6.6,4.17,12.89,47.6,361,,36,3,0,No,21909132,,2025,2025-05,Friday,16,Afternoon (14-17),Activity Log
a1555,2025-05-10,Walk,1.351,20.1,40.17,5,4.03,9,47.2,171,,37,2,0,No,21909132,,2025,2025-05,Saturday,19,Evening (17-20),Activity Log
a1556,2025-05-11,Walk,5.705,85.82,92.23,24.9,3.99,9.5,47.8,722,,40,0,0,No,21909132,,2025,2025-05,Sunday,8,Morning (7-11),Activity Log
a1557,2025-05-12,Walk,5.12,72.43,73.22,13.5,4.24,10.3,49.2,648,,40,2,0,No,21909132,,2025,2025-05,Monday,17,Evening (17-20),Activity Log
a1558,2025-05-14,Walk,6.404,88.3,89.37,22.9,4.35,9.07,50,810,,45,8,0,No,21909132,,2025,2025-05,Wednesday,7,Morning (7-11),Activity Log
a1559,2025-05-15,Walk,5.862,77.9,78.25,23.1,4.51,9.54,51.2,742,,45,6,0,No,21909132,,2025,2025-05,Thursday,7,Morning (7-11),Activity Log
a1560,2025-05-19,Workout,0,10.98,10.98,0,0,0,,,,30,0,0,No,,,2025,2025-05,Monday,8,Morning (7-11),Activity Log
a1561,2025-05-19,Run,15.131,119.02,119.02,0,7.63,15.77,,1875,64,48,12,0,Yes,21909132,,2025,2025-05,Monday,8,Morning (7-11),Activity Log
a1562,2025-05-21,Walk,5.076,85.25,85.85,29.1,3.57,7.56,43.6,642,,34,5,0,No,21909132,,2025,2025-05,Wednesday,17,Evening (17-20),Activity Log
a1563,2025-05-22,Run,15.035,105.85,105.85,0,8.52,15.62,,1799,88,48,9,0,Yes,21909132,,2025,2025-05,Thursday,19,Evening (17-20),Activity Log
a1564,2025-05-26,Run,15.025,97.67,97.67,0,9.23,15.62,,1770,36,36,6,0,Yes,21909132,,2025,2025-05,Monday,10,Morning (7-11),Activity Log
a1565,2025-05-27,Walk,6.747,104.52,105,36.4,3.87,11.09,46.7,854,,28,1,0,No,21909132,,2025,2025-05,Tuesday,17,Evening (17-20),Activity Log
a1566,2025-05-28,Workout,0,24.2,24.2,0,0,0,,165,2,23,1,0,Yes,,,2025,2025-05,Wednesday,20,Night (20-4),Activity Log
a1567,2025-05-30,Walk,6.221,99.37,107.72,171.9,3.76,9.29,47.6,787,,29,4,0,No,21909132,,2025,2025-05,Friday,14,Afternoon (14-17),Activity Log
a1568,2025-05-31,Hike,14.897,278.02,301.37,938.9,3.21,12.92,46.6,1885,,30,10,0,No,,,2025,2025-05,Saturday,8,Morning (7-11),Activity Log
a1569,2025-06-01,Walk,5.811,86.82,87.08,31.3,4.02,12.82,48,735,,42,5,0,No,21909132,,2025,2025-06,Sunday,17,Evening (17-20),Activity Log
a1570,2025-06-03,Walk,2.035,20.58,20.58,0,5.93,13.61,,275,4,30,1,0,Yes,21909132,,2025,2025-06,Tuesday,8,Morning (7-11),Activity Log
a1571,2025-06-04,Workout,0,74.2,74.2,0,0,0,,506,7,22,4,0,Yes,,,2025,2025-06,Wednesday,19,Evening (17-20),Activity Log
a1572,2025-06-04,Run,5.109,33.92,33.92,0,9.04,13.97,,601,7,55,6,0,Yes,21909132,,2025,2025-06,Wednesday,22,Night (20-4),Activity Log
a1573,2025-06-07,Walk,6.262,90.17,91.4,24.1,4.17,8.57,49.3,792,,38,12,0,No,21909132,,2025,2025-06,Saturday,7,Morning (7-11),Activity Log
a1574,2025-06-09,Walk,4.203,66.08,66.37,9.8,3.82,7.34,46.4,532,,23,8,0,No,21909132,,2025,2025-06,Monday,17,Evening (17-20),Activity Log
a1575,2025-06-10,Walk,1.708,28.9,29.58,0,3.55,7.85,44.4,216,,27,4,0,No,21909132,,2025,2025-06,Tuesday,18,Evening (17-20),Activity Log
a1576,2025-06-11,Walk,3.02,45.48,45.48,0,3.98,11.3,47,382,,30,10,0,No,21909132,,2025,2025-06,Wednesday,17,Evening (17-20),Activity Log
a1577,2025-06-12,Walk,1.94,24.97,25.23,5.9,4.66,8.35,52,246,,37,5,0,No,21909132,,2025,2025-06,Thursday,7,Morning (7-11),Activity Log
a1578,2025-06-13,Walk,5.268,69.02,69.02,25.7,4.58,11.09,50.9,667,,39,7,0,No,21909132,,2025,2025-06,Friday,17,Evening (17-20),Activity Log
a1579,2025-06-16,Workout,0,80.58,80.58,0,0,0,,554,6,26,6,0,Yes,,,2025,2025-06,Monday,19,Evening (17-20),Activity Log
a1580,2025-06-17,Walk,8.435,126.85,126.85,43.2,3.99,10.51,47.5,1068,,41,7,0,No,21909132,,2025,2025-06,Tuesday,17,Evening (17-20),Activity Log
a1581,2025-06-18,Walk,7.285,98.12,98.12,37.4,4.45,14.18,50.4,922,,34,5,0,No,21909132,,2025,2025-06,Wednesday,18,Evening (17-20),Activity Log
a1582,2025-06-19,Walk,2.921,40.23,53.18,11.8,4.36,34.85,49.8,370,,32,4,0,No,21909132,,2025,2025-06,Thursday,15,Afternoon (14-17),Activity Log
a1583,2025-06-20,Run,5.037,34.83,34.83,0,8.68,13.56,,597,9,43,2,0,Yes,21909132,,2025,2025-06,Friday,20,Night (20-4),Activity Log
a1584,2025-06-21,Walk,7.521,111.27,111.83,42.5,4.06,26.35,47.6,952,,44,2,0,No,21909132,,2025,2025-06,Saturday,17,Evening (17-20),Activity Log
a1585,2025-06-21,Run,8.023,56.93,56.93,0,8.46,15.19,,963,15,46,0,0,Yes,21909132,,2025,2025-06,Saturday,20,Night (20-4),Activity Log
a1586,2025-06-23,Workout,0,72.67,72.67,0,0,0,,493,6,22,0,0,Yes,,,2025,2025-06,Monday,21,Night (20-4),Activity Log
a1587,2025-06-23,Run,10.262,69.42,69.42,0,8.87,15.34,,1215,17,40,6,0,Yes,21909132,,2025,2025-06,Monday,23,Night (20-4),Activity Log
a1588,2025-06-25,Run,10.095,66.72,66.72,0,9.08,15.12,,1192,35,46,0,0,Yes,21909132,,2025,2025-06,Wednesday,8,Morning (7-11),Activity Log
a1589,2025-06-25,Run,5.041,34.97,34.97,0,8.65,14.83,,665,33,45,7,0,Yes,21909132,,2025,2025-06,Wednesday,17,Evening (17-20),Activity Log
a1590,2025-06-26,Walk,9.17,133.5,133.77,52.6,4.12,11.45,48.3,1161,,45,0,0,No,21909132,,2025,2025-06,Thursday,17,Evening (17-20),Activity Log
a1591,2025-06-27,Run,15.09,110.22,110.22,0,8.21,14.98,,1754,47,42,1,0,Yes,21909132,,2025,2025-06,Friday,21,Night (20-4),Activity Log
a1592,2025-06-28,Run,15.031,108.35,108.35,0,8.32,15.05,,1806,34,47,0,0,Yes,21909132,,2025,2025-06,Saturday,21,Night (20-4),Activity Log
a1593,2025-06-29,Run,15.05,109.18,109.18,0,8.27,15.05,,1816,28,48,1,0,Yes,21909132,,2025,2025-06,Sunday,21,Night (20-4),Activity Log
a1594,2025-06-30,Run,12.034,85.22,85.22,0,8.47,15.26,,1436,19,47,2,0,Yes,21909132,,2025,2025-06,Monday,20,Night (20-4),Activity Log
a1595,2025-07-01,Run,12.021,83.98,83.98,0,8.59,14.62,,1421,17,32,6,0,Yes,21909132,,2025,2025-07,Tuesday,21,Night (20-4),Activity Log
a1596,2025-07-02,Run,12.033,77.7,77.7,0,9.29,15.91,,1420,20,33,3,0,Yes,21909132,,2025,2025-07,Wednesday,22,Night (20-4),Activity Log
a1597,2025-07-03,Run,12.053,79.35,79.35,0,9.11,15.84,,1418,16,38,5,0,Yes,21909132,,2025,2025-07,Thursday,22,Night (20-4),Activity Log
a1598,2025-07-04,Walk,5.355,76.53,76.8,26.9,4.2,10.26,48.4,678,,39,3,0,No,21909132,,2025,2025-07,Friday,17,Evening (17-20),Activity Log
a1599,2025-07-05,Run,15.044,99.62,99.62,0,9.06,15.77,,1778,19,58,10,0,Yes,21909132,,2025,2025-07,Saturday,8,Morning (7-11),Activity Log
a1600,2025-07-06,Run,15.043,94.43,94.43,0,9.56,15.05,,1758,18,48,8,0,Yes,21909132,,2025,2025-07,Sunday,8,Morning (7-11),Activity Log
a1601,2025-07-07,Run,15.046,109.62,109.62,0,8.24,16.85,,1842,19,56,5,0,Yes,21909132,,2025,2025-07,Monday,11,Midday (11-14),Activity Log
a1602,2025-07-08,Run,15.042,100.27,100.27,0,9,15.77,,1995,24,37,2,0,Yes,21909132,,2025,2025-07,Tuesday,20,Night (20-4),Activity Log
a1603,2025-07-09,Run,12.033,80.57,80.57,0,8.96,15.84,,1594,17,46,2,0,Yes,21909132,,2025,2025-07,Wednesday,22,Night (20-4),Activity Log
a1604,2025-07-10,Walk,10.093,167.25,169.23,122.4,3.62,7.92,,1277,,44,13,0,No,21909132,,2025,2025-07,Thursday,17,Evening (17-20),Activity Log
a1605,2025-07-11,Walk,9.104,144.4,199.02,80.7,3.78,32.71,,1152,,37,2,0,No,21909132,,2025,2025-07,Friday,12,Midday (11-14),Activity Log
a1606,2025-07-12,Run,12.329,135.3,181.22,367.7,5.47,10.8,,1684,,55,3,2,No,21909132,,2025,2025-07,Saturday,16,Afternoon (14-17),Activity Log
a1607,2025-07-13,Run,13.278,130.95,243.27,214,6.08,9.79,,1750,,52,2,0,No,21909132,,2025,2025-07,Sunday,17,Evening (17-20),Activity Log
a1608,2025-07-14,Run,12.031,80.7,80.7,0,8.94,18.72,,1599,17,59,4,0,Yes,21909132,,2025,2025-07,Monday,5,Early Morning (4-7),Activity Log
a1609,2025-07-14,Walk,1.715,29.22,46.87,28.7,3.52,10.37,,217,,0,0,0,No,21909132,,2025,2025-07,Monday,15,Afternoon (14-17),Activity Log
a1610,2025-07-14,Ride,5.772,16.03,16.18,92.7,21.6,37.66,,216,,0,2,0,No,,,2025,2025-07,Monday,16,Afternoon (14-17),Activity Log
a1611,2025-07-15,Run,5.059,31.47,31.47,0,9.65,15.7,,640,12,45,2,0,Yes,21909132,,2025,2025-07,Tuesday,23,Night (20-4),Activity Log
a1612,2025-07-16,Walk,5.017,57.87,57.87,0,5.2,9.07,,635,,43,2,0,No,21909132,,2025,2025-07,Wednesday,17,Evening (17-20),Activity Log
a1613,2025-07-18,Walk,1.463,17.43,18.73,4.6,5.03,8.57,,134,4,38,1,0,No,21909132,,2025,2025-07,Friday,8,Morning (7-11),Activity Log
a1614,2025-07-18,Walk,6.032,94.33,100.43,115.2,3.84,7.99,,763,,25,0,0,No,21909132,,2025,2025-07,Friday,17,Evening (17-20),Activity Log
a1615,2025-07-19,Walk,2.146,35.92,38.55,43.6,3.58,7.15,,272,,28,6,0,No,21909132,,2025,2025-07,Saturday,7,Morning (7-11),Activity Log
a1616,2025-07-19,Hike,8.017,161.58,265.05,304.6,2.98,13.18,,1015,,35,2,0,No,,,2025,2025-07,Saturday,9,Morning (7-11),Activity Log
a1617,2025-07-19,Walk,6.133,111.08,118.1,129.4,3.31,6.6,,776,,32,7,0,No,21909132,,2025,2025-07,Saturday,16,Afternoon (14-17),Activity Log
a1618,2025-07-20,Walk,6.531,87.17,87.45,20,4.5,13.1,,827,,55,0,0,No,21909132,,2025,2025-07,Sunday,18,Evening (17-20),Activity Log
a1619,2025-07-21,Walk,2.327,42.35,47.17,6.6,3.3,26.96,,294,,38,2,0,No,21909132,,2025,2025-07,Monday,20,Night (20-4),Activity Log
a1620,2025-07-23,Walk,2.013,25.92,25.92,6.2,4.66,8.64,,255,,48,2,0,No,21909132,,2025,2025-07,Wednesday,11,Midday (11-14),Activity Log
a1621,2025-07-23,Run,15.035,103.48,103.48,0,8.72,15.55,,1788,24,50,0,0,Yes,21909132,,2025,2025-07,Wednesday,22,Night (20-4),Activity Log
a1622,2025-07-24,Run,10.084,68.68,68.68,0,8.81,17.06,,1203,14,41,2,0,Yes,21909132,,2025,2025-07,Thursday,20,Night (20-4),Activity Log
a1623,2025-07-26,GravelRide,21.156,107.38,154.97,392.9,11.82,40.46,,1204,,50,4,0,No,,,2025,2025-07,Saturday,15,Afternoon (14-17),Activity Log
a1624,2025-07-26,Run,5.042,33.53,33.53,0,9.02,15.55,,599,8,50,0,0,Yes,21909132,,2025,2025-07,Saturday,23,Night (20-4),Activity Log
a1625,2025-07-27,Run,21.518,135.27,135.27,0,9.54,16.78,,2516,30,62,2,0,Yes,21909132,,2025,2025-07,Sunday,5,Early Morning (4-7),Activity Log
a1626,2025-07-30,Walk,12.567,168.68,176.7,58.6,4.47,8.93,,1590,,42,6,0,No,21909132,,2025,2025-07,Wednesday,11,Midday (11-14),Activity Log
a1627,2025-07-30,Walk,3.261,45.17,46.03,22.3,4.33,8.78,,413,,36,1,0,No,21909132,,2025,2025-07,Wednesday,19,Evening (17-20),Activity Log
a1628,2025-07-31,Run,15.017,97.18,97.18,0,9.27,14.4,,1757,24,45,5,0,Yes,21909132,,2025,2025-07,Thursday,19,Evening (17-20),Activity Log
a1629,2025-08-01,Walk,0.225,3.45,3.45,3.5,3.92,10.3,,28,,27,0,0,No,21909132,,2025,2025-08,Friday,16,Afternoon (14-17),Activity Log
a1630,2025-08-02,Run,15.203,100.5,100.5,0,9.08,15.84,,1795,59,57,12,0,Yes,21909132,,2025,2025-08,Saturday,20,Night (20-4),Activity Log
a1631,2025-08-03,Walk,15.056,205.3,219.03,59.2,4.4,28.32,,1905,,55,16,4,No,21909132,Commute,2025,2025-08,Sunday,9,Morning (7-11),Activity Log
a1632,2025-08-05,GravelRide,7.003,23.23,27.33,24.6,18.09,32.98,,98,,0,0,0,No,,,2025,2025-08,Tuesday,13,Midday (11-14),Activity Log
a1633,2025-08-05,Walk,0.684,10.68,13.42,5.7,3.84,7.42,,87,,0,0,0,No,21909132,,2025,2025-08,Tuesday,14,Afternoon (14-17),Activity Log
a1634,2025-08-05,Walk,0.953,17.25,34.3,12.7,3.31,8.57,,121,,0,0,0,No,21909132,,2025,2025-08,Tuesday,14,Afternoon (14-17),Activity Log
a1635,2025-08-06,Walk,4.601,73.4,74.15,9,3.76,8.5,,582,,43,2,0,No,21909132,,2025,2025-08,Wednesday,16,Afternoon (14-17),Activity Log
a1636,2025-08-07,Run,10.114,71.07,71.07,0,8.54,15.26,,1203,18,53,9,0,Yes,21909132,,2025,2025-08,Thursday,22,Night (20-4),Activity Log
a1637,2025-08-08,Walk,15.507,232,257.28,69.5,4.01,11.59,,1962,,45,1,0,No,21909132,Commute,2025,2025-08,Friday,10,Morning (7-11),Activity Log
a1638,2025-08-09,Walk,3.471,48.63,54.77,58.5,4.28,7.13,,439,,38,0,0,No,21909132,,2025,2025-08,Saturday,16,Afternoon (14-17),Activity Log
a1639,2025-08-09,Walk,3.39,50.3,50.83,53,4.04,7.39,,429,,39,1,0,No,21909132,,2025,2025-08,Saturday,18,Evening (17-20),Activity Log
a1640,2025-08-10,Walk,7.375,117.15,143.18,114.7,3.78,7.62,,933,,57,3,0,No,21909132,,2025,2025-08,Sunday,12,Midday (11-14),Activity Log
a1641,2025-08-10,Run,6.112,97.6,112.78,54.2,3.76,8.21,,783,,44,3,0,No,21909132,,2025,2025-08,Sunday,18,Evening (17-20),Activity Log
a1642,2025-08-11,Run,5.017,59.77,104.38,75.4,5.04,8.14,,659,,36,0,0,No,21909132,,2025,2025-08,Monday,7,Morning (7-11),Activity Log
a1643,2025-08-11,Run,4.754,55.85,90.95,64.3,5.11,28.15,,620,,42,1,0,No,21909132,,2025,2025-08,Monday,16,Afternoon (14-17),Activity Log
a1644,2025-08-12,Run,5.039,82.73,103.25,70.2,3.65,8.71,,659,,55,2,0,No,21909132,,2025,2025-08,Tuesday,8,Morning (7-11),Activity Log
a1645,2025-08-13,Run,5.08,33.93,33.93,0,8.98,15.48,,593,7,51,1,0,Yes,21909132,,2025,2025-08,Wednesday,20,Night (20-4),Activity Log
a1646,2025-08-15,Run,1.279,14.9,20.28,8.4,5.15,9,,164,,29,0,0,No,21909132,,2025,2025-08,Friday,17,Evening (17-20),Activity Log
a1647,2025-08-19,Run,5.655,97.35,97.4,27.9,3.49,7.07,,738,,39,2,0,No,21909132,,2025,2025-08,Tuesday,13,Midday (11-14),Activity Log
a1648,2025-08-21,Run,1.851,20.78,31.18,26.4,5.34,8.35,,250,,29,0,0,No,21909132,,2025,2025-08,Thursday,12,Midday (11-14),Activity Log
a1649,2025-08-21,Run,1.562,17.67,22.92,23.8,5.31,8.88,,209,,0,0,0,No,21909132,,2025,2025-08,Thursday,13,Midday (11-14),Activity Log
a1650,2025-08-21,Run,2.021,38.62,38.65,18.7,3.14,17.21,,265,,40,2,0,No,21909132,,2025,2025-08,Thursday,13,Midday (11-14),Activity Log
a1651,2025-08-22,Run,5.019,52.98,87.92,17.2,5.68,7.2,,638,,39,2,0,No,21909132,,2025,2025-08,Friday,19,Evening (17-20),Activity Log
a1652,2025-08-23,TrailRun,15.016,158.8,331.07,836.3,5.67,8.78,,2524,,56,14,0,No,,,2025,2025-08,Saturday,6,Early Morning (4-7),Activity Log
a1653,2025-08-23,Walk,5.357,71.02,72.52,5,4.53,7.99,,678,,40,2,0,No,21909132,,2025,2025-08,Saturday,19,Evening (17-20),Activity Log
a1654,2025-08-25,Workout,0,72.8,72.8,0,0,0,,496,6,27,0,0,Yes,,,2025,2025-08,Monday,19,Evening (17-20),Activity Log
a1655,2025-09-03,Workout,0,25.65,25.65,0,0,0,,,,20,1,0,No,,,2025,2025-09,Wednesday,23,Night (20-4),Activity Log
a1656,2025-09-04,Workout,0,14.13,14.13,0,0,0,,,,32,0,0,No,,,2025,2025-09,Thursday,9,Morning (7-11),Activity Log
a1657,2025-09-07,Walk,6.047,97.58,98.45,24.9,3.72,7.7,,765,,39,12,0,No,21909132,,2025,2025-09,Sunday,16,Afternoon (14-17),Activity Log
a1658,2025-09-09,Workout,0,78.08,78.08,0,0,0,,532,10,23,4,0,Yes,,,2025,2025-09,Tuesday,20,Night (20-4),Activity Log
a1659,2025-09-17,Workout,0,35.78,35.78,0,0,0,,244,3,25,8,0,Yes,,,2025,2025-09,Wednesday,20,Night (20-4),Activity Log
a1660,2025-09-18,Walk,6.766,102.22,103.88,31.9,3.97,10.7,,856,,30,17,0,No,21909132,,2025,2025-09,Thursday,17,Evening (17-20),Activity Log
a1661,2025-09-19,Run,5.02,34.28,34.28,0,8.78,14.98,,664,13,29,6,0,Yes,21909132,,2025,2025-09,Friday,20,Night (20-4),Activity Log
a1662,2025-09-20,Run,5.061,39.98,39.98,0,7.59,14.69,,695,7,33,16,0,Yes,21909132,,2025,2025-09,Saturday,21,Night (20-4),Activity Log
a1663,2025-09-21,Run,5.265,38,38,0,8.31,14.62,,630,10,44,5,0,Yes,21909132,,2025,2025-09,Sunday,18,Evening (17-20),Activity Log
a1664,2025-09-22,Run,5.038,34.13,34.13,0,8.86,15.62,,596,13,35,2,0,Yes,21909132,,2025,2025-09,Monday,22,Night (20-4),Activity Log
a1665,2025-09-26,Walk,1.053,24.62,24.62,0,2.57,7.33,,133,,20,0,0,No,21909132,,2025,2025-09,Friday,19,Evening (17-20),Activity Log
a1666,2025-09-27,Walk,3.299,22.25,39.52,6.2,8.9,41.83,,418,,34,0,0,No,21909132,,2025,2025-09,Saturday,14,Afternoon (14-17),Activity Log
a1667,2025-09-28,Walk,21.058,239.58,244.38,71.8,5.27,9.94,,2665,,43,4,0,No,21909132,,2025,2025-09,Sunday,6,Early Morning (4-7),Activity Log
a1668,2025-09-28,Walk,3.068,50.27,50.57,5.4,3.66,13.32,,388,,40,2,0,No,21909132,,2025,2025-09,Sunday,18,Evening (17-20),Activity Log
a1669,2025-09-29,Walk,5.166,82.57,83.35,23.6,3.75,8.14,,654,,36,0,0,No,21909132,,2025,2025-09,Monday,17,Evening (17-20),Activity Log
a1670,2025-09-30,Run,10.036,67.45,67.45,0,8.93,15.62,,1195,27,46,2,0,Yes,21909132,,2025,2025-09,Tuesday,8,Morning (7-11),Activity Log
a1671,2025-10-01,Walk,5.03,88.55,89.37,13.1,3.41,8.57,,637,,36,1,0,No,21909132,,2025,2025-10,Wednesday,17,Evening (17-20),Activity Log
a1672,2025-10-03,Walk,5.033,95.57,97.62,7,3.16,9,,637,,33,4,0,No,21909132,,2025,2025-10,Friday,18,Evening (17-20),Activity Log
a1673,2025-10-05,Walk,10.113,158.27,160.03,46.8,3.83,10.87,,1280,,49,16,0,No,21909132,,2025,2025-10,Sunday,16,Afternoon (14-17),Activity Log
a1674,2025-10-07,Walk,10.206,131.37,134.93,43.9,4.66,10.8,,1292,,49,13,1,No,21909132,,2025,2025-10,Tuesday,6,Early Morning (4-7),Activity Log
a1675,2025-10-08,Run,5.14,57.65,57.65,0,5.35,7.27,,490,115,47,5,0,Yes,21909132,,2025,2025-10,Wednesday,19,Evening (17-20),Activity Log
a1676,2025-10-09,Run,5.063,63.83,63.83,0,4.76,10.58,,509,169,42,9,0,Yes,21909132,,2025,2025-10,Thursday,19,Evening (17-20),Activity Log
a1677,2025-10-10,Run,5.03,59.03,59.03,0,5.11,10.73,,492,114,44,3,0,Yes,21909132,,2025,2025-10,Friday,19,Evening (17-20),Activity Log
a1678,2025-10-11,Run,5.058,64.95,64.95,0,4.67,10.51,,515,146,47,7,0,Yes,21909132,,2025,2025-10,Saturday,19,Evening (17-20),Activity Log
a1679,2025-10-13,GravelRide,9.238,21.25,31.22,82.4,26.08,70.13,,301,,0,3,0,No,,,2025,2025-10,Monday,16,Afternoon (14-17),Activity Log
a1680,2025-10-15,Walk,5.407,93.28,97.28,19.1,3.48,10.22,,684,,39,3,0,No,21909132,,2025,2025-10,Wednesday,17,Evening (17-20),Activity Log
a1681,2025-10-16,Run,5.034,62.57,62.57,0,4.83,10.37,,503,146,47,15,0,Yes,21909132,,2025,2025-10,Thursday,9,Morning (7-11),Activity Log
a1682,2025-10-17,Run,5.029,65.02,65.02,0,4.64,10.3,,514,190,41,7,0,Yes,26628034,,2025,2025-10,Friday,19,Evening (17-20),Activity Log
a1683,2025-10-18,Run,5.054,64.47,64.47,0,4.7,10.44,,511,127,48,6,0,Yes,26628034,,2025,2025-10,Saturday,9,Morning (7-11),Activity Log
a1684,2025-10-20,Walk,3.083,67.95,102.9,54.9,2.72,7.7,,390,,26,3,0,No,26628034,,2025,2025-10,Monday,19,Evening (17-20),Activity Log
a1685,2025-10-21,Walk,3.393,64.1,65,15.6,3.18,9.14,,553,,38,5,0,No,26628034,,2025,2025-10,Tuesday,16,Afternoon (14-17),Activity Log
a1686,2025-10-21,Walk,4.028,29.52,81.32,40.1,8.19,106.28,,510,,37,1,0,No,26628034,,2025,2025-10,Tuesday,19,Evening (17-20),Activity Log
a1687,2025-10-22,Run,8.575,81.1,163.52,174.5,6.34,8.71,,1152,,47,1,0,No,26628034,,2025,2025-10,Wednesday,19,Evening (17-20),Activity Log
a1688,2025-10-23,Run,14.062,164.47,232.83,176.4,5.13,9.36,,1830,,40,8,4,No,26628034,,2025,2025-10,Thursday,18,Evening (17-20),Activity Log
a1689,2025-10-24,Run,6.437,62.5,124.35,63.8,6.18,8.71,,815,,36,3,0,No,26628034,,2025,2025-10,Friday,20,Night (20-4),Activity Log
a1690,2025-10-25,Run,6.547,116.45,168.78,63.7,3.37,8.95,,838,,45,0,0,No,26628034,,2025,2025-10,Saturday,20,Night (20-4),Activity Log
a1691,2025-10-26,Run,10.08,112.63,162.17,117.4,5.37,35.14,,1296,,49,3,1,No,26628034,,2025,2025-10,Sunday,19,Evening (17-20),Activity Log
a1692,2025-10-27,Walk,0.588,10.4,29.95,0,3.39,6.17,,74,,21,0,0,No,26628034,,2025,2025-10,Monday,20,Night (20-4),Activity Log
a1693,2025-10-29,EBikeRide,10.028,16.77,16.77,44.8,35.89,47.88,,269,,8,0,0,No,,,2025,2025-10,Wednesday,17,Evening (17-20),Activity Log
a1694,2025-10-30,Run,5.044,35.83,41.63,0,8.45,15.41,,598,7,9,2,0,Yes,26628034,,2025,2025-10,Thursday,23,Night (20-4),Activity Log
a1695,2025-11-06,Workout,0,72.3,72.3,0,0,0,,522,8,24,4,0,Yes,,,2025,2025-11,Thursday,21,Night (20-4),Activity Log
a1696,2025-11-07,Workout,0,36.43,36.43,0,0,0,,263,3,27,2,0,Yes,,,2025,2025-11,Friday,20,Night (20-4),Activity Log
a1697,2025-11-08,Run,5.123,35.2,35.2,0,8.73,14.9,,682,10,48,11,0,Yes,26628034,,2025,2025-11,Saturday,8,Morning (7-11),Activity Log
a1698,2025-11-09,EBikeRide,11.001,16.13,16.13,45.9,40.91,68.62,,432,,34,0,0,No,,,2025,2025-11,Sunday,18,Evening (17-20),Activity Log
a1699,2025-11-12,Walk,6.45,106.37,106.87,31.9,3.64,8.35,,816,,49,10,0,No,26628034,,2025,2025-11,Wednesday,17,Evening (17-20),Activity Log
a1700,2025-11-17,Walk,5.535,97.08,102.3,19.8,3.42,10.3,,700,,39,15,0,No,26628034,,2025,2025-11,Monday,17,Evening (17-20),Activity Log
a1701,2025-11-19,Walk,3.505,63.13,71.7,14.7,3.33,6.77,,444,,40,6,0,No,26628034,,2025,2025-11,Wednesday,17,Evening (17-20),Activity Log
a1702,2025-11-20,Walk,10.358,129.58,135.17,24.7,4.8,11.09,,1311,,53,6,0,No,26628034,,2025,2025-11,Thursday,5,Early Morning (4-7),Activity Log
a1703,2025-11-20,Walk,2.987,35.13,40.25,15.1,5.1,27.65,,378,,39,2,0,No,26628034,,2025,2025-11,Thursday,13,Midday (11-14),Activity Log
a1704,2025-11-21,Walk,10.419,140.48,145.53,42.6,4.45,29.74,,1319,,44,6,0,No,26628034,,2025,2025-11,Friday,5,Early Morning (4-7),Activity Log
a1705,2025-11-22,Run,10.207,135.82,150.02,45.8,4.51,8.42,,1362,,57,8,0,No,26628034,,2025,2025-11,Saturday,5,Early Morning (4-7),Activity Log
a1706,2025-11-22,Walk,1.125,20.52,22.83,13.3,3.29,7.85,,142,,26,0,0,No,26628034,,2025,2025-11,Saturday,13,Midday (11-14),Activity Log
a1707,2025-11-22,Walk,1.929,25.42,61.7,10.8,4.55,27.02,,244,,32,0,0,No,26628034,,2025,2025-11,Saturday,16,Afternoon (14-17),Activity Log
a1708,2025-11-24,Walk,10.239,143.35,156.77,47.1,4.29,19.08,,1296,,31,4,0,No,26628034,,2025,2025-11,Monday,5,Early Morning (4-7),Activity Log
a1709,2025-11-25,Run,10.213,146.57,146.58,47.8,4.18,10.94,,1341,,54,4,0,No,26628034,,2025,2025-11,Tuesday,5,Early Morning (4-7),Activity Log
a1710,2025-11-27,GravelRide,31.426,111.13,156.23,71,16.97,39.89,,596,,27,0,0,No,,,2025,2025-11,Thursday,9,Morning (7-11),Activity Log
a1711,2025-11-27,GravelRide,41.054,127.92,168.33,274.6,19.26,71.28,,1373,,46,0,0,No,,,2025,2025-11,Thursday,16,Afternoon (14-17),Activity Log
a1712,2025-11-28,Run,4.253,39.9,76.52,121.1,6.4,8.93,,584,,52,1,0,No,26628034,,2025,2025-11,Friday,17,Evening (17-20),Activity Log
a1713,2025-11-29,TrailRun,26.047,659.18,659.18,0,2.37,11.66,27.3,4627,211,61,5,0,Yes,26628034,,2025,2025-11,Saturday,6,Early Morning (4-7),Activity Log
a1714,2025-12-05,Workout,0,34.3,34.3,0,0,0,,,,21,1,0,No,,,2025,2025-12,Friday,22,Night (20-4),Activity Log
a1715,2025-12-06,Run,5.571,40.68,40.68,0,8.22,14.83,,746,8,36,8,0,Yes,26628034,,2025,2025-12,Saturday,21,Night (20-4),Activity Log
a1716,2025-12-08,EBikeRide,6.711,20.43,29.45,47.6,19.71,64.01,,275,,0,0,0,No,,,2025,2025-12,Monday,20,Night (20-4),Activity Log
a1717,2025-12-11,Workout,0,7.85,7.85,0,0,0,,,,23,1,0,No,,,2025,2025-12,Thursday,12,Midday (11-14),Activity Log
a1718,2025-12-12,Workout,0,8.28,8.28,0,0,0,,,,16,0,0,No,,,2025,2025-12,Friday,8,Morning (7-11),Activity Log
a1719,2025-12-12,Walk,5.586,84.97,85.8,28.8,3.94,8.14,,707,,35,2,0,No,26628034,,2025,2025-12,Friday,11,Midday (11-14),Activity Log
a1720,2025-12-13,Run,10.549,158.22,166.12,46.1,4,28.66,,1343,,43,10,0,No,26628034,,2025,2025-12,Saturday,10,Morning (7-11),Activity Log
a1721,2025-12-14,Walk,5.005,72.73,73.53,26.4,4.13,12.31,,633,,35,10,0,No,26628034,,2025,2025-12,Sunday,18,Evening (17-20),Activity Log
a1722,2025-12-15,Workout,0,15.78,15.78,0,0,0,,,,22,1,0,No,,,2025,2025-12,Monday,21,Night (20-4),Activity Log
a1723,2025-12-18,Workout,0,21.6,21.6,0,0,0,,,,25,0,0,No,,,2025,2025-12,Thursday,7,Morning (7-11),Activity Log
a1724,2025-12-19,Workout,0,22.25,22.25,0,0,0,,,,24,1,0,No,,,2025,2025-12,Friday,10,Morning (7-11),Activity Log
a1725,2025-12-20,Workout,0,17.17,17.17,0,0,0,,,,23,4,0,No,,,2025,2025-12,Saturday,18,Evening (17-20),Activity Log
a1726,2025-12-21,Workout,0,61.6,61.6,0,0,0,,,,24,4,0,No,,,2025,2025-12,Sunday,14,Afternoon (14-17),Activity Log
a1727,2025-12-22,Workout,0,30.87,30.87,0,0,0,,,,21,3,0,No,,,2025,2025-12,Monday,9,Morning (7-11),Activity Log
a1728,2025-12-22,Walk,5.342,88.93,93.23,84,3.6,9.29,,676,,33,0,0,No,26628034,,2025,2025-12,Monday,20,Night (20-4),Activity Log
a1729,2025-12-23,Walk,2.067,19.97,29.32,30.2,6.21,32.4,,262,,22,0,0,No,26628034,,2025,2025-12,Tuesday,15,Afternoon (14-17),Activity Log
a1730,2025-12-24,Workout,0,16.87,16.87,0,0,0,,,,17,2,0,No,,,2025,2025-12,Wednesday,10,Morning (7-11),Activity Log
a1731,2025-12-25,Walk,5.021,90.42,90.98,203.8,3.33,8.21,,635,,37,1,0,No,26628034,,2025,2025-12,Thursday,18,Evening (17-20),Activity Log
a1732,2025-12-26,WeightTraining,0,4.1,4.1,0,0,0,,17,0,18,0,0,Yes,,,2025,2025-12,Friday,7,Morning (7-11),Activity Log
a1733,2025-12-26,Walk,3.157,63.7,67.32,57,2.97,7.92,47.8,528,12,34,0,0,No,26628034,,2025,2025-12,Friday,11,Midday (11-14),Activity Log
a1734,2025-12-27,Walk,2,30.93,32.23,0,3.88,7.92,52.4,273,7,24,2,0,No,26628034,,2025,2025-12,Saturday,7,Morning (7-11),Activity Log
a1735,2025-12-27,TrailRun,10.033,123.18,218.2,179,4.89,48.24,,1904,34,40,0,0,No,26628034,,2025,2025-12,Saturday,9,Morning (7-11),Activity Log
a1736,2025-12-29,Run,5.02,28.78,29.05,0,10.46,12.24,82.5,219,6,51,0,0,Yes,26628034,,2025,2025-12,Monday,7,Morning (7-11),Activity Log
a1737,2025-12-30,Workout,0,30.62,30.62,0,0,0,,,,29,0,0,No,,,2025,2025-12,Tuesday,9,Morning (7-11),Activity Log
a1738,2025-12-31,Workout,0,26.92,26.92,0,0,0,,,,24,0,0,No,,,2025,2025-12,Wednesday,10,Morning (7-11),Activity Log
a1739,2026-01-01,Workout,0,30.78,30.78,0,0,0,,,,28,0,0,No,,,2026,2026-01,Thursday,17,Evening (17-20),Activity Log
a1740,2026-01-02,Workout,0,34.85,34.85,0,0,0,,,,25,0,0,No,,,2026,2026-01,Friday,11,Midday (11-14),Activity Log
a1741,2026-01-02,Walk,11.129,194.35,217.8,346,3.44,9.36,48.6,2073,79,42,39,0,No,26628034,,2026,2026-01,Friday,15,Afternoon (14-17),Activity Log
a1742,2026-01-03,Workout,0,30.62,30.62,0,0,0,,,,30,7,0,No,,,2026,2026-01,Saturday,13,Midday (11-14),Activity Log
a1743,2026-01-04,Workout,0,31.22,31.22,0,0,0,,,,29,1,0,No,,,2026,2026-01,Sunday,13,Midday (11-14),Activity Log
a1744,2026-01-04,Walk,4.14,60.05,60.83,33,4.14,6.84,48.6,528,15,25,3,0,No,26628034,,2026,2026-01,Sunday,18,Evening (17-20),Activity Log
a1745,2026-01-05,Workout,0,30.13,30.13,0,0,0,,,,14,5,0,No,,,2026,2026-01,Monday,19,Evening (17-20),Activity Log
a1746,2026-01-06,Walk,2.116,36.03,279.83,38,3.52,10.92,45.5,1599,6,27,1,0,No,26628034,,2026,2026-01,Tuesday,10,Morning (7-11),Activity Log
a1747,2026-01-07,Walk,6.403,88.72,90.25,62,4.33,7.92,49,729,19,41,5,0,No,26628034,,2026,2026-01,Wednesday,17,Evening (17-20),Activity Log
a1748,2026-01-08,WeightTraining,0,132.1,132.1,0,0,0,,1357,66,29,4,0,Yes,,,2026,2026-01,Thursday,9,Morning (7-11),Activity Log
a1749,2026-01-08,Walk,10.007,148.48,150.32,112,4.04,9,48.7,1061,29,38,9,0,No,26628034,,2026,2026-01,Thursday,17,Evening (17-20),Activity Log
a1750,2026-01-09,Walk,2.501,45.13,217.7,34,3.32,14.31,44.9,1175,7,31,3,0,No,26628034,,2026,2026-01,Friday,10,Morning (7-11),Activity Log
a1751,2026-01-10,Workout,0,34.03,34.03,0,0,0,,,,22,13,0,No,,,2026,2026-01,Saturday,19,Evening (17-20),Activity Log
a1752,2026-01-11,TrailRun,5.099,56.1,56.85,99,5.45,8.28,63.3,807,133,45,10,1,No,26628034,,2026,2026-01,Sunday,18,Evening (17-20),Activity Log
a1753,2026-01-12,Run,5.338,70.07,71.73,42,4.57,8.64,50.6,553,15,40,9,0,No,26628034,,2026,2026-01,Monday,19,Evening (17-20),Activity Log
a1754,2026-01-13,TrailRun,5.071,75.2,75.78,34,4.05,6.48,47.6,551,14,32,10,0,No,26628034,WithPet,2026,2026-01,Tuesday,19,Evening (17-20),Activity Log
a1755,2026-01-14,TrailRun,6.146,77.82,78.93,86,4.74,8.64,53.5,809,47,34,4,0,No,26628034,,2026,2026-01,Wednesday,19,Evening (17-20),Activity Log
a1756,2026-01-15,Workout,0,30.6,30.6,0,0,0,,,,24,6,0,No,,,2026,2026-01,Thursday,20,Night (20-4),Activity Log
a1757,2026-01-16,Walk,2.507,49.47,174.98,33,3.04,8.28,46.7,393,10,32,2,0,No,26628034,,2026,2026-01,Friday,13,Midday (11-14),Activity Log
a1758,2026-01-16,Run,3.058,34.02,35.87,46,5.39,9.72,60.9,435,44,44,1,1,No,26628034,,2026,2026-01,Friday,18,Evening (17-20),Activity Log
a1759,2026-01-17,Workout,0,30.77,30.77,0,0,0,,,,25,2,0,No,,,2026,2026-01,Saturday,19,Evening (17-20),Activity Log
a1760,2026-01-18,TrailRun,6.029,83.65,92.47,122,4.32,11.01,53.2,711,34,45,11,2,No,26628034,,2026,2026-01,Sunday,17,Evening (17-20),Activity Log
a1761,2026-01-19,Workout,0,30.6,30.6,0,0,0,,,,20,0,0,No,,,2026,2026-01,Monday,21,Night (20-4),Activity Log
a1762,2026-01-20,TrailRun,8.068,137.85,144.6,126,3.51,14.96,48.4,1126,32,34,10,0,No,26628034,,2026,2026-01,Tuesday,19,Evening (17-20),Activity Log
a1763,2026-01-21,Walk,10.759,137.6,138.43,115,4.69,9.68,54.4,1447,90,42,5,0,No,26628034,,2026,2026-01,Wednesday,17,Evening (17-20),Activity Log
a1764,2026-01-22,Run,7.13,86.03,86.92,120,4.97,7.92,57,1060,94,38,5,0,No,26628034,,2026,2026-01,Thursday,17,Evening (17-20),Activity Log
a1765,2026-01-23,TrailRun,8,103.32,109.58,183,4.65,8.28,54.2,1200,85,44,5,1,No,26628034,,2026,2026-01,Friday,17,Evening (17-20),Activity Log
a1766,2026-01-24,Walk,6.124,87.92,233.83,272,4.18,32.18,51.4,1074,82,48,1,0,No,26628034,,2026,2026-01,Saturday,11,Midday (11-14),Activity Log
a1767,2026-01-24,Run,7.146,107.82,119.08,108,3.98,7.72,48.5,1043,32,59,2,0,No,26628034,,2026,2026-01,Saturday,19,Evening (17-20),Activity Log
a1768,2026-01-25,TrailRun,26.528,362.03,396.03,326,4.4,15.84,50,3291,98,57,13,0,No,26628034,,2026,2026-01,Sunday,10,Morning (7-11),Activity Log
a1769,2026-01-26,Walk,6.115,81.15,83.22,115,4.52,8.64,55.5,790,30,39,0,0,No,26628034,,2026,2026-01,Monday,17,Evening (17-20),Activity Log
a1770,2026-01-27,Workout,0,30.48,30.48,0,0,0,,,,28,0,0,No,,,2026,2026-01,Tuesday,19,Evening (17-20),Activity Log
a1771,2026-01-28,Walk,5.029,72.6,72.6,16,4.16,6.84,50,494,13,27,3,0,No,26628034,,2026,2026-01,Wednesday,17,Evening (17-20),Activity Log
a1772,2026-01-29,Workout,0,30.38,30.38,0,0,0,,,,17,0,0,No,,,2026,2026-01,Thursday,20,Night (20-4),Activity Log
a1773,2026-01-30,Run,5.048,30.02,54.45,0,10.09,19.08,80.9,245,10,44,2,0,Yes,26628034,,2026,2026-01,Friday,13,Midday (11-14),Activity Log
a1774,2026-01-30,Walk,6.041,89.97,97.85,19,4.03,7.56,48.7,638,16,33,2,0,No,26628034,,2026,2026-01,Friday,17,Evening (17-20),Activity Log
a1775,2026-01-31,Run,11.701,41.78,101.8,9.4,16.8,31.97,,1482,,29,7,4,No,26628034,,2026,2026-01,Saturday,7,Morning (7-11),Activity Log
a1776,2026-02-01,Run,5.03,30.95,31.07,0,9.75,11.88,79.6,271,7,30,6,0,Yes,26628034,,2026,2026-02,Sunday,23,Night (20-4),Activity Log
a1777,2026-02-02,Run,21.524,126.62,129.53,0,10.2,15.12,81.3,1320,57,29,23,0,Yes,26628034,,2026,2026-02,Monday,23,Night (20-4),Activity Log
a1778,2026-02-03,Walk,8.381,124.43,126.82,106,4.04,7.23,50.8,1156,35,39,10,0,No,26628034,,2026,2026-02,Tuesday,18,Evening (17-20),Activity Log
a1779,2026-02-04,Run,10.03,57.5,63.65,0,10.47,12.96,82.4,570,17,40,6,0,Yes,26628034,,2026,2026-02,Wednesday,23,Night (20-4),Activity Log
a1780,2026-02-05,Run,10.027,58.32,62.25,0,10.32,11.88,81.9,545,14,40,8,0,Yes,26628034,,2026,2026-02,Thursday,22,Night (20-4),Activity Log
a1781,2026-02-06,Run,10.037,57.03,57.57,0,10.56,11.88,82.8,583,15,37,3,0,Yes,26628034,,2026,2026-02,Friday,22,Night (20-4),Activity Log
a1782,2026-02-07,Walk,10.107,60.68,60.68,0,9.99,11.88,80.6,648,31,31,2,0,Yes,26628034,,2026,2026-02,Saturday,22,Night (20-4),Activity Log
a1783,2026-02-08,Walk,2.24,33.63,142.28,4,4,7.31,48.1,269,7,29,0,0,No,26628034,,2026,2026-02,Sunday,18,Evening (17-20),Activity Log
a1784,2026-02-09,Workout,0,30.98,30.98,0,0,0,,,,17,0,0,No,,,2026,2026-02,Monday,21,Night (20-4),Activity Log
a1785,2026-02-10,Run,17.034,94.05,100.35,0,10.87,12.6,84,1114,90,36,3,0,Yes,26628034,,2026,2026-02,Tuesday,22,Night (20-4),Activity Log
a1786,2026-02-11,Walk,8.382,119.25,120.92,81,4.22,7.56,51.4,1063,30,44,1,0,No,26628034,,2026,2026-02,Wednesday,18,Evening (17-20),Activity Log
a1787,2026-02-12,Walk,6.335,82.5,82.98,22,4.61,21.96,51,750,20,40,5,0,No,26628034,,2026,2026-02,Thursday,18,Evening (17-20),Activity Log
a1788,2026-02-13,TrailRun,10.018,143.02,148.07,211,4.2,9.94,49.2,1367,54,50,0,0,No,26628034,,2026,2026-02,Friday,7,Morning (7-11),Activity Log
a1789,2026-02-13,Walk,1.106,17.13,71.5,9,3.87,6.67,47.3,124,3,20,3,0,No,26628034,,2026,2026-02,Friday,22,Night (20-4),Activity Log
a1790,2026-02-14,TrailRun,17.031,220.47,334.4,352,4.63,28.8,57.9,3270,488,54,11,0,No,26628034,,2026,2026-02,Saturday,10,Morning (7-11),Activity Log
a1791,2026-02-15,Run,11.081,58.97,60.17,0,11.28,15.84,85.7,615,19,49,3,0,Yes,26628034,,2026,2026-02,Sunday,8,Morning (7-11),Activity Log
a1792,2026-02-16,Walk,7.248,110.35,111.3,40,3.94,7.56,47.6,823,21,60,0,0,No,26628034,,2026,2026-02,Monday,10,Morning (7-11),Activity Log
a1793,2026-02-17,Run,5.03,29.52,29.52,0,10.22,11.16,81.5,287,7,40,2,0,Yes,26628034,,2026,2026-02,Tuesday,23,Night (20-4),Activity Log
a1794,2026-02-18,Run,10.076,143.62,147.85,117,4.21,7.2,50.8,1123,28,48,3,0,No,26628034,,2026,2026-02,Wednesday,17,Evening (17-20),Activity Log
a1795,2026-02-19,Walk,5.047,83.58,85.08,79,3.62,13.32,48.2,577,15,46,1,0,No,29090063,,2026,2026-02,Thursday,17,Evening (17-20),Activity Log
a1796,2026-02-20,Run,8.376,115.75,136.8,84,4.34,9,47.7,944,21,57,1,0,No,29090063,,2026,2026-02,Friday,16,Afternoon (14-17),Activity Log
a1797,2026-02-21,Run,10.685,168.68,188.6,118,3.8,17.64,46.9,1464,43,45,1,0,No,29090063,,2026,2026-02,Saturday,17,Evening (17-20),Activity Log
a1798,2026-02-22,Run,5.012,25.63,25.63,0,11.73,12.96,87.6,300,21,45,0,0,Yes,29090063,,2026,2026-02,Sunday,15,Afternoon (14-17),Activity Log
a1799,2026-02-23,Walk,6.604,95.13,95.68,99,4.17,7.56,50.6,823,30,44,3,0,No,29090063,,2026,2026-02,Monday,17,Evening (17-20),Activity Log
a1800,2026-02-24,Workout,0,37.43,37.43,0,0,0,,,,39,1,0,No,,,2026,2026-02,Tuesday,22,Night (20-4),Activity Log
a1801,2026-02-25,Walk,5.006,91.53,91.93,57,3.28,10.8,44.7,595,15,46,6,0,No,29090063,,2026,2026-02,Wednesday,17,Evening (17-20),Activity Log
a1802,2026-02-26,Workout,0,31.82,31.82,0,0,0,,,,35,0,0,No,,,2026,2026-02,Thursday,23,Night (20-4),Activity Log
a1803,2026-02-27,Run,5.836,86.37,91.38,24,4.05,7.56,48.4,716,17,46,0,0,No,29090063,,2026,2026-02,Friday,18,Evening (17-20),Activity Log
a1804,2026-02-28,Run,10.013,55.85,58.47,0,10.76,12.6,83.7,606,23,38,0,0,Yes,29090063,,2026,2026-02,Saturday,23,Night (20-4),Activity Log
a1805,2026-03-01,Run,21.114,115.57,125.92,0,10.96,12.96,84.4,1226,54,41,23,0,Yes,29090063,,2026,2026-03,Sunday,19,Evening (17-20),Activity Log
a1806,2026-03-02,Run,20.027,112.23,122.65,0,10.71,11.88,83.2,1356,116,30,13,0,Yes,29090063,,2026,2026-03,Monday,21,Night (20-4),Activity Log
a1807,2026-03-03,Run,19.134,105.97,112.47,0,10.83,11.88,83.9,1263,107,35,3,0,Yes,29090063,,2026,2026-03,Tuesday,21,Night (20-4),Activity Log
a1808,2026-03-03,Walk,11.057,62.85,62.85,0,10.56,11.88,83.3,795,96,29,1,0,Yes,29090063,,2026,2026-03,Tuesday,23,Night (20-4),Activity Log
a1809,2026-03-04,Run,18.103,105.03,121.23,0,10.34,12.6,81.8,1069,39,52,5,0,Yes,29090063,,2026,2026-03,Wednesday,8,Morning (7-11),Activity Log
a1810,2026-03-04,Walk,22.171,181.23,181.23,0,7.34,23.04,81,1490,109,40,5,0,Yes,29090063,,2026,2026-03,Wednesday,11,Midday (11-14),Activity Log
a1811,2026-03-05,Run,17.123,95.78,253.92,0,10.73,11.88,83.4,944,41,45,3,0,Yes,29090063,,2026,2026-03,Thursday,11,Midday (11-14),Activity Log
a1812,2026-03-06,Run,16.378,93.5,97.83,0,10.51,12.6,82.4,881,26,46,4,0,Yes,29090063,,2026,2026-03,Friday,21,Night (20-4),Activity Log
a1813,2026-03-07,Walk,15.017,236.75,241.57,126,3.81,7.56,50.9,2002,53,45,9,0,No,29090063,,2026,2026-03,Saturday,17,Evening (17-20),Activity Log
a1814,2026-03-08,Run,14.053,85.18,110.48,0,9.9,11.52,80,667,20,50,3,0,Yes,29090063,,2026,2026-03,Sunday,7,Morning (7-11),Activity Log
a1815,2026-03-09,Walk,13.046,173.18,173.7,30,4.52,7.92,51.6,1487,48,35,6,2,No,29090063,,2026,2026-03,Monday,16,Afternoon (14-17),Activity Log
a1816,2026-03-10,Run,12.098,150.45,157.63,32,4.82,9,52.2,1335,33,43,7,1,No,29090063,,2026,2026-03,Tuesday,16,Afternoon (14-17),Activity Log
a1817,2026-03-11,Run,11.507,134,142.7,24,5.15,7.92,54.9,1176,29,53,1,0,No,29090063,,2026,2026-03,Wednesday,5,Early Morning (4-7),Activity Log
a1818,2026-03-12,Run,10.088,143.63,147.33,25,4.21,6.84,49.2,963,24,62,1,1,No,29090063,,2026,2026-03,Thursday,6,Early Morning (4-7),Activity Log
a1819,2026-03-13,Run,9.071,133.43,135.33,23,4.08,7.2,48.2,868,22,35,1,1,No,29090063,,2026,2026-03,Friday,15,Afternoon (14-17),Activity Log
a1820,2026-03-14,Run,8.3,62.12,62.12,0,8.02,0,,1050,,36,1,0,No,29089938,,2026,2026-03,Saturday,21,Night (20-4),Activity Log
a1821,2026-03-15,Walk,7.4,61.77,61.77,0,7.19,0,,936,,20,1,0,No,29090063,,2026,2026-03,Sunday,18,Evening (17-20),Activity Log
a1822,2026-03-16,Run,6.109,38.6,38.67,0,9.5,12.24,78.2,326,8,28,2,0,Yes,29090063,,2026,2026-03,Monday,22,Night (20-4),Activity Log
a1823,2026-03-17,Run,5.05,29.67,29.85,0,10.21,12.24,81.6,247,6,34,2,0,Yes,29090063,,2026,2026-03,Tuesday,20,Night (20-4),Activity Log
a1824,2026-03-18,Run,5.077,28.87,28.87,0,10.55,11.52,82.9,223,5,40,0,0,Yes,29090063,,2026,2026-03,Wednesday,7,Morning (7-11),Activity Log
a1825,2026-03-19,Run,7.115,82.9,90.38,67,5.15,8.64,57.3,1155,145,41,3,0,No,29090063,,2026,2026-03,Thursday,17,Evening (17-20),Activity Log
a1826,2026-03-20,Walk,6.328,99.52,127.4,51,3.81,15.79,47,752,19,32,1,0,No,29090063,,2026,2026-03,Friday,19,Evening (17-20),Activity Log
a1827,2026-03-21,Walk,10.522,137.63,151.37,295,4.59,12.6,52.5,1431,59,34,8,0,No,29090063,,2026,2026-03,Saturday,15,Afternoon (14-17),Activity Log
a1828,2026-03-22,Run,21.587,217.75,224.33,329,5.95,14.04,60.7,3641,729,94,30,18,No,29090063,,2026,2026-03,Sunday,7,Morning (7-11),Activity Log
a1829,2026-03-22,TrailRun,6.02,74.07,129.92,12,4.88,11.38,53.3,781,32,56,2,0,No,29090001,,2026,2026-03,Sunday,17,Evening (17-20),Activity Log
a1830,2026-03-23,Run,10.037,56.63,57.37,0,10.63,12.96,83.1,522,13,42,3,0,Yes,29090063,,2026,2026-03,Monday,22,Night (20-4),Activity Log
a1831,2026-03-24,Walk,5.111,82.17,121.47,220,3.73,12.96,,1383,79,45,5,0,No,29090001,,2026,2026-03,Tuesday,11,Midday (11-14),Activity Log
a1832,2026-03-24,Walk,8.741,154.78,290.38,805,3.39,29.35,50.5,2509,141,29,14,0,No,29090063,,2026,2026-03,Tuesday,14,Afternoon (14-17),Activity Log
a1833,2026-03-25,Walk,10.573,162.53,218.17,100,3.9,15.48,48.2,1851,55,37,6,0,No,29090063,,2026,2026-03,Wednesday,8,Morning (7-11),Activity Log
a1834,2026-03-26,Run,5.099,72.23,73.82,98,4.24,6.84,50.7,638,18,42,3,0,No,29090063,,2026,2026-03,Thursday,18,Evening (17-20),Activity Log
a1835,2026-03-27,Workout,0,30.9,30.9,0,0,0,,,,24,1,0,No,,,2026,2026-03,Friday,23,Night (20-4),Activity Log
a1836,2026-03-28,Run,10.032,57.55,61.92,0,10.46,11.88,82.4,433,11,47,16,0,Yes,29090063,,2026,2026-03,Saturday,8,Morning (7-11),Activity Log
a1837,2026-03-29,Run,10.03,54.48,56.58,0,11.05,12.24,84.8,437,11,46,4,0,Yes,29090063,,2026,2026-03,Sunday,6,Early Morning (4-7),Activity Log
a1838,2026-03-30,Run,10.136,127.7,132.95,20,4.76,7.92,52,1094,27,50,6,0,No,29090063,,2026,2026-03,Monday,6,Early Morning (4-7),Activity Log
a1839,2026-03-31,Walk,10.157,124.72,131.58,17,4.89,7.75,52.5,949,24,44,13,2,No,29090063,,2026,2026-03,Tuesday,6,Early Morning (4-7),Activity Log
a1840,2026-04-01,Run,10.109,129.35,143.18,20,4.69,8.28,52.6,1074,26,45,11,3,No,29090063,,2026,2026-04,Wednesday,6,Early Morning (4-7),Activity Log
a1841,2026-04-02,Run,10.156,126.22,128.22,22,4.83,7.56,52.4,931,24,48,17,9,No,29090063,,2026,2026-04,Thursday,6,Early Morning (4-7),Activity Log
a1842,2026-04-03,Run,10.339,117,120.28,26,5.3,8.28,54.5,962,24,46,10,2,No,29090063,,2026,2026-04,Friday,6,Early Morning (4-7),Activity Log
a1843,2026-04-04,TrailRun,12.181,206.17,343.73,597,3.54,16.32,49.8,2313,99,53,15,0,No,29090001,,2026,2026-04,Saturday,7,Morning (7-11),Activity Log
a1844,2026-04-05,Run,10.548,129.83,133.5,24,4.87,8.28,51.9,1026,26,52,3,2,No,29090063,,2026,2026-04,Sunday,6,Early Morning (4-7),Activity Log
a1845,2026-04-06,Run,10.06,56.98,56.98,0,10.59,12.24,82.9,536,13,29,2,0,Yes,29090063,,2026,2026-04,Monday,4,Early Morning (4-7),Activity Log
a1846,2026-04-07,Workout,0,31.32,31.32,0,0,0,,,,28,0,0,No,,,2026,2026-04,Tuesday,19,Evening (17-20),Activity Log
a1847,2026-04-08,Workout,0,31.78,31.78,0,0,0,,,,31,2,0,No,,,2026,2026-04,Wednesday,22,Night (20-4),Activity Log
a1848,2026-04-09,Walk,6.056,82.35,83.13,13,4.41,7.56,49.9,511,13,45,2,2,No,29090063,,2026,2026-04,Thursday,7,Morning (7-11),Activity Log
a1849,2026-04-10,Workout,0,30.52,30.52,0,0,0,,,,27,2,0,No,,,2026,2026-04,Friday,22,Night (20-4),Activity Log
a1850,2026-04-11,TrailRun,15.05,253.82,332.63,701,3.56,26.1,49.2,3041,203,67,17,0,No,29090001,,2026,2026-04,Saturday,12,Midday (11-14),Activity Log
a1851,2026-04-12,Walk,12.166,159.38,207.05,128,4.58,56.4,50.6,1408,39,53,1,0,No,29090063,,2026,2026-04,Sunday,9,Morning (7-11),Activity Log
a1852,2026-04-13,Walk,5.031,82.9,83.6,96,3.64,7.56,46.2,550,15,48,8,0,No,29090063,,2026,2026-04,Monday,15,Afternoon (14-17),Activity Log
a1853,2026-04-14,Walk,5.08,69.3,70.65,33,4.4,6.84,50,426,11,51,2,0,No,29090063,,2026,2026-04,Tuesday,8,Morning (7-11),Activity Log
a1854,2026-04-15,Run,10.039,135.32,149.18,34,4.45,7.56,50.4,1099,26,56,9,2,No,29090063,,2026,2026-04,Wednesday,16,Afternoon (14-17),Activity Log
a1855,2026-04-16,Run,5.555,78.82,80.52,10,4.23,7.2,49,635,16,42,5,1,No,29089938,,2026,2026-04,Thursday,17,Evening (17-20),Activity Log
a1856,2026-04-17,Workout,0,30.68,30.68,0,0,0,,,,30,1,0,No,,,2026,2026-04,Friday,22,Night (20-4),Activity Log
a1857,2026-04-18,Run,5.033,79.65,83.05,11,3.79,7.56,45.9,546,13,49,8,0,No,29089938,,2026,2026-04,Saturday,16,Afternoon (14-17),Activity Log
a1858,2026-04-19,Run,31.023,411.73,440.45,117,4.52,8.64,50.6,3952,101,62,20,7,No,29089938,,2026,2026-04,Sunday,7,Morning (7-11),Activity Log
a1859,2026-04-20,Walk,10.051,134.13,135.42,26,4.5,7.56,50.9,1047,27,45,4,0,No,,,2026,2026-04,Monday,6,Early Morning (4-7),Activity Log
a1860,2026-04-21,Run,10.741,137.82,141.45,24,4.68,6.84,52.9,1148,29,57,8,0,No,29089938,,2026,2026-04,Tuesday,6,Early Morning (4-7),Activity Log
a1861,2026-04-22,Walk,10.082,131.5,138.3,19,4.6,6.84,52.9,972,25,46,1,1,No,,,2026,2026-04,Wednesday,6,Early Morning (4-7),Activity Log
a1862,2026-04-23,Walk,6.019,75.45,75.45,13,4.79,7.92,53.3,525,13,37,0,0,No,,,2026,2026-04,Thursday,6,Early Morning (4-7),Activity Log
a1863,2026-04-24,Walk,6.018,74,76.3,16,4.88,8.4,54.5,509,13,32,4,1,No,,,2026,2026-04,Friday,6,Early Morning (4-7),Activity Log
a1864,2026-04-25,Walk,15.123,182.55,182.87,41,4.97,6.84,54.9,1495,40,41,9,2,No,,,2026,2026-04,Saturday,6,Early Morning (4-7),Activity Log
a1865,2026-04-26,Walk,15.161,184.87,189.23,37,4.92,7.56,54.5,1293,33,35,6,1,No,,,2026,2026-04,Sunday,5,Early Morning (4-7),Activity Log
a1866,2026-04-27,Walk,10.06,153.57,156.5,77,3.93,7.92,48.8,1024,27,37,8,0,No,,,2026,2026-04,Monday,18,Evening (17-20),Activity Log
a1867,2026-04-28,Workout,0,31.07,31.07,0,0,0,,,,18,0,0,No,,,2026,2026-04,Tuesday,21,Night (20-4),Activity Log
a1868,2026-04-29,Workout,0,31.05,31.05,0,0,0,,,,19,2,0,No,,,2026,2026-04,Wednesday,21,Night (20-4),Activity Log
a1869,2026-04-30,Run,5.022,31.47,36.67,0,9.58,10.8,78.8,235,6,35,0,0,Yes,29089938,,2026,2026-04,Thursday,22,Night (20-4),Activity Log
a1870,2026-05-01,Run,5.027,30.47,30.55,0,9.9,10.8,80.2,245,6,39,5,0,Yes,29089938,,2026,2026-05,Friday,22,Night (20-4),Activity Log
a1871,2026-05-02,PhysicalTherapy,0,30.67,30.67,0,0,0,,,,22,1,0,No,,,2026,2026-05,Saturday,22,Night (20-4),Activity Log
a1872,2026-05-03,Run,21.22,121.32,125.45,0,10.49,15.48,82.6,967,26,52,46,0,Yes,29089938,,2026,2026-05,Sunday,7,Morning (7-11),Activity Log
a1873,2026-05-04,Run,10.033,60.37,60.5,0,9.97,11.16,80.5,457,11,29,12,0,Yes,29089938,,2026,2026-05,Monday,21,Night (20-4),Activity Log
a1874,2026-05-05,PhysicalTherapy,0,30.63,30.63,0,0,0,,,,22,0,0,No,,,2026,2026-05,Tuesday,21,Night (20-4),Activity Log
a1875,2026-05-06,Run,10.032,55.82,55.82,0,10.78,11.52,83.7,461,11,41,2,0,Yes,29089938,,2026,2026-05,Wednesday,6,Early Morning (4-7),Activity Log
a1876,2026-05-06,Walk,5.054,66.73,67.75,27,4.54,8.28,49.7,462,12,36,6,0,No,,,2026,2026-05,Wednesday,19,Evening (17-20),Activity Log
a1877,2026-05-07,Run,10.055,55.82,56.23,0,10.81,13.32,83.8,477,12,43,7,0,Yes,29089938,,2026,2026-05,Thursday,5,Early Morning (4-7),Activity Log
a1878,2026-05-08,Run,5.06,29.88,30.53,0,10.16,12.24,81.4,227,6,36,4,0,Yes,29089938,,2026,2026-05,Friday,7,Morning (7-11),Activity Log
a1879,2026-05-08,Run,5.606,32.95,34.3,0,10.21,11.52,81.4,256,6,38,4,0,Yes,29089938,,2026,2026-05,Friday,20,Night (20-4),Activity Log
a1880,2026-05-09,Run,21.213,284.95,285.35,160,4.47,8.28,49.2,2483,64,45,23,4,No,29089938,,2026,2026-05,Saturday,17,Evening (17-20),Activity Log
a1881,2026-05-10,Walk,15.694,217,225.13,46,4.34,7.71,49.8,1529,40,38,5,0,No,,,2026,2026-05,Sunday,16,Afternoon (14-17),Activity Log
a1882,2026-05-11,Walk,6.235,91.67,91.67,19,4.08,8.28,48.3,738,19,29,0,0,No,,,2026,2026-05,Monday,18,Evening (17-20),Activity Log
a1883,2026-05-12,Walk,10.033,57.93,57.93,0,10.39,11.52,82,564,14,33,4,0,Yes,,,2026,2026-05,Tuesday,21,Night (20-4),Activity Log
a1884,2026-05-13,Walk,10.019,135.6,136.48,40,4.43,6.84,49.8,934,24,36,3,0,No,,,2026,2026-05,Wednesday,7,Morning (7-11),Activity Log
a1885,2026-05-13,Run,10.045,56.3,56.95,0,10.7,11.88,83.4,527,13,37,1,0,Yes,29089938,,2026,2026-05,Wednesday,12,Midday (11-14),Activity Log
a1886,2026-05-14,PhysicalTherapy,0,30.52,30.52,0,0,0,,,,20,0,0,No,,,2026,2026-05,Thursday,19,Evening (17-20),Activity Log
a1887,2026-05-15,Ride,3.393,8.73,9.77,7,23.31,37.44,,56,1,0,3,3,No,,,2026,2026-05,Friday,21,Night (20-4),Activity Log
a1888,2026-05-16,Walk,10.057,132.57,135.02,34,4.55,6.9,50.9,1003,26,39,12,2,No,,,2026,2026-05,Saturday,7,Morning (7-11),Activity Log
a1889,2026-05-17,Walk,11.508,152.45,153.3,24,4.53,6.84,51.3,1106,28,54,7,0,No,,,2026,2026-05,Sunday,6,Early Morning (4-7),Activity Log
a1890,2026-05-18,Walk,10.074,132.77,135,25,4.55,7.56,50.4,877,23,44,6,1,No,,,2026,2026-05,Monday,6,Early Morning (4-7),Activity Log
a1891,2026-05-19,Walk,10.037,115.38,117.25,24,5.22,10.08,56.2,1209,85,53,7,0,No,,,2026,2026-05,Tuesday,6,Early Morning (4-7),Activity Log
a1892,2026-05-20,Walk,10.084,115.35,116.57,20,5.25,10.08,56.8,1184,86,40,8,2,No,,,2026,2026-05,Wednesday,6,Early Morning (4-7),Activity Log
a1893,2026-05-21,Walk,10.099,111.37,116.03,25,5.44,13.68,57.2,1179,87,49,7,3,No,,,2026,2026-05,Thursday,6,Early Morning (4-7),Activity Log
a1894,2026-05-22,Walk,10.052,100.73,101.12,27,5.99,10.44,60,1126,87,45,17,3,No,,,2026,2026-05,Friday,5,Early Morning (4-7),Activity Log
a1895,2026-05-23,Walk,21.402,266.67,276.72,46,4.82,14.4,51.6,1938,50,49,4,1,No,,,2026,2026-05,Saturday,6,Early Morning (4-7),Activity Log
a1896,2026-05-24,Walk,11.062,140.78,141.98,33,4.71,6.86,51.3,971,25,40,0,0,No,,,2026,2026-05,Sunday,6,Early Morning (4-7),Activity Log
a1897,2026-05-24,Ride,3.189,15.3,15.53,18.1,12.5,23.9,,67,,30,3,3,No,,,2026,2026-05,Sunday,19,Evening (17-20),Activity Log
a1898,2026-05-25,Walk,10.018,137.27,138.43,38,4.38,7.56,49.7,884,23,40,12,0,No,,,2026,2026-05,Monday,7,Morning (7-11),Activity Log
a1899,2026-05-26,PhysicalTherapy,0,30.7,30.7,0,0,0,,,,20,0,0,No,,,2026,2026-05,Tuesday,19,Evening (17-20),Activity Log
a1900,2026-05-27,Walk,5.486,87.83,88.17,32,3.75,6.12,47.3,543,14,33,5,0,No,,,2026,2026-05,Wednesday,17,Evening (17-20),Activity Log
a1901,2026-05-28,Run,5.061,29.95,29.95,0,10.14,10.8,81.2,283,9,22,10,0,Yes,29089938,,2026,2026-05,Thursday,23,Night (20-4),Activity Log
a1902,2026-05-29,TrailRun,8.303,179.68,212.8,743,2.77,15.17,48.9,1918,55,30,3,0,No,29090001,,2026,2026-05,Friday,15,Afternoon (14-17),Activity Log
a1903,2026-05-30,TrailRun,12.324,280.75,487.58,935,2.63,18.9,50.3,2893,66,42,6,0,No,29090001,,2026,2026-05,Saturday,9,Morning (7-11),Activity Log
a1904,2026-05-31,TrailRun,8.113,112.48,119.47,4,4.33,9,53.6,1122,39,46,2,0,No,29090001,,2026,2026-05,Sunday,9,Morning (7-11),Activity Log
a1905,2026-06-01,Walk,5.196,86.4,86.4,17,3.61,6.84,45.9,552,14,32,3,0,No,,,2026,2026-06,Monday,16,Afternoon (14-17),Activity Log
a1906,2026-06-02,Walk,10.455,133.17,137.48,32,4.71,9.36,51.5,911,24,43,23,0,No,,,2026,2026-06,Tuesday,6,Early Morning (4-7),Activity Log
a1907,2026-06-03,Walk,10.066,138.1,142.65,34,4.37,7.2,50.6,925,24,39,3,0,No,,,2026,2026-06,Wednesday,7,Morning (7-11),Activity Log
a1908,2026-06-04,Walk,10.115,134.23,137.7,31,4.52,7.92,52.7,916,24,43,12,0,No,,,2026,2026-06,Thursday,6,Early Morning (4-7),Activity Log
a1909,2026-06-04,Walk,2.035,24.32,30.48,35.6,5.02,15.04,,258,,0,0,0,No,,,2026,2026-06,Thursday,8,Morning (7-11),Activity Log
a1910,2026-06-05,Walk,10.423,128.77,237.5,48,4.86,81.23,52.8,998,32,38,2,0,No,,,2026,2026-06,Friday,6,Early Morning (4-7),Activity Log
a1911,2026-06-06,Walk,12.133,162.37,165.62,31,4.48,9,51.3,979,25,49,0,0,No,,,2026,2026-06,Saturday,6,Early Morning (4-7),Activity Log
a1912,2026-06-07,TrailRun,21.807,322.55,541.05,552,4.06,12.6,49.6,2826,81,57,8,0,No,29090001,,2026,2026-06,Sunday,7,Morning (7-11),Activity Log
a1913,2026-06-08,Walk,10.043,138.87,142.15,32,4.34,8.2,50.2,887,23,46,3,0,No,,,2026,2026-06,Monday,7,Morning (7-11),Activity Log
a1914,2026-06-09,Walk,13.334,175.7,177.37,40,4.55,7.56,51.2,1027,27,45,9,0,No,,,2026,2026-06,Tuesday,6,Early Morning (4-7),Activity Log
a1915,2026-06-10,Walk,10.099,133.87,136.1,30,4.53,6.84,50.6,787,20,43,2,0,No,,,2026,2026-06,Wednesday,6,Early Morning (4-7),Activity Log
a1916,2026-06-11,Walk,10.499,144.48,146.67,41,4.36,7.17,50.6,838,21,38,3,0,No,,,2026,2026-06,Thursday,6,Early Morning (4-7),Activity Log
a1917,2026-06-12,Walk,7.112,91.42,91.88,17,4.67,9,51.6,554,14,30,0,0,No,,,2026,2026-06,Friday,6,Early Morning (4-7),Activity Log
a1918,2026-06-13,Walk,11.032,147.53,150.9,40,4.49,7.56,50.7,885,22,46,1,0,No,,,2026,2026-06,Saturday,7,Morning (7-11),Activity Log
a1919,2026-06-14,Walk,10.018,131.97,136.82,32,4.55,7.2,52.1,948,23,34,7,0,No,,,2026,2026-06,Sunday,16,Afternoon (14-17),Activity Log
a1920,2026-06-15,Walk,21.118,278.45,284.42,100,4.55,7.92,51.5,1905,49,40,14,0,No,,,2026,2026-06,Monday,6,Early Morning (4-7),Activity Log
a1921,2026-06-16,Walk,10.103,138.62,139.85,140,4.37,9.36,49.8,1246,36,30,0,0,No,,,2026,2026-06,Tuesday,16,Afternoon (14-17),Activity Log
a1922,2026-06-17,Walk,10.391,161.28,210.68,191,3.87,10.08,51.6,1364,37,42,1,0,No,,,2026,2026-06,Wednesday,9,Morning (7-11),Activity Log
a1923,2026-06-17,Walk,5.046,85.47,125.8,199,3.54,16.92,46.5,854,30,31,2,0,No,,,2026,2026-06,Wednesday,15,Afternoon (14-17),Activity Log
a1924,2026-06-18,Walk,8.037,139.5,248.57,266,3.46,22.98,46.8,1141,31,27,0,0,No,,,2026,2026-06,Thursday,12,Midday (11-14),Activity Log
a1925,2026-06-19,Run,10.556,154.1,156.95,228,4.11,8.28,49,1452,48,35,2,0,No,29089938,,2026,2026-06,Friday,9,Morning (7-11),Activity Log
a1926,2026-06-19,Run,18.499,289.42,349.88,211,3.84,12.96,48,2440,63,35,2,0,No,29089938,,2026,2026-06,Friday,13,Midday (11-14),Activity Log
a1927,2026-06-20,TrailRun,5.203,104.48,137.98,161,2.99,9.86,47.4,869,16,38,1,0,No,29090001,,2026,2026-06,Saturday,13,Midday (11-14),Activity Log
a1928,2026-06-20,Walk,1.048,24.07,41.12,53,2.61,8.06,53.6,238,5,43,4,0,No,,,2026,2026-06,Saturday,18,Evening (17-20),Activity Log
a1929,2026-06-21,TrailRun,7.508,155.75,257.48,367,2.89,6.98,51.3,1459,25,39,0,0,No,29090001,,2026,2026-06,Sunday,9,Morning (7-11),Activity Log
a1930,2026-06-21,TrailRun,1.135,52.2,60.82,172,1.3,8.28,53.6,629,14,37,2,0,No,29090001,,2026,2026-06,Sunday,14,Afternoon (14-17),Activity Log
a1931,2026-06-22,Run,10.045,56.97,64.25,0,10.58,11.88,82.8,431,11,42,3,0,Yes,29089938,,2026,2026-06,Monday,13,Midday (11-14),Activity Log
a1932,2026-06-23,Run,10.072,134.02,136.72,37,4.51,9.36,50.6,986,24,36,2,0,No,29089938,,2026,2026-06,Tuesday,16,Afternoon (14-17),Activity Log
a1933,2026-06-24,Run,10.602,138.62,157.48,36,4.59,7.56,51.3,1142,25,36,2,0,No,29089938,,2026,2026-06,Wednesday,16,Afternoon (14-17),Activity Log
a1934,2026-06-25,Run,10.132,138.57,145.33,38,4.39,7.56,50.3,991,24,38,2,0,No,29089938,,2026,2026-06,Thursday,16,Afternoon (14-17),Activity Log
a1935,2026-06-26,Walk,3.168,55.17,134.9,47,3.45,15.48,47.6,365,9,28,4,0,No,,,2026,2026-06,Friday,11,Midday (11-14),Activity Log
a1936,2026-06-27,PhysicalTherapy,0,31.8,31.8,0,0,0,,,,27,0,0,No,,,2026,2026-06,Saturday,10,Morning (7-11),Activity Log
a1937,2026-06-28,Walk,10.084,139.93,140.9,33,4.32,7.56,49.3,912,23,40,6,0,No,,,2026,2026-06,Sunday,7,Morning (7-11),Activity Log
a1938,2026-06-29,PhysicalTherapy,0,47.13,47.13,0,0,0,,,,26,0,0,No,,,2026,2026-06,Monday,18,Evening (17-20),Activity Log
a1939,2026-06-30,Walk,3.556,50.12,55.38,21,4.26,7.56,49.9,346,8,24,1,0,No,,,2026,2026-06,Tuesday,10,Morning (7-11),Activity Log
a1940,2026-06-30,Walk,2.048,27,103.82,11,4.55,13.1,48.4,203,4,18,0,0,No,,,2026,2026-06,Tuesday,13,Midday (11-14),Activity Log
a1941,2026-07-01,PhysicalTherapy,0,63.37,63.37,0,0,0,,,,26,0,0,No,,,2026,2026-07,Wednesday,20,Night (20-4),Activity Log
a1942,2026-07-02,Walk,10.103,152.38,161.22,41,3.98,8.28,50,1202,30,33,10,0,No,,,2026,2026-07,Thursday,16,Afternoon (14-17),Activity Log
a1943,2026-07-03,Walk,10.1,134.38,135.62,39,4.51,7.31,51.1,1124,29,33,13,0,No,,,2026,2026-07,Friday,8,Morning (7-11),Activity Log
a1944,2026-07-04,Walk,1.149,21.9,32.13,44,3.15,9.72,48.7,222,6,25,2,0,No,,,2026,2026-07,Saturday,15,Afternoon (14-17),Activity Log
a1945,2026-07-05,TrailRun,8.016,105.12,228.83,607,4.58,13.32,52.9,3172,237,42,9,0,No,29090001,,2026,2026-07,Sunday,10,Morning (7-11),Activity Log
a1946,2026-07-06,PhysicalTherapy,0,33.58,33.58,0,0,0,,,,28,0,0,No,,,2026,2026-07,Monday,19,Evening (17-20),Activity Log
a1947,2026-07-07,Walk,10.133,134.28,135.12,28,4.53,7.2,50.8,1023,25,41,7,0,No,,,2026,2026-07,Tuesday,6,Early Morning (4-7),Activity Log
a1948,2026-07-08,Walk,10.561,140.57,140.97,30,4.51,7.56,51.5,1068,26,42,14,0,No,,,2026,2026-07,Wednesday,6,Early Morning (4-7),Activity Log
a1949,2026-07-09,Walk,10.231,142.93,143.6,31,4.29,7.56,50.1,965,24,40,5,0,No,,,2026,2026-07,Thursday,7,Morning (7-11),Activity Log
a1950,2026-07-10,Walk,10.152,131,133.1,35,4.65,9,51.8,1075,31,37,0,0,No,,,2026,2026-07,Friday,7,Morning (7-11),Activity Log
a1951,2026-07-11,TrailRun,12.193,274.08,316.15,368,2.67,8.86,48.2,2195,41,45,10,0,No,29090001,,2026,2026-07,Saturday,12,Midday (11-14),Activity Log
a1952,2026-07-12,TrailRun,21.117,453.33,469.18,879,2.79,12.97,49.4,5409,232,55,13,0,No,29090001,,2026,2026-07,Sunday,8,Morning (7-11),Activity Log
a1953,2026-07-13,Walk,10.114,137.72,139.05,33,4.41,8.28,49.7,1063,26,45,14,0,No,,,2026,2026-07,Monday,7,Morning (7-11),Activity Log
a1954,2026-07-14,Run,5.133,73.35,76.88,14,4.2,7.2,50,621,14,38,2,0,No,29089938,,2026,2026-07,Tuesday,17,Evening (17-20),Activity Log
a1955,2026-07-15,Run,6.061,84.08,85.65,12,4.32,7.56,49.9,528,13,43,0,0,No,29089938,,2026,2026-07,Wednesday,7,Morning (7-11),Activity Log
a1956,2026-07-16,PhysicalTherapy,0,31.45,31.45,0,0,0,,,,23,0,0,No,,,2026,2026-07,Thursday,23,Night (20-4),Activity Log
a1957,2026-07-17,TrailRun,13.504,228.13,231.8,509,3.55,11.88,48,1744,41,41,2,0,No,29090001,,2026,2026-07,Friday,9,Morning (7-11),Activity Log
a1958,2026-07-18,TrailRun,10.39,228.12,337.55,405,2.73,9.23,45.8,1775,42,39,7,0,No,29090001,,2026,2026-07,Saturday,9,Morning (7-11),Activity Log
a1959,2026-07-19,Run,6.063,102.53,102.73,59,3.55,25.2,47.6,612,14,29,2,1,No,29089938,,2026,2026-07,Sunday,18,Evening (17-20),Activity Log
a1960,2026-07-20,Run,5.452,82.37,87.7,69,3.97,7.92,47.3,621,14,39,8,0,No,29089938,,2026,2026-07,Monday,7,Morning (7-11),Activity Log
a1961,2026-07-21,Run,10.207,131.73,133.92,27,4.65,6.84,51.2,935,23,45,7,1,No,29089938,,2026,2026-07,Tuesday,6,Early Morning (4-7),Activity Log
a1962,2026-07-22,Run,6.107,83.12,86.98,6,4.41,7.92,49.7,555,13,40,6,0,No,29089938,,2026,2026-07,Wednesday,6,Early Morning (4-7),Activity Log
a1963,2026-07-23,Walk,10.048,130.05,130.05,45,4.64,10.8,51.5,964,28,32,5,0,No,,,2026,2026-07,Thursday,16,Afternoon (14-17),Activity Log
a1964,2026-07-24,Walk,7.446,102.33,105.9,8,4.37,8.28,50,666,16,17,0,0,No,,,2026,2026-07,Friday,18,Evening (17-20),Activity Log
a1965,2026-07-25,Walk,13.245,191.45,230.92,44,4.15,6.84,49.5,1771,38,32,0,0,No,,,2026,2026-07,Saturday,6,Early Morning (4-7),Activity Log
a1966,2026-07-26,Walk,10.057,138.17,143.3,27,4.37,7.56,49.6,892,22,54,0,0,No,,,2026,2026-07,Sunday,7,Morning (7-11),Activity Log
a1967,2026-07-26,Walk,6.055,89.65,89.95,2,4.05,6.48,48.9,561,14,35,0,0,No,,,2026,2026-07,Sunday,19,Evening (17-20),Activity Log
a1968,2026-07-27,Walk,9.009,117.53,161.3,40,4.6,26.28,51.6,1197,24,30,0,0,No,,,2026,2026-07,Monday,16,Afternoon (14-17),Activity Log
a1969,2026-07-28,Walk,10.051,133.3,135.57,55,4.52,8.28,51.5,999,24,33,4,0,No,,WithPet,2026,2026-07,Tuesday,16,Afternoon (14-17),Activity Log
a1970,2026-07-29,PhysicalTherapy,0,31.53,31.53,0,0,0,,,,19,0,0,No,,,2026,2026-07,Wednesday,19,Evening (17-20),Activity Log
a1971,2026-07-30,Walk,5.367,84,86.23,19,3.83,6.48,49.1,586,14,34,1,0,No,,,2026,2026-07,Thursday,16,Afternoon (14-17),Activity Log
a1972,2026-07-31,Walk,10.033,128.42,133.88,37,4.69,6.84,52.1,1014,24,31,13,0,No,,,2026,2026-07,Friday,16,Afternoon (14-17),Activity Log
a1973,2026-08-01,Run,6.397,93.38,95.95,15,4.11,7.92,48.3,558,14,47,8,0,No,29089938,,2026,2026-08,Saturday,8,Morning (7-11),Activity Log
a1974,2026-08-02,Run,10.664,141.93,160.85,34,4.51,8.28,50.5,1238,28,42,14,0,No,29089938,WithPet,2026,2026-08,Sunday,16,Afternoon (14-17),Activity Log
a1975,2026-08-03,Run,11.015,140.12,145.78,28,4.72,7.56,52.6,1058,25,50,8,2,No,29089938,,2026,2026-08,Monday,6,Early Morning (4-7),Activity Log
a1976,2026-08-04,Run,11.008,144.23,149.37,26,4.58,8.28,51.7,981,24,46,7,0,No,29089938,,2026,2026-08,Tuesday,6,Early Morning (4-7),Activity Log
a1977,2026-08-05,WeightTraining,0,78.17,78.17,0,0,0,,331,8,26,7,0,Yes,,,2026,2026-08,Wednesday,18,Evening (17-20),Activity Log
a1978,2026-08-06,Run,5.088,30.83,31.93,0,9.9,10.8,80.2,265,7,19,2,0,Yes,29089938,,2026,2026-08,Thursday,22,Night (20-4),Activity Log
a1979,2026-08-07,PhysicalTherapy,0,30.75,30.75,0,0,0,,,,13,0,0,No,,,2026,2026-08,Friday,23,Night (20-4),Activity Log
a1980,2026-08-08,Walk,3.832,83.25,99.6,50,2.76,11.16,52.1,636,14,31,3,0,No,,,2026,2026-08,Saturday,16,Afternoon (14-17),Activity Log
a1981,2026-08-09,PhysicalTherapy,0,31.95,31.95,0,0,0,,,,24,0,0,No,,,2026,2026-08,Sunday,21,Night (20-4),Activity Log
a1982,2026-08-10,PhysicalTherapy,0,30.95,30.95,0,0,0,,,,21,0,0,No,,,2026,2026-08,Monday,22,Night (20-4),Activity Log
a1983,2026-08-11,Run,5.074,29.75,30.05,0,10.23,15.12,81.7,292,7,20,6,0,Yes,29089938,,2026,2026-08,Tuesday,23,Night (20-4),Activity Log
a1984,2026-08-12,Walk,5.01,68.17,68.17,18,4.41,6.48,50.5,513,12,27,5,1,No,,,2026,2026-08,Wednesday,18,Evening (17-20),Activity Log
a1985,2026-08-13,PhysicalTherapy,0,31.02,31.02,0,0,0,,,,21,0,0,No,,,2026,2026-08,Thursday,23,Night (20-4),Activity Log
a1986,2026-08-14,Run,5.052,30.88,31.05,0,9.82,10.8,79.9,290,7,21,12,0,Yes,29089938,,2026,2026-08,Friday,23,Night (20-4),Activity Log
a1987,2026-08-15,Walk,5.044,76.37,76.63,21,3.96,9.36,47.5,493,12,31,8,0,No,,,2026,2026-08,Saturday,18,Evening (17-20),Activity Log
a1988,2026-08-16,PhysicalTherapy,0,31.32,31.32,0,0,0,,,,25,0,0,No,,,2026,2026-08,Sunday,19,Evening (17-20),Activity Log
a1989,2026-08-17,Walk,5.015,75.37,75.37,27,3.99,6.12,47.5,568,14,26,12,0,No,,,2026,2026-08,Monday,11,Midday (11-14),Activity Log
a1990,2026-08-18,Walk,5.032,76.6,77.17,15,3.94,6.12,47.5,569,14,28,19,0,No,,,2026,2026-08,Tuesday,16,Afternoon (14-17),Activity Log
a1991,2026-08-19,Run,6.099,36.53,36.75,0,10.02,10.8,80.6,341,9,15,5,0,Yes,29089938,,2026,2026-08,Wednesday,23,Night (20-4),Activity Log
a1992,2026-08-20,Walk,5.021,77.1,77.37,18,3.91,7.56,47.8,582,14,30,1,0,No,,,2026,2026-08,Thursday,17,Evening (17-20),Activity Log
a1993,2026-08-21,GravelRide,9.018,36.87,225.52,75,14.68,72.72,,1781,7,21,13,4,No,,,2026,2026-08,Friday,15,Afternoon (14-17),Activity Log
a1994,2026-08-22,Run,22.062,300.95,324.73,171,4.4,25.56,51,2839,67,37,14,0,No,29089938,,2026,2026-08,Saturday,6,Early Morning (4-7),Activity Log
a1995,2026-08-23,Walk,5.26,77.15,77.88,42,4.09,8.28,49.4,611,15,26,2,0,No,,,2026,2026-08,Sunday,19,Evening (17-20),Activity Log
a1996,2026-08-24,PhysicalTherapy,0,31.48,31.48,0,0,0,,,,25,0,0,No,,,2026,2026-08,Monday,20,Night (20-4),Activity Log
a1997,2026-08-25,PhysicalTherapy,0,33.47,33.47,0,0,0,,,,17,0,0,No,,,2026,2026-08,Tuesday,21,Night (20-4),Activity Log
a1998,2026-08-26,Run,10.154,126.67,128.67,23,4.81,7.56,52,989,24,29,14,3,No,29089938,,2026,2026-08,Wednesday,6,Early Morning (4-7),Activity Log
a1999,2026-08-27,Walk,10.38,135.92,139.65,31,4.58,7.2,50.8,953,23,36,4,0,No,,,2026,2026-08,Thursday,7,Morning (7-11),Activity Log
a2000,2026-08-28,Walk,10.306,131.32,132.65,31,4.71,6.84,52.2,1103,27,22,1,0,No,,,2026,2026-08,Friday,16,Afternoon (14-17),Activity Log
